Workbook

Sheet PORTADA_VISTOSA
A1: REGISTRODOC MULTIGRADO
A2: PORTADA ACADEMICA
A3: Control de notas y asistencia
B7: INFORMACION INSTITUCIONAL
B9: Escuela | C9: Escuela Cerro Cacicon
B10: Docente | C10: Elmer Tugri
B11: Ano lectivo | C11: 2026
B12: Grados | C12: 7°, 8° y 9°
B13: Materias | C13: Ingles, Agropecuaria, Comercio, Hogar y Desarrollo, Artistica
B18: HOJAS CLAVE DEL LIBRO
B20: MAESTRO | C20: Lista base de estudiantes por grado
B21: DASHBOARD | C21: Resumen visual con graficas
B22: Asistencia 7/8/9 | C22: Registro directo por hoja de grado
B23: PROM y PLANILLAS | C23: Calificaciones por materia y grado

Sheet Caratula
A15: Registro de Asistencia
A16: y Evaluación
A17: para Docentes de Centros
A18: Educativos Oficiales
Q23: Prof. Elmer Tugri
Q24: Instructor Vocacional Pre-Media
Q25: Grupo:

Sheet Portada
A4: REGISTRO DE ASISTENCIA Y EVALUACIÓN
A5: PARA PROFESORES DE LOS CENTROS
A6: EDUCATIVOS OFICIALES
A8: Año lectivo: | P8: 2026
A10: Grado:
A12: Área Curricular: | O12: PREMEDIA MULTIGRADO
A14: Nombre del Docente: | P14: Elmer Tugri
A16: N° de Cédula: | H16: 4-785-823 | V16: N° S. S. | AI16: N° de Pos.:
A18: Condición de Nombramiento: | U18: Instructor Vocacional
A20: Jornada: | H20: Matutina | X20: Asignatura: | AD20: Tecnología - Expresiones Artísticas - Ingles
A22: Nombre del Director(ar): | S22: Mardel Camarena
A24: Nombre del Subdirector(ar): | T24: Jairo Marciaga
A26: Nombre del Coordinador:
A28: Centro Educativo: | Q28: Escuela Cerro Cacicon
A30: Teléfono: | F30: 64185780 | U30: Correo Electrónico: | AF30: elmer.tugri7@meduca.edu.pa
A32: Regional: | M32: Comarca Ngabe Bugle
A34: Distrito de: | L34: MÜNA
A36: Corregimiento de: | Q36: MARACA
A38: Zona Escolar: | O38: 31

Sheet Horarios
I2: Profesor: | O2: Elmer Tugri
C4: Jornada: | H4: MATUTINA
C6: Asignatura: | I6: Tecnología (7° a 9°) - Expresiones Artísticas (9°) - Ingles (7° a 9°)
C8: Grados:
D10: PERIODO | J10: HORAS | O10: LUNES | P10: MARTES | Q10: MIERCOLES | R10: JUEVES | S10: VIERNES
D11: I | J11: 8:00 -8:35 | O11: ACTO CIVO | P11: TECNOLOGIA 9° | Q11: TECNOLOGIA 9°
D12: II | J12: 8:35 - 9:10 | O12: TECNOLOGIA 7° | P12: INGLES 9° | Q12: INGLES 8°
D13: III | J13: 9:10 - 9:45 | R13: INGLES 7°
D14: IV | J14: 9:45 - 10:20 | O14: TECNOLOGIA 8° | Q14: INGLES 7° | S14: Artística 9°
D15: RECESO ACADÉMICO
D16: V | J16: 10:40 - 11:15 | O16: TECNOLOGIA 8° | Q16: INGLES 7° | R16: Artística 9° | S16: Artística 9°
D17: VI | J17: 11:15 - 11:50 | O17: INGLES 8° | Q17: TECNOLOGIA 8° | S17: TECNOLOGIA 9°
D18: VII | J18: 11:50 - 12:25 | P18: TECNOLOGIA 7° | R18: INGLES 9° | S18: PROYECTOS
D19: VIII | J19: 12:25 - 1:00 | Q19: TECNOLOGIA 9°

Sheet Guía del Registro
A1: GUÍA PARA EL CORRECTO MANEJO DEL REGISTRO ESCOLAR | C1: . Debe anotarse toda la información relacionada con el nombre y apellido.
C2: . En caso de retiros, no se debe tachar el nombre, sino hacer la correspondiente anotación en el espacio previsto para ello al final de cada grupo.
A3: La libreta de Registro Escolar es propiedad del Estado. Sin embargo, la docente y el docente la utilizan durante el periodo lectivo para llevar un control de las actividades que realiza con sus estudiantes. Este documento recoge toda la información sobre la asistencia, rendimiento académico, comportamiento, etc., de los estudiantes.
C5: . En la sección para observaciones, debe aparecer el nombre de la profesora o del profesor consejero así como el grupo de consejería a que pertenece la estudiante o el estudiante.
C7: SIMBOLOGÍA RECOMENDADA
C9: El registro o control de la asistencia tiene una trascendental importancia con los diferentes aspectos que debe manejar el docente para dar respuesta a las solicitudes que se formulen en torno a sus estudiantes. El profesor y la profesora deberán:
A10: Para asegurar el correcto reistro, tanto de la asistencia como las calificaciones, el docente debe guiarse por el nombre del estudiante como por el número de casilla que le corresponde.
A15: Al finalizar el año lectivo, todos los docentes deben devolver el Registro Escolar a la Dirección del Plantel. | C15: 1. Registrar la asistencia diariamente, anotando la fecha correspondiente (día: número arábigo; mes: número arabigo). Utilizar la siguiente simbología:
A18: Esperamos que los señalamientos aquí presentados sean considerados por los docentes quienes oportunamente deberán presentar opiniones o nuevas ideas relacionadas con el manejo del Registro Escolar. | C18: a. Asistencia: un punto (.)
C19: b. Ausencia: una raya horizontal (-)
C20: c. Ausencia justificada (excusa): la letra mayúscula €
C21: d. Tardanza: La letra mayúscula (T)
C22: e. Fuga: la letra (F)
A23: PRESENTACIÓN | C23: f. Sin nota: las letras (S/N)
C24: g. Sin profesor: las letras (S/P)
A25: El Registro Escolar refleja la personalidad de la docente o del docente, por lo tanto, se debe tener especial cuidado con su aspecto físico. | C25: h. Alumno retirado: La letra (R) mayúscula.
C27: CONSIDERACIONES FINALES
A29: En cuanto a su presentación se tendrá en cuenta lo siguiente:
C30: El registro de notas o calificaciones es importante por su trascendencia en la determinación cuantitativa y cualitativa del aprovechamiento escolar. Por eso debemos:
A32: 1. Debe estar forrado con sobriedad; si es posible, encuadernado o empastado.
A34: 2. La información se anotará con tinta sin exagerar el uso de los colores.
C35: . Utilizar la escala numérica de 1 a 5 (incluye decimales con números arábigos).
A36: 3. Al escribir en él puede usar la letra de imprenta o cursiva legible.
C37: . Recordar que el cero (0) no existe dentro de esta escala.
A38: 4. Debe conservarse en forma nítida, sin manchas, sin borrones y sin tachaduras.
C39: . No utilizar ganchos, equis ni otros símbolos.
A40: 5. La libreta no debe contener información ajena a sus propósitos. | C40: . Registrar las notas con tinta, sin borrones ni tachaduras. Evitar escribir un número sobre otro.
C42: . Se debe registrar según la carga horaria, un mínimo de pruebas y actividades.
A43: CONFECCIÓN DEL LISTADO DE LAS ESTUDIANTES Y LOS ESTUDIANTES.
C44: . Debemos recordar que el trabajo en la libreta debe ser exacto, completo, claro y legible.
A46: . El listado debe hacerse por apellidos, en orden alfabético, sin distinción de género.
A47: Según el Resuelto No.1840 de 1 de noviembre de 2000.

Sheet Observaciones
A4: OBSERVACIONES

Sheet MAESTRO
A1: HOJA MAESTRO — ESCUELA CERRO CACICÓN · AÑO LECTIVO 2026
A2: Ingresa aquí los nombres de cada grado. Se copiarán automáticamente a TODAS las hojas.
A3: 7° GRADO | C3: 8° GRADO | E3: 9° GRADO
A4: No. | B4: APELLIDO, NOMBRE | C4: No. | D4: APELLIDO, NOMBRE | E4: No. | F4: APELLIDO, NOMBRE
A5: 1 | B5: Abrigo Yuleika | C5: 1 | D5: Bejerano Yeika | E5: 1 | F5: Abrego Yosselih
A6: 2 | B6: Bejerano Yohana | C6: 2 | D6: Camarena Khathia | E6: 2 | F6: Abrigo Sheldry
A7: 3 | B7: Cedeño Carol | C7: 3 | D7: Case Yarixell | E7: 3 | F7: Caballero Edimael
A8: 4 | B8: Gallardo Ivan | C8: 4 | D8: Gallardo Alvaro | E8: 4 | F8: Carrera Meliza
A9: 5 | B9: Gallardo Maritzenia | C9: 5 | D9: Gallardo Cornelio | E9: 5 | F9: Case Noriel
A10: 6 | B10: Guerra Maria | C10: 6 | D10: Gallardo Doritza | E10: 6 | F10: Cire Marina
A11: 7 | B11: Guerra Yanelis | C11: 7 | D11: Gallardo Henry | E11: 7 | F11: Cire Saul
A12: 8 | B12: Javilla Manuel | C12: 8 | D12: Gallardo Yaquelin | E12: 8 | F12: Fuentes Isabela
A13: 9 | B13: Jiménez Hernan | C13: 9 | D13: Jimenez Abner | E13: 9 | F13: Garcia Kimberly
A14: 10 | B14: Montero Rebeca | C14: 10 | D14: Jimenez Jancarlo | E14: 10 | F14: Guerra Yeni
A15: 11 | B15: Pinto Arasely | C15: 11 | D15: Mariano Herenia | E15: 11 | F15: Jimenez Orlando
A16: 12 | B16: Pinto Elodia | C16: 12 | D16: Montezuma Edison | E16: 12 | F16: Jimenez YanCarlos
... A29: 25 | B29: Zurdo Luz Dairis | C29: 25 | D29: Santo Roxana | E29: 25 | F29: Santo Yuliana
A30: 26 | C30: 26 | D30: Santo Yuliana | E30: 26 | F30: Santos Camila
A31: 27 | C31: 27 | D31: Santo Zaira | E31: 27 | F31: Santos Daylin
A32: 28 | C32: 28 | D32: Santos Dalila | E32: 28 | F32: Santos Diomedes
A33: 29 | C33: 29 | D33: Santos Ermenegildo | E33: 29 | F33: Santos Elvin
A34: 30 | C34: 30 | D34: Santos Kerlyn | E34: 30 | F34: Santos Evelyn
A35: 31 | C35: 31 | D35: Santos Yosenith | E35: 31 | F35: Santos Fidel
A36: 32 | C36: 32 | E36: 32 | F36: Santos Henry
A37: 33 | C37: 33 | E37: 33 | F37: Santos Metdy
A38: 34 | C38: 34 | E38: 34 | F38: Santos Mitzila
A39: 35 | C39: 35 | E39: 35 | F39: Santos Omar
A40: 36 | C40: 36 | E40: 36 | F40: Watson Edgar
A41: 37 | C41: 37 | E41: 37
A42: 38 | C42: 38 | E42: 38
A43: 39 | C43: 39 | E43: 39
A44: 40 | C44: 40 | E44: 40
A46: ⚠ IMPORTANTE: Solo edita esta hoja para nombres. Todas las demás hojas se actualizan automáticamente.

Sheet DASHBOARD
A1: DASHBOARD ACADEMICO
A5: Indicador | B5: Valor | D5: Grado | E5: Riesgo Academico | G5: Grado | H5: Riesgo Inasistencia
A6: Total estudiantes 7° | B6: =IFERROR(COUNTA(MAESTRO!B5:B44),0) | D6: 7° | E6: =IFERROR(MAX(COUNTIF('PROM (Ingles 7°)'!AE5:AE44,"<3"),COUNTIF('PROM (Agropecuaria 7°)'!AE5:AE44,"<3"),COUNTIF('PROM (Hogar y Desarrollo 7°)'!AE5:AE44,"<3")),"") | G6: 7° | H6: =IFERROR(SUMPRODUCT(('Asistencia (7°)'!C3:BH42="-")*1)+SUMPRODUCT(('Asistencia (7°)'!C46:BH85="-")*1)+SUMPRODUCT(('Asistencia (7°)'!C89:BH128="-")*1),"")
A7: Total estudiantes 8° | B7: =IFERROR(COUNTA(MAESTRO!D5:D44),0) | D7: 8° | E7: =IFERROR(MAX(COUNTIF('PROM (Ingles 8°)'!AE5:AE44,"<3"),COUNTIF('PROM (Agropecuaria 8°)'!AF5:AF44,"<3"),COUNTIF('PROM (Comercio 8°)'!AE5:AE44,"<3")),"") | G7: 8° | H7: =IFERROR(SUMPRODUCT(('Asistencia (8°)'!C3:BH42="-")*1)+SUMPRODUCT(('Asistencia (8°)'!C46:BH85="-")*1)+SUMPRODUCT(('Asistencia (8°)'!C89:BH128="-")*1),"")
A8: Total estudiantes 9° | B8: =IFERROR(COUNTA(MAESTRO!F5:F44),0) | D8: 9° | E8: =IFERROR(MAX(COUNTIF('PROM (Ingles 9°)'!AE5:AE44,"<3"),COUNTIF('PROM (Agropecuaria 9°)'!AE5:AE44,"<3"),COUNTIF('PROM (Comercio 9°)'!AE5:AE44,"<3"),COUNTIF('PROM (Artistica 9°)'!AE5:AE44,"<3")),"") | G8: 9° | H8: =IFERROR(SUMPRODUCT(('Asistencia (9°)'!C3:BH42="-")*1)+SUMPRODUCT(('Asistencia (9°)'!C46:BH85="-")*1)+SUMPRODUCT(('Asistencia (9°)'!C89:BH128="-")*1),"")
A9: Total general | B9: =SUM(B6:B8)
A12: Prioridad | B12: Descripcion
A13: Atencion academica | B13: =IF(MAX(E6:E8)>0,"Reforzar grado "&IFERROR(INDEX(D6:D8,MATCH(MAX(E6:E8),E6:E8,0)),"")&" ("&MAX(E6:E8)&" estudiantes bajo 3.0)","✓ Sin alertas académicas")
A14: Atencion asistencia | B14: =IF(MAX(H6:H8)>0,"Revisar ausencias en grado "&IFERROR(INDEX(G6:G8,MATCH(MAX(H6:H8),H6:H8,0)),"")&" ("&MAX(H6:H8)&" ausencias)","✓ Sin alertas de asistencia")
A51: 7° | B51: =IF(MAESTRO!B39="","",IFERROR(RESUMEN_7°!A38,"")) | C51: =IF(MAESTRO!B39="","",IFERROR(RESUMEN_7°!B38,"")) | D51: =IF(RESUMEN_7°!B39="","",IFERROR(RESUMEN_7°!F39,"")) | E51: =IF(RESUMEN_7°!B39="","",IFERROR(RESUMEN_7°!R39,"")) | F51: =IF(RESUMEN_7°!B39="","",IFERROR('Asistencia (7°)'!BI37+'Asistencia (7°)'!BI80+'Asistencia (7°)'!BI123,"")) | G51: =IF(AND(RESUMEN_7°!B38=""),"",IF(OR(IFERROR(RESUMEN_7°!F38,0)<3,IFERROR(RESUMEN_7°!R38,0)<3),"⚠ REVISAR","OK"))
A52: 7° | B52: =IF(MAESTRO!B40="","",IFERROR(RESUMEN_7°!A39,"")) | C52: =IF(MAESTRO!B40="","",IFERROR(RESUMEN_7°!B39,"")) | D52: =IF(RESUMEN_7°!B40="","",IFERROR(RESUMEN_7°!F40,"")) | E52: =IF(RESUMEN_7°!B40="","",IFERROR(RESUMEN_7°!R40,"")) | F52: =IF(RESUMEN_7°!B40="","",IFERROR('Asistencia (7°)'!BI38+'Asistencia (7°)'!BI81+'Asistencia (7°)'!BI124,"")) | G52: =IF(AND(RESUMEN_7°!B39=""),"",IF(OR(IFERROR(RESUMEN_7°!F39,0)<3,IFERROR(RESUMEN_7°!R39,0)<3),"⚠ REVISAR","OK"))
A53: 7° | B53: =IF(MAESTRO!B41="","",IFERROR(RESUMEN_7°!A40,"")) | C53: =IF(MAESTRO!B41="","",IFERROR(RESUMEN_7°!B40,"")) | D53: =IF(RESUMEN_7°!B41="","",IFERROR(RESUMEN_7°!F41,"")) | E53: =IF(RESUMEN_7°!B41="","",IFERROR(RESUMEN_7°!R41,"")) | F53: =IF(RESUMEN_7°!B41="","",IFERROR('Asistencia (7°)'!BI39+'Asistencia (7°)'!BI82+'Asistencia (7°)'!BI125,"")) | G53: =IF(AND(RESUMEN_7°!B40=""),"",IF(OR(IFERROR(RESUMEN_7°!F40,0)<3,IFERROR(RESUMEN_7°!R40,0)<3),"⚠ REVISAR","OK"))
A54: 7° | B54: =IF(MAESTRO!B42="","",IFERROR(RESUMEN_7°!A41,"")) | C54: =IF(MAESTRO!B42="","",IFERROR(RESUMEN_7°!B41,"")) | D54: =IF(RESUMEN_7°!B42="","",IFERROR(RESUMEN_7°!F42,"")) | E54: =IF(RESUMEN_7°!B42="","",IFERROR(RESUMEN_7°!R42,"")) | F54: =IF(RESUMEN_7°!B42="","",IFERROR('Asistencia (7°)'!BI40+'Asistencia (7°)'!BI83+'Asistencia (7°)'!BI126,"")) | G54: =IF(AND(RESUMEN_7°!B41=""),"",IF(OR(IFERROR(RESUMEN_7°!F41,0)<3,IFERROR(RESUMEN_7°!R41,0)<3),"⚠ REVISAR","OK"))
A55: 7° | B55: =IF(MAESTRO!B43="","",IFERROR(RESUMEN_7°!A42,"")) | C55: =IF(MAESTRO!B43="","",IFERROR(RESUMEN_7°!B42,"")) | D55: =IF(RESUMEN_7°!B43="","",IFERROR(RESUMEN_7°!F43,"")) | E55: =IF(RESUMEN_7°!B43="","",IFERROR(RESUMEN_7°!R43,"")) | F55: =IF(RESUMEN_7°!B43="","",IFERROR('Asistencia (7°)'!BI41+'Asistencia (7°)'!BI84+'Asistencia (7°)'!BI127,"")) | G55: =IF(AND(RESUMEN_7°!B42=""),"",IF(OR(IFERROR(RESUMEN_7°!F42,0)<3,IFERROR(RESUMEN_7°!R42,0)<3),"⚠ REVISAR","OK"))
A56: 7° | B56: =IF(MAESTRO!B44="","",IFERROR(RESUMEN_7°!A43,"")) | C56: =IF(MAESTRO!B44="","",IFERROR(RESUMEN_7°!B43,"")) | D56: =IF(RESUMEN_7°!B44="","",IFERROR(RESUMEN_7°!F44,"")) | E56: =IF(RESUMEN_7°!B44="","",IFERROR(RESUMEN_7°!R44,"")) | F56: =IF(RESUMEN_7°!B44="","",IFERROR('Asistencia (7°)'!BI42+'Asistencia (7°)'!BI85+'Asistencia (7°)'!BI128,"")) | G56: =IF(AND(RESUMEN_7°!B43=""),"",IF(OR(IFERROR(RESUMEN_7°!F43,0)<3,IFERROR(RESUMEN_7°!R43,0)<3),"⚠ REVISAR","OK"))
A57: 7° | B57: =RESUMEN_7°!A44 | C57: =RESUMEN_7°!B44 | D57: =IF(C57="","",IFERROR(RESUMEN_7°!F44,"")) | E57: =IF(C57="","",IFERROR(RESUMEN_7°!R44,"")) | F57: =IF(C57="","",IFERROR('Asistencia (7°)'!BI42,"")) | G57: =IF(AND(RESUMEN_7°!B44=""),"",IF(OR(IFERROR(RESUMEN_7°!F44,0)<3,IFERROR(RESUMEN_7°!R44,0)<3),"⚠ REVISAR","OK"))
A58: 8° | B58: =IF(MAESTRO!D5="","",IFERROR(RESUMEN_8°!A5,"")) | C58: =IF(MAESTRO!D5="","",IFERROR(RESUMEN_8°!B5,"")) | D58: =IF(RESUMEN_8°!B5="","",IFERROR(RESUMEN_8°!F5,"")) | E58: =IF(RESUMEN_8°!B5="","",IFERROR(RESUMEN_8°!R5,"")) | F58: =IF(RESUMEN_8°!B5="","",IFERROR('Asistencia (8°)'!BI3+'Asistencia (8°)'!BI46+'Asistencia (8°)'!BI89,"")) | G58: =IF(AND(RESUMEN_8°!B5=""),"",IF(OR(IFERROR(RESUMEN_8°!F5,0)<3,IFERROR(RESUMEN_8°!R5,0)<3),"⚠ REVISAR","OK"))
A59: 8° | B59: =IF(MAESTRO!D6="","",IFERROR(RESUMEN_8°!A6,"")) | C59: =IF(MAESTRO!D6="","",IFERROR(RESUMEN_8°!B6,"")) | D59: =IF(RESUMEN_8°!B6="","",IFERROR(RESUMEN_8°!F6,"")) | E59: =IF(RESUMEN_8°!B6="","",IFERROR(RESUMEN_8°!R6,"")) | F59: =IF(RESUMEN_8°!B6="","",IFERROR('Asistencia (8°)'!BI4+'Asistencia (8°)'!BI47+'Asistencia (8°)'!BI90,"")) | G59: =IF(AND(RESUMEN_8°!B6=""),"",IF(OR(IFERROR(RESUMEN_8°!F6,0)<3,IFERROR(RESUMEN_8°!R6,0)<3),"⚠ REVISAR","OK"))
A60: 8° | B60: =IF(MAESTRO!D7="","",IFERROR(RESUMEN_8°!A7,"")) | C60: =IF(MAESTRO!D7="","",IFERROR(RESUMEN_8°!B7,"")) | D60: =IF(RESUMEN_8°!B7="","",IFERROR(RESUMEN_8°!F7,"")) | E60: =IF(RESUMEN_8°!B7="","",IFERROR(RESUMEN_8°!R7,"")) | F60: =IF(RESUMEN_8°!B7="","",IFERROR('Asistencia (8°)'!BI5+'Asistencia (8°)'!BI48+'Asistencia (8°)'!BI91,"")) | G60: =IF(AND(RESUMEN_8°!B7=""),"",IF(OR(IFERROR(RESUMEN_8°!F7,0)<3,IFERROR(RESUMEN_8°!R7,0)<3),"⚠ REVISAR","OK"))
A61: 8° | B61: =IF(MAESTRO!D8="","",IFERROR(RESUMEN_8°!A8,"")) | C61: =IF(MAESTRO!D8="","",IFERROR(RESUMEN_8°!B8,"")) | D61: =IF(RESUMEN_8°!B8="","",IFERROR(RESUMEN_8°!F8,"")) | E61: =IF(RESUMEN_8°!B8="","",IFERROR(RESUMEN_8°!R8,"")) | F61: =IF(RESUMEN_8°!B8="","",IFERROR('Asistencia (8°)'!BI6+'Asistencia (8°)'!BI49+'Asistencia (8°)'!BI92,"")) | G61: =IF(AND(RESUMEN_8°!B8=""),"",IF(OR(IFERROR(RESUMEN_8°!F8,0)<3,IFERROR(RESUMEN_8°!R8,0)<3),"⚠ REVISAR","OK"))
A62: 8° | B62: =IF(MAESTRO!D9="","",IFERROR(RESUMEN_8°!A9,"")) | C62: =IF(MAESTRO!D9="","",IFERROR(RESUMEN_8°!B9,"")) | D62: =IF(RESUMEN_8°!B9="","",IFERROR(RESUMEN_8°!F9,"")) | E62: =IF(RESUMEN_8°!B9="","",IFERROR(RESUMEN_8°!R9,"")) | F62: =IF(RESUMEN_8°!B9="","",IFERROR('Asistencia (8°)'!BI7+'Asistencia (8°)'!BI50+'Asistencia (8°)'!BI93,"")) | G62: =IF(AND(RESUMEN_8°!B9=""),"",IF(OR(IFERROR(RESUMEN_8°!F9,0)<3,IFERROR(RESUMEN_8°!R9,0)<3),"⚠ REVISAR","OK"))
A63: 8° | B63: =IF(MAESTRO!D10="","",IFERROR(RESUMEN_8°!A10,"")) | C63: =IF(MAESTRO!D10="","",IFERROR(RESUMEN_8°!B10,"")) | D63: =IF(RESUMEN_8°!B10="","",IFERROR(RESUMEN_8°!F10,"")) | E63: =IF(RESUMEN_8°!B10="","",IFERROR(RESUMEN_8°!R10,"")) | F63: =IF(RESUMEN_8°!B10="","",IFERROR('Asistencia (8°)'!BI8+'Asistencia (8°)'!BI51+'Asistencia (8°)'!BI94,"")) | G63: =IF(AND(RESUMEN_8°!B10=""),"",IF(OR(IFERROR(RESUMEN_8°!F10,0)<3,IFERROR(RESUMEN_8°!R10,0)<3),"⚠ REVISAR","OK"))
A64: 8° | B64: =IF(MAESTRO!D11="","",IFERROR(RESUMEN_8°!A11,"")) | C64: =IF(MAESTRO!D11="","",IFERROR(RESUMEN_8°!B11,"")) | D64: =IF(RESUMEN_8°!B11="","",IFERROR(RESUMEN_8°!F11,"")) | E64: =IF(RESUMEN_8°!B11="","",IFERROR(RESUMEN_8°!R11,"")) | F64: =IF(RESUMEN_8°!B11="","",IFERROR('Asistencia (8°)'!BI9+'Asistencia (8°)'!BI52+'Asistencia (8°)'!BI95,"")) | G64: =IF(AND(RESUMEN_8°!B11=""),"",IF(OR(IFERROR(RESUMEN_8°!F11,0)<3,IFERROR(RESUMEN_8°!R11,0)<3),"⚠ REVISAR","OK"))
A65: 8° | B65: =IF(MAESTRO!D12="","",IFERROR(RESUMEN_8°!A12,"")) | C65: =IF(MAESTRO!D12="","",IFERROR(RESUMEN_8°!B12,"")) | D65: =IF(RESUMEN_8°!B12="","",IFERROR(RESUMEN_8°!F12,"")) | E65: =IF(RESUMEN_8°!B12="","",IFERROR(RESUMEN_8°!R12,"")) | F65: =IF(RESUMEN_8°!B12="","",IFERROR('Asistencia (8°)'!BI10+'Asistencia (8°)'!BI53+'Asistencia (8°)'!BI96,"")) | G65: =IF(AND(RESUMEN_8°!B12=""),"",IF(OR(IFERROR(RESUMEN_8°!F12,0)<3,IFERROR(RESUMEN_8°!R12,0)<3),"⚠ REVISAR","OK"))
A66: 8° | B66: =IF(MAESTRO!D13="","",IFERROR(RESUMEN_8°!A13,"")) | C66: =IF(MAESTRO!D13="","",IFERROR(RESUMEN_8°!B13,"")) | D66: =IF(RESUMEN_8°!B13="","",IFERROR(RESUMEN_8°!F13,"")) | E66: =IF(RESUMEN_8°!B13="","",IFERROR(RESUMEN_8°!R13,"")) | F66: =IF(RESUMEN_8°!B13="","",IFERROR('Asistencia (8°)'!BI11+'Asistencia (8°)'!BI54+'Asistencia (8°)'!BI97,"")) | G66: =IF(AND(RESUMEN_8°!B13=""),"",IF(OR(IFERROR(RESUMEN_8°!F13,0)<3,IFERROR(RESUMEN_8°!R13,0)<3),"⚠ REVISAR","OK"))
A67: 8° | B67: =IF(MAESTRO!D14="","",IFERROR(RESUMEN_8°!A14,"")) | C67: =IF(MAESTRO!D14="","",IFERROR(RESUMEN_8°!B14,"")) | D67: =IF(RESUMEN_8°!B14="","",IFERROR(RESUMEN_8°!F14,"")) | E67: =IF(RESUMEN_8°!B14="","",IFERROR(RESUMEN_8°!R14,"")) | F67: =IF(RESUMEN_8°!B14="","",IFERROR('Asistencia (8°)'!BI12+'Asistencia (8°)'!BI55+'Asistencia (8°)'!BI98,"")) | G67: =IF(AND(RESUMEN_8°!B14=""),"",IF(OR(IFERROR(RESUMEN_8°!F14,0)<3,IFERROR(RESUMEN_8°!R14,0)<3),"⚠ REVISAR","OK"))
A68: 8° | B68: =IF(MAESTRO!D15="","",IFERROR(RESUMEN_8°!A15,"")) | C68: =IF(MAESTRO!D15="","",IFERROR(RESUMEN_8°!B15,"")) | D68: =IF(RESUMEN_8°!B15="","",IFERROR(RESUMEN_8°!F15,"")) | E68: =IF(RESUMEN_8°!B15="","",IFERROR(RESUMEN_8°!R15,"")) | F68: =IF(RESUMEN_8°!B15="","",IFERROR('Asistencia (8°)'!BI13+'Asistencia (8°)'!BI56+'Asistencia (8°)'!BI99,"")) | G68: =IF(AND(RESUMEN_8°!B15=""),"",IF(OR(IFERROR(RESUMEN_8°!F15,0)<3,IFERROR(RESUMEN_8°!R15,0)<3),"⚠ REVISAR","OK"))
A69: 8° | B69: =IF(MAESTRO!D16="","",IFERROR(RESUMEN_8°!A16,"")) | C69: =IF(MAESTRO!D16="","",IFERROR(RESUMEN_8°!B16,"")) | D69: =IF(RESUMEN_8°!B16="","",IFERROR(RESUMEN_8°!F16,"")) | E69: =IF(RESUMEN_8°!B16="","",IFERROR(RESUMEN_8°!R16,"")) | F69: =IF(RESUMEN_8°!B16="","",IFERROR('Asistencia (8°)'!BI14+'Asistencia (8°)'!BI57+'Asistencia (8°)'!BI100,"")) | G69: =IF(AND(RESUMEN_8°!B16=""),"",IF(OR(IFERROR(RESUMEN_8°!F16,0)<3,IFERROR(RESUMEN_8°!R16,0)<3),"⚠ REVISAR","OK"))
... A97: 8° | B97: =IF(MAESTRO!D44="","",IFERROR(RESUMEN_8°!A44,"")) | C97: =IF(MAESTRO!D44="","",IFERROR(RESUMEN_8°!B44,"")) | D97: =IF(RESUMEN_8°!B44="","",IFERROR(RESUMEN_8°!F44,"")) | E97: =IF(RESUMEN_8°!B44="","",IFERROR(RESUMEN_8°!R44,"")) | F97: =IF(RESUMEN_8°!B44="","",IFERROR('Asistencia (8°)'!BI42+'Asistencia (8°)'!BI85+'Asistencia (8°)'!BI128,"")) | G97: =IF(AND(RESUMEN_8°!B44=""),"",IF(OR(IFERROR(RESUMEN_8°!F44,0)<3,IFERROR(RESUMEN_8°!R44,0)<3),"⚠ REVISAR","OK"))
A98: 9° | B98: =IF(MAESTRO!F5="","",IFERROR(RESUMEN_9°!A5,"")) | C98: =IF(MAESTRO!F5="","",IFERROR(RESUMEN_9°!B5,"")) | D98: =IF(RESUMEN_9°!B5="","",IFERROR(RESUMEN_9°!F5,"")) | E98: =IF(RESUMEN_9°!B5="","",IFERROR(RESUMEN_9°!R5,"")) | F98: =IF(RESUMEN_9°!B5="","",IFERROR('Asistencia (9°)'!BI3+'Asistencia (9°)'!BI46+'Asistencia (9°)'!BI89,"")) | G98: =IF(AND(RESUMEN_9°!B5=""),"",IF(OR(IFERROR(RESUMEN_9°!F5,0)<3,IFERROR(RESUMEN_9°!V5,0)<3),"⚠ REVISAR","OK"))
A99: 9° | B99: =IF(MAESTRO!F6="","",IFERROR(RESUMEN_9°!A6,"")) | C99: =IF(MAESTRO!F6="","",IFERROR(RESUMEN_9°!B6,"")) | D99: =IF(RESUMEN_9°!B6="","",IFERROR(RESUMEN_9°!F6,"")) | E99: =IF(RESUMEN_9°!B6="","",IFERROR(RESUMEN_9°!R6,"")) | F99: =IF(RESUMEN_9°!B6="","",IFERROR('Asistencia (9°)'!BI4+'Asistencia (9°)'!BI47+'Asistencia (9°)'!BI90,"")) | G99: =IF(AND(RESUMEN_9°!B6=""),"",IF(OR(IFERROR(RESUMEN_9°!F6,0)<3,IFERROR(RESUMEN_9°!V6,0)<3),"⚠ REVISAR","OK"))
A100: 9° | B100: =IF(MAESTRO!F7="","",IFERROR(RESUMEN_9°!A7,"")) | C100: =IF(MAESTRO!F7="","",IFERROR(RESUMEN_9°!B7,"")) | D100: =IF(RESUMEN_9°!B7="","",IFERROR(RESUMEN_9°!F7,"")) | E100: =IF(RESUMEN_9°!B7="","",IFERROR(RESUMEN_9°!R7,"")) | F100: =IF(RESUMEN_9°!B7="","",IFERROR('Asistencia (9°)'!BI5+'Asistencia (9°)'!BI48+'Asistencia (9°)'!BI91,"")) | G100: =IF(AND(RESUMEN_9°!B7=""),"",IF(OR(IFERROR(RESUMEN_9°!F7,0)<3,IFERROR(RESUMEN_9°!V7,0)<3),"⚠ REVISAR","OK"))
A101: 9° | B101: =IF(MAESTRO!F8="","",IFERROR(RESUMEN_9°!A8,"")) | C101: =IF(MAESTRO!F8="","",IFERROR(RESUMEN_9°!B8,"")) | D101: =IF(RESUMEN_9°!B8="","",IFERROR(RESUMEN_9°!F8,"")) | E101: =IF(RESUMEN_9°!B8="","",IFERROR(RESUMEN_9°!R8,"")) | F101: =IF(RESUMEN_9°!B8="","",IFERROR('Asistencia (9°)'!BI6+'Asistencia (9°)'!BI49+'Asistencia (9°)'!BI92,"")) | G101: =IF(AND(RESUMEN_9°!B8=""),"",IF(OR(IFERROR(RESUMEN_9°!F8,0)<3,IFERROR(RESUMEN_9°!V8,0)<3),"⚠ REVISAR","OK"))
A102: 9° | B102: =IF(MAESTRO!F9="","",IFERROR(RESUMEN_9°!A9,"")) | C102: =IF(MAESTRO!F9="","",IFERROR(RESUMEN_9°!B9,"")) | D102: =IF(RESUMEN_9°!B9="","",IFERROR(RESUMEN_9°!F9,"")) | E102: =IF(RESUMEN_9°!B9="","",IFERROR(RESUMEN_9°!R9,"")) | F102: =IF(RESUMEN_9°!B9="","",IFERROR('Asistencia (9°)'!BI7+'Asistencia (9°)'!BI50+'Asistencia (9°)'!BI93,"")) | G102: =IF(AND(RESUMEN_9°!B9=""),"",IF(OR(IFERROR(RESUMEN_9°!F9,0)<3,IFERROR(RESUMEN_9°!V9,0)<3),"⚠ REVISAR","OK"))
A103: 9° | B103: =IF(MAESTRO!F10="","",IFERROR(RESUMEN_9°!A10,"")) | C103: =IF(MAESTRO!F10="","",IFERROR(RESUMEN_9°!B10,"")) | D103: =IF(RESUMEN_9°!B10="","",IFERROR(RESUMEN_9°!F10,"")) | E103: =IF(RESUMEN_9°!B10="","",IFERROR(RESUMEN_9°!R10,"")) | F103: =IF(RESUMEN_9°!B10="","",IFERROR('Asistencia (9°)'!BI8+'Asistencia (9°)'!BI51+'Asistencia (9°)'!BI94,"")) | G103: =IF(AND(RESUMEN_9°!B10=""),"",IF(OR(IFERROR(RESUMEN_9°!F10,0)<3,IFERROR(RESUMEN_9°!V10,0)<3),"⚠ REVISAR","OK"))
A104: 9° | B104: =IF(MAESTRO!F11="","",IFERROR(RESUMEN_9°!A11,"")) | C104: =IF(MAESTRO!F11="","",IFERROR(RESUMEN_9°!B11,"")) | D104: =IF(RESUMEN_9°!B11="","",IFERROR(RESUMEN_9°!F11,"")) | E104: =IF(RESUMEN_9°!B11="","",IFERROR(RESUMEN_9°!R11,"")) | F104: =IF(RESUMEN_9°!B11="","",IFERROR('Asistencia (9°)'!BI9+'Asistencia (9°)'!BI52+'Asistencia (9°)'!BI95,"")) | G104: =IF(AND(RESUMEN_9°!B11=""),"",IF(OR(IFERROR(RESUMEN_9°!F11,0)<3,IFERROR(RESUMEN_9°!V11,0)<3),"⚠ REVISAR","OK"))
A105: 9° | B105: =IF(MAESTRO!F12="","",IFERROR(RESUMEN_9°!A12,"")) | C105: =IF(MAESTRO!F12="","",IFERROR(RESUMEN_9°!B12,"")) | D105: =IF(RESUMEN_9°!B12="","",IFERROR(RESUMEN_9°!F12,"")) | E105: =IF(RESUMEN_9°!B12="","",IFERROR(RESUMEN_9°!R12,"")) | F105: =IF(RESUMEN_9°!B12="","",IFERROR('Asistencia (9°)'!BI10+'Asistencia (9°)'!BI53+'Asistencia (9°)'!BI96,"")) | G105: =IF(AND(RESUMEN_9°!B12=""),"",IF(OR(IFERROR(RESUMEN_9°!F12,0)<3,IFERROR(RESUMEN_9°!V12,0)<3),"⚠ REVISAR","OK"))
A106: 9° | B106: =IF(MAESTRO!F13="","",IFERROR(RESUMEN_9°!A13,"")) | C106: =IF(MAESTRO!F13="","",IFERROR(RESUMEN_9°!B13,"")) | D106: =IF(RESUMEN_9°!B13="","",IFERROR(RESUMEN_9°!F13,"")) | E106: =IF(RESUMEN_9°!B13="","",IFERROR(RESUMEN_9°!R13,"")) | F106: =IF(RESUMEN_9°!B13="","",IFERROR('Asistencia (9°)'!BI11+'Asistencia (9°)'!BI54+'Asistencia (9°)'!BI97,"")) | G106: =IF(AND(RESUMEN_9°!B13=""),"",IF(OR(IFERROR(RESUMEN_9°!F13,0)<3,IFERROR(RESUMEN_9°!V13,0)<3),"⚠ REVISAR","OK"))
A107: 9° | B107: =IF(MAESTRO!F14="","",IFERROR(RESUMEN_9°!A14,"")) | C107: =IF(MAESTRO!F14="","",IFERROR(RESUMEN_9°!B14,"")) | D107: =IF(RESUMEN_9°!B14="","",IFERROR(RESUMEN_9°!F14,"")) | E107: =IF(RESUMEN_9°!B14="","",IFERROR(RESUMEN_9°!R14,"")) | F107: =IF(RESUMEN_9°!B14="","",IFERROR('Asistencia (9°)'!BI12+'Asistencia (9°)'!BI55+'Asistencia (9°)'!BI98,"")) | G107: =IF(AND(RESUMEN_9°!B14=""),"",IF(OR(IFERROR(RESUMEN_9°!F14,0)<3,IFERROR(RESUMEN_9°!V14,0)<3),"⚠ REVISAR","OK"))
A108: 9° | B108: =IF(MAESTRO!F15="","",IFERROR(RESUMEN_9°!A15,"")) | C108: =IF(MAESTRO!F15="","",IFERROR(RESUMEN_9°!B15,"")) | D108: =IF(RESUMEN_9°!B15="","",IFERROR(RESUMEN_9°!F15,"")) | E108: =IF(RESUMEN_9°!B15="","",IFERROR(RESUMEN_9°!R15,"")) | F108: =IF(RESUMEN_9°!B15="","",IFERROR('Asistencia (9°)'!BI13+'Asistencia (9°)'!BI56+'Asistencia (9°)'!BI99,"")) | G108: =IF(AND(RESUMEN_9°!B15=""),"",IF(OR(IFERROR(RESUMEN_9°!F15,0)<3,IFERROR(RESUMEN_9°!V15,0)<3),"⚠ REVISAR","OK"))
A109: 9° | B109: =IF(MAESTRO!F16="","",IFERROR(RESUMEN_9°!A16,"")) | C109: =IF(MAESTRO!F16="","",IFERROR(RESUMEN_9°!B16,"")) | D109: =IF(RESUMEN_9°!B16="","",IFERROR(RESUMEN_9°!F16,"")) | E109: =IF(RESUMEN_9°!B16="","",IFERROR(RESUMEN_9°!R16,"")) | F109: =IF(RESUMEN_9°!B16="","",IFERROR('Asistencia (9°)'!BI14+'Asistencia (9°)'!BI57+'Asistencia (9°)'!BI100,"")) | G109: =IF(AND(RESUMEN_9°!B16=""),"",IF(OR(IFERROR(RESUMEN_9°!F16,0)<3,IFERROR(RESUMEN_9°!V16,0)<3),"⚠ REVISAR","OK"))
... A137: 9° | B137: =IF(MAESTRO!F44="","",IFERROR(RESUMEN_9°!A44,"")) | C137: =IF(MAESTRO!F44="","",IFERROR(RESUMEN_9°!B44,"")) | D137: =IF(RESUMEN_9°!B44="","",IFERROR(RESUMEN_9°!F44,"")) | E137: =IF(RESUMEN_9°!B44="","",IFERROR(RESUMEN_9°!R44,"")) | F137: =IF(RESUMEN_9°!B44="","",IFERROR('Asistencia (9°)'!BI42+'Asistencia (9°)'!BI85+'Asistencia (9°)'!BI128,"")) | G137: =IF(AND(RESUMEN_9°!B44=""),"",IF(OR(IFERROR(RESUMEN_9°!F44,0)<3,IFERROR(RESUMEN_9°!V44,0)<3),"⚠ REVISAR","OK"))

Sheet GRAFICOS
A1: GRAFICOS Y ALERTAS DE RENDIMIENTO
A5: Grado | B5: No | C5: Estudiante | D5: Ausencias | E5: NotaFinal | F5: TareasVacias | H5: Indicador | I5: Estudiante | J5: Valor | L5: Grado | M5: Ausencias | N5: RiesgoAcademico
A6: 7° | B6: 1 | C6: =IF(MAESTRO!B5="","",IFERROR(MAESTRO!B5,"")) | D6: =IF(MAESTRO!B5="","",IFERROR(COUNTIF('Asistencia (7°)'!C3:BH3,"-")+COUNTIF('Asistencia (7°)'!C46:BH46,"-")+COUNTIF('Asistencia (7°)'!C89:BH89,"-"),"")) | E6: =IF(MAESTRO!B5="","",IFERROR(TRUNC(AVERAGE(IFERROR('PROM (Ingles 7°)'!AE5,""),IFERROR('PROM (Ingles 7°)'!BL5,""),IFERROR('PROM (Ingles 7°)'!CS5,""),IFERROR('PROM (Agropecuaria 7°)'!AE5,""),IFERROR('PROM (Agropecuaria 7°)'!BL5,""),IFERROR('PROM (Agropecuaria 7°)'!CT5,""),IFERROR('PROM (Hogar y Desarrollo 7°)'!AE5,""),IFERROR('PROM (Hogar y Desarrollo 7°)'!BM5,""),IFERROR('PROM (Hogar y Desarrollo 7°)'!CT5,"")),1),"")) | F6: =IF(MAESTRO!B5="","",IFERROR(COUNTBLANK('PROM (Ingles 7°)'!C5:O5),"")) | H6: Mas inasistencia | I6: =IFERROR(INDEX(C6:C125,MATCH(MAX(D6:D125),D6:D125,0)),"") | J6: =IFERROR(MAX(D6:D125),"") | L6: 7° | M6: =IFERROR(SUMIFS(D6:D125,A6:A125,"7°"),"") | N6: =IFERROR(COUNTIFS(A6:A125,"7°",E6:E125,"<3",E6:E125,">0"),"")
A7: 7° | B7: 2 | C7: =IF(MAESTRO!B6="","",IFERROR(MAESTRO!B6,"")) | D7: =IF(MAESTRO!B6="","",IFERROR(COUNTIF('Asistencia (7°)'!C4:BH4,"-")+COUNTIF('Asistencia (7°)'!C47:BH47,"-")+COUNTIF('Asistencia (7°)'!C90:BH90,"-"),"")) | E7: =IF(MAESTRO!B6="","",IFERROR(TRUNC(AVERAGE(IFERROR('PROM (Ingles 7°)'!AE6,""),IFERROR('PROM (Ingles 7°)'!BL6,""),IFERROR('PROM (Ingles 7°)'!CS6,""),IFERROR('PROM (Agropecuaria 7°)'!AE6,""),IFERROR('PROM (Agropecuaria 7°)'!BL6,""),IFERROR('PROM (Agropecuaria 7°)'!CT6,""),IFERROR('PROM (Hogar y Desarrollo 7°)'!AE6,""),IFERROR('PROM (Hogar y Desarrollo 7°)'!BM6,""),IFERROR('PROM (Hogar y Desarrollo 7°)'!CT6,"")),1),"")) | F7: =IF(MAESTRO!B6="","",IFERROR(COUNTBLANK('PROM (Ingles 7°)'!C6:O6),"")) | H7: Nota mas baja | I7: =IFERROR(INDEX(C6:C125,MATCH(MINIFS(E6:E125,E6:E125,">0"),E6:E125,0)),"") | J7: =IFERROR(MINIFS(E6:E125,E6:E125,">0"),"") | L7: 8° | M7: =IFERROR(SUMIFS(D6:D125,A6:A125,"8°"),"") | N7: =IFERROR(COUNTIFS(A6:A125,"8°",E6:E125,"<3",E6:E125,">0"),"")
A8: 7° | B8: 3 | C8: =IF(MAESTRO!B7="","",IFERROR(MAESTRO!B7,"")) | D8: =IF(MAESTRO!B7="","",IFERROR(COUNTIF('Asistencia (7°)'!C5:BH5,"-")+COUNTIF('Asistencia (7°)'!C48:BH48,"-")+COUNTIF('Asistencia (7°)'!C91:BH91,"-"),"")) | E8: =IF(MAESTRO!B7="","",IFERROR(TRUNC(AVERAGE(IFERROR('PROM (Ingles 7°)'!AE7,""),IFERROR('PROM (Ingles 7°)'!BL7,""),IFERROR('PROM (Ingles 7°)'!CS7,""),IFERROR('PROM (Agropecuaria 7°)'!AE7,""),IFERROR('PROM (Agropecuaria 7°)'!BL7,""),IFERROR('PROM (Agropecuaria 7°)'!CT7,""),IFERROR('PROM (Hogar y Desarrollo 7°)'!AE7,""),IFERROR('PROM (Hogar y Desarrollo 7°)'!BM7,""),IFERROR('PROM (Hogar y Desarrollo 7°)'!CT7,"")),1),"")) | F8: =IF(MAESTRO!B7="","",IFERROR(COUNTBLANK('PROM (Ingles 7°)'!C7:O7),"")) | H8: No entrega tareas | I8: =IFERROR(INDEX(C6:C125,MATCH(MAX(F6:F125),F6:F125,0)),"") | J8: =IFERROR(MAX(F6:F125),"") | L8: 9° | M8: =IFERROR(SUMIFS(D6:D125,A6:A125,"9°"),"") | N8: =IFERROR(COUNTIFS(A6:A125,"9°",E6:E125,"<3",E6:E125,">0"),"")
A9: 7° | B9: 4 | C9: =IF(MAESTRO!B8="","",IFERROR(MAESTRO!B8,"")) | D9: =IF(MAESTRO!B8="","",IFERROR(COUNTIF('Asistencia (7°)'!C6:BH6,"-")+COUNTIF('Asistencia (7°)'!C49:BH49,"-")+COUNTIF('Asistencia (7°)'!C92:BH92,"-"),"")) | E9: =IF(MAESTRO!B8="","",IFERROR(TRUNC(AVERAGE(IFERROR('PROM (Ingles 7°)'!AE8,""),IFERROR('PROM (Ingles 7°)'!BL8,""),IFERROR('PROM (Ingles 7°)'!CS8,""),IFERROR('PROM (Agropecuaria 7°)'!AE8,""),IFERROR('PROM (Agropecuaria 7°)'!BL8,""),IFERROR('PROM (Agropecuaria 7°)'!CT8,""),IFERROR('PROM (Hogar y Desarrollo 7°)'!AE8,""),IFERROR('PROM (Hogar y Desarrollo 7°)'!BM8,""),IFERROR('PROM (Hogar y Desarrollo 7°)'!CT8,"")),1),"")) | F9: =IF(MAESTRO!B8="","",IFERROR(COUNTBLANK('PROM (Ingles 7°)'!C8:O8),"")) | H9: Mejor estudiante | I9: =IFERROR(INDEX(C6:C125,MATCH(MAX(E6:E125),E6:E125,0)),"") | J9: =IFERROR(MAX(E6:E125),"")
A10: 7° | B10: 5 | C10: =IF(MAESTRO!B9="","",IFERROR(MAESTRO!B9,"")) | D10: =IF(MAESTRO!B9="","",IFERROR(COUNTIF('Asistencia (7°)'!C7:BH7,"-")+COUNTIF('Asistencia (7°)'!C50:BH50,"-")+COUNTIF('Asistencia (7°)'!C93:BH93,"-"),"")) | E10: =IF(MAESTRO!B9="","",IFERROR(TRUNC(AVERAGE(IFERROR('PROM (Ingles 7°)'!AE9,""),IFERROR('PROM (Ingles 7°)'!BL9,""),IFERROR('PROM (Ingles 7°)'!CS9,""),IFERROR('PROM (Agropecuaria 7°)'!AE9,""),IFERROR('PROM (Agropecuaria 7°)'!BL9,""),IFERROR('PROM (Agropecuaria 7°)'!CT9,""),IFERROR('PROM (Hogar y Desarrollo 7°)'!AE9,""),IFERROR('PROM (Hogar y Desarrollo 7°)'!BM9,""),IFERROR('PROM (Hogar y Desarrollo 7°)'!CT9,"")),1),"")) | F10: =IF(MAESTRO!B9="","",IFERROR(COUNTBLANK('PROM (Ingles 7°)'!C9:O9),""))
A11: 7° | B11: 6 | C11: =IF(MAESTRO!B10="","",IFERROR(MAESTRO!B10,"")) | D11: =IF(MAESTRO!B10="","",IFERROR(COUNTIF('Asistencia (7°)'!C8:BH8,"-")+COUNTIF('Asistencia (7°)'!C51:BH51,"-")+COUNTIF('Asistencia (7°)'!C94:BH94,"-"),"")) | E11: =IF(MAESTRO!B10="","",IFERROR(TRUNC(AVERAGE(IFERROR('PROM (Ingles 7°)'!AE10,""),IFERROR('PROM (Ingles 7°)'!BL10,""),IFERROR('PROM (Ingles 7°)'!CS10,""),IFERROR('PROM (Agropecuaria 7°)'!AE10,""),IFERROR('PROM (Agropecuaria 7°)'!BL10,""),IFERROR('PROM (Agropecuaria 7°)'!CT10,""),IFERROR('PROM (Hogar y Desarrollo 7°)'!AE10,""),IFERROR('PROM (Hogar y Desarrollo 7°)'!BM10,""),IFERROR('PROM (Hogar y Desarrollo 7°)'!CT10,"")),1),"")) | F11: =IF(MAESTRO!B10="","",IFERROR(COUNTBLANK('PROM (Ingles 7°)'!C10:O10),""))
A12: 7° | B12: 7 | C12: =IF(MAESTRO!B11="","",IFERROR(MAESTRO!B11,"")) | D12: =IF(MAESTRO!B11="","",IFERROR(COUNTIF('Asistencia (7°)'!C9:BH9,"-")+COUNTIF('Asistencia (7°)'!C52:BH52,"-")+COUNTIF('Asistencia (7°)'!C95:BH95,"-"),"")) | E12: =IF(MAESTRO!B11="","",IFERROR(TRUNC(AVERAGE(IFERROR('PROM (Ingles 7°)'!AE11,""),IFERROR('PROM (Ingles 7°)'!BL11,""),IFERROR('PROM (Ingles 7°)'!CS11,""),IFERROR('PROM (Agropecuaria 7°)'!AE11,""),IFERROR('PROM (Agropecuaria 7°)'!BL11,""),IFERROR('PROM (Agropecuaria 7°)'!CT11,""),IFERROR('PROM (Hogar y Desarrollo 7°)'!AE11,""),IFERROR('PROM (Hogar y Desarrollo 7°)'!BM11,""),IFERROR('PROM (Hogar y Desarrollo 7°)'!CT11,"")),1),"")) | F12: =IF(MAESTRO!B11="","",IFERROR(COUNTBLANK('PROM (Ingles 7°)'!C11:O11),""))
A13: 7° | B13: 8 | C13: =IF(MAESTRO!B12="","",IFERROR(MAESTRO!B12,"")) | D13: =IF(MAESTRO!B12="","",IFERROR(COUNTIF('Asistencia (7°)'!C10:BH10,"-")+COUNTIF('Asistencia (7°)'!C53:BH53,"-")+COUNTIF('Asistencia (7°)'!C96:BH96,"-"),"")) | E13: =IF(MAESTRO!B12="","",IFERROR(TRUNC(AVERAGE(IFERROR('PROM (Ingles 7°)'!AE12,""),IFERROR('PROM (Ingles 7°)'!BL12,""),IFERROR('PROM (Ingles 7°)'!CS12,""),IFERROR('PROM (Agropecuaria 7°)'!AE12,""),IFERROR('PROM (Agropecuaria 7°)'!BL12,""),IFERROR('PROM (Agropecuaria 7°)'!CT12,""),IFERROR('PROM (Hogar y Desarrollo 7°)'!AE12,""),IFERROR('PROM (Hogar y Desarrollo 7°)'!BM12,""),IFERROR('PROM (Hogar y Desarrollo 7°)'!CT12,"")),1),"")) | F13: =IF(MAESTRO!B12="","",IFERROR(COUNTBLANK('PROM (Ingles 7°)'!C12:O12),""))
A14: 7° | B14: 9 | C14: =IF(MAESTRO!B13="","",IFERROR(MAESTRO!B13,"")) | D14: =IF(MAESTRO!B13="","",IFERROR(COUNTIF('Asistencia (7°)'!C11:BH11,"-")+COUNTIF('Asistencia (7°)'!C54:BH54,"-")+COUNTIF('Asistencia (7°)'!C97:BH97,"-"),"")) | E14: =IF(MAESTRO!B13="","",IFERROR(TRUNC(AVERAGE(IFERROR('PROM (Ingles 7°)'!AE13,""),IFERROR('PROM (Ingles 7°)'!BL13,""),IFERROR('PROM (Ingles 7°)'!CS13,""),IFERROR('PROM (Agropecuaria 7°)'!AE13,""),IFERROR('PROM (Agropecuaria 7°)'!BL13,""),IFERROR('PROM (Agropecuaria 7°)'!CT13,""),IFERROR('PROM (Hogar y Desarrollo 7°)'!AE13,""),IFERROR('PROM (Hogar y Desarrollo 7°)'!BM13,""),IFERROR('PROM (Hogar y Desarrollo 7°)'!CT13,"")),1),"")) | F14: =IF(MAESTRO!B13="","",IFERROR(COUNTBLANK('PROM (Ingles 7°)'!C13:O13),""))
A15: 7° | B15: 10 | C15: =IF(MAESTRO!B14="","",IFERROR(MAESTRO!B14,"")) | D15: =IF(MAESTRO!B14="","",IFERROR(COUNTIF('Asistencia (7°)'!C12:BH12,"-")+COUNTIF('Asistencia (7°)'!C55:BH55,"-")+COUNTIF('Asistencia (7°)'!C98:BH98,"-"),"")) | E15: =IF(MAESTRO!B14="","",IFERROR(TRUNC(AVERAGE(IFERROR('PROM (Ingles 7°)'!AE14,""),IFERROR('PROM (Ingles 7°)'!BL14,""),IFERROR('PROM (Ingles 7°)'!CS14,""),IFERROR('PROM (Agropecuaria 7°)'!AE14,""),IFERROR('PROM (Agropecuaria 7°)'!BL14,""),IFERROR('PROM (Agropecuaria 7°)'!CT14,""),IFERROR('PROM (Hogar y Desarrollo 7°)'!AE14,""),IFERROR('PROM (Hogar y Desarrollo 7°)'!BM14,""),IFERROR('PROM (Hogar y Desarrollo 7°)'!CT14,"")),1),"")) | F15: =IF(MAESTRO!B14="","",IFERROR(COUNTBLANK('PROM (Ingles 7°)'!C14:O14),""))
A16: 7° | B16: 11 | C16: =IF(MAESTRO!B15="","",IFERROR(MAESTRO!B15,"")) | D16: =IF(MAESTRO!B15="","",IFERROR(COUNTIF('Asistencia (7°)'!C13:BH13,"-")+COUNTIF('Asistencia (7°)'!C56:BH56,"-")+COUNTIF('Asistencia (7°)'!C99:BH99,"-"),"")) | E16: =IF(MAESTRO!B15="","",IFERROR(TRUNC(AVERAGE(IFERROR('PROM (Ingles 7°)'!AE15,""),IFERROR('PROM (Ingles 7°)'!BL15,""),IFERROR('PROM (Ingles 7°)'!CS15,""),IFERROR('PROM (Agropecuaria 7°)'!AE15,""),IFERROR('PROM (Agropecuaria 7°)'!BL15,""),IFERROR('PROM (Agropecuaria 7°)'!CT15,""),IFERROR('PROM (Hogar y Desarrollo 7°)'!AE15,""),IFERROR('PROM (Hogar y Desarrollo 7°)'!BM15,""),IFERROR('PROM (Hogar y Desarrollo 7°)'!CT15,"")),1),"")) | F16: =IF(MAESTRO!B15="","",IFERROR(COUNTBLANK('PROM (Ingles 7°)'!C15:O15),""))
A17: 7° | B17: 12 | C17: =IF(MAESTRO!B16="","",IFERROR(MAESTRO!B16,"")) | D17: =IF(MAESTRO!B16="","",IFERROR(COUNTIF('Asistencia (7°)'!C14:BH14,"-")+COUNTIF('Asistencia (7°)'!C57:BH57,"-")+COUNTIF('Asistencia (7°)'!C100:BH100,"-"),"")) | E17: =IF(MAESTRO!B16="","",IFERROR(TRUNC(AVERAGE(IFERROR('PROM (Ingles 7°)'!AE16,""),IFERROR('PROM (Ingles 7°)'!BL16,""),IFERROR('PROM (Ingles 7°)'!CS16,""),IFERROR('PROM (Agropecuaria 7°)'!AE16,""),IFERROR('PROM (Agropecuaria 7°)'!BL16,""),IFERROR('PROM (Agropecuaria 7°)'!CT16,""),IFERROR('PROM (Hogar y Desarrollo 7°)'!AE16,""),IFERROR('PROM (Hogar y Desarrollo 7°)'!BM16,""),IFERROR('PROM (Hogar y Desarrollo 7°)'!CT16,"")),1),"")) | F17: =IF(MAESTRO!B16="","",IFERROR(COUNTBLANK('PROM (Ingles 7°)'!C16:O16),""))
A18: 7° | B18: 13 | C18: =IF(MAESTRO!B17="","",IFERROR(MAESTRO!B17,"")) | D18: =IF(MAESTRO!B17="","",IFERROR(COUNTIF('Asistencia (7°)'!C15:BH15,"-")+COUNTIF('Asistencia (7°)'!C58:BH58,"-")+COUNTIF('Asistencia (7°)'!C101:BH101,"-"),"")) | E18: =IF(MAESTRO!B17="","",IFERROR(TRUNC(AVERAGE(IFERROR('PROM (Ingles 7°)'!AE17,""),IFERROR('PROM (Ingles 7°)'!BL17,""),IFERROR('PROM (Ingles 7°)'!CS17,""),IFERROR('PROM (Agropecuaria 7°)'!AE17,""),IFERROR('PROM (Agropecuaria 7°)'!BL17,""),IFERROR('PROM (Agropecuaria 7°)'!CT17,""),IFERROR('PROM (Hogar y Desarrollo 7°)'!AE17,""),IFERROR('PROM (Hogar y Desarrollo 7°)'!BM17,""),IFERROR('PROM (Hogar y Desarrollo 7°)'!CT17,"")),1),"")) | F18: =IF(MAESTRO!B17="","",IFERROR(COUNTBLANK('PROM (Ingles 7°)'!C17:O17),""))
A19: 7° | B19: 14 | C19: =IF(MAESTRO!B18="","",IFERROR(MAESTRO!B18,"")) | D19: =IF(MAESTRO!B18="","",IFERROR(COUNTIF('Asistencia (7°)'!C16:BH16,"-")+COUNTIF('Asistencia (7°)'!C59:BH59,"-")+COUNTIF('Asistencia (7°)'!C102:BH102,"-"),"")) | E19: =IF(MAESTRO!B18="","",IFERROR(TRUNC(AVERAGE(IFERROR('PROM (Ingles 7°)'!AE18,""),IFERROR('PROM (Ingles 7°)'!BL18,""),IFERROR('PROM (Ingles 7°)'!CS18,""),IFERROR('PROM (Agropecuaria 7°)'!AE18,""),IFERROR('PROM (Agropecuaria 7°)'!BL18,""),IFERROR('PROM (Agropecuaria 7°)'!CT18,""),IFERROR('PROM (Hogar y Desarrollo 7°)'!AE18,""),IFERROR('PROM (Hogar y Desarrollo 7°)'!BM18,""),IFERROR('PROM (Hogar y Desarrollo 7°)'!CT18,"")),1),"")) | F19: =IF(MAESTRO!B18="","",IFERROR(COUNTBLANK('PROM (Ingles 7°)'!C18:O18),""))
A20: 7° | B20: 15 | C20: =IF(MAESTRO!B19="","",IFERROR(MAESTRO!B19,"")) | D20: =IF(MAESTRO!B19="","",IFERROR(COUNTIF('Asistencia (7°)'!C17:BH17,"-")+COUNTIF('Asistencia (7°)'!C60:BH60,"-")+COUNTIF('Asistencia (7°)'!C103:BH103,"-"),"")) | E20: =IF(MAESTRO!B19="","",IFERROR(TRUNC(AVERAGE(IFERROR('PROM (Ingles 7°)'!AE19,""),IFERROR('PROM (Ingles 7°)'!BL19,""),IFERROR('PROM (Ingles 7°)'!CS19,""),IFERROR('PROM (Agropecuaria 7°)'!AE19,""),IFERROR('PROM (Agropecuaria 7°)'!BL19,""),IFERROR('PROM (Agropecuaria 7°)'!CT19,""),IFERROR('PROM (Hogar y Desarrollo 7°)'!AE19,""),IFERROR('PROM (Hogar y Desarrollo 7°)'!BM19,""),IFERROR('PROM (Hogar y Desarrollo 7°)'!CT19,"")),1),"")) | F20: =IF(MAESTRO!B19="","",IFERROR(COUNTBLANK('PROM (Ingles 7°)'!C19:O19),""))
A21: 7° | B21: 16 | C21: =IF(MAESTRO!B20="","",IFERROR(MAESTRO!B20,"")) | D21: =IF(MAESTRO!B20="","",IFERROR(COUNTIF('Asistencia (7°)'!C18:BH18,"-")+COUNTIF('Asistencia (7°)'!C61:BH61,"-")+COUNTIF('Asistencia (7°)'!C104:BH104,"-"),"")) | E21: =IF(MAESTRO!B20="","",IFERROR(TRUNC(AVERAGE(IFERROR('PROM (Ingles 7°)'!AE20,""),IFERROR('PROM (Ingles 7°)'!BL20,""),IFERROR('PROM (Ingles 7°)'!CS20,""),IFERROR('PROM (Agropecuaria 7°)'!AE20,""),IFERROR('PROM (Agropecuaria 7°)'!BL20,""),IFERROR('PROM (Agropecuaria 7°)'!CT20,""),IFERROR('PROM (Hogar y Desarrollo 7°)'!AE20,""),IFERROR('PROM (Hogar y Desarrollo 7°)'!BM20,""),IFERROR('PROM (Hogar y Desarrollo 7°)'!CT20,"")),1),"")) | F21: =IF(MAESTRO!B20="","",IFERROR(COUNTBLANK('PROM (Ingles 7°)'!C20:O20),""))
... A45: 7° | B45: 40 | C45: =IF(MAESTRO!B44="","",IFERROR(MAESTRO!B44,"")) | D45: =IF(MAESTRO!B44="","",IFERROR(COUNTIF('Asistencia (7°)'!C42:BH42,"-")+COUNTIF('Asistencia (7°)'!C85:BH85,"-")+COUNTIF('Asistencia (7°)'!C128:BH128,"-"),"")) | E45: =IF(MAESTRO!B44="","",IFERROR(TRUNC(AVERAGE(IFERROR('PROM (Ingles 7°)'!AE44,""),IFERROR('PROM (Ingles 7°)'!BL44,""),IFERROR('PROM (Ingles 7°)'!CS44,""),IFERROR('PROM (Agropecuaria 7°)'!AE44,""),IFERROR('PROM (Agropecuaria 7°)'!BL44,""),IFERROR('PROM (Agropecuaria 7°)'!CT44,""),IFERROR('PROM (Hogar y Desarrollo 7°)'!AE44,""),IFERROR('PROM (Hogar y Desarrollo 7°)'!BM44,""),IFERROR('PROM (Hogar y Desarrollo 7°)'!CT44,"")),1),"")) | F45: =IF(MAESTRO!B44="","",IFERROR(COUNTBLANK('PROM (Ingles 7°)'!C44:O44),""))
A46: 8° | B46: 1 | C46: =IF(MAESTRO!D5="","",IFERROR(MAESTRO!D5,"")) | D46: =IF(MAESTRO!D5="","",IFERROR(COUNTIF('Asistencia (8°)'!C3:BH3,"-")+COUNTIF('Asistencia (8°)'!C46:BH46,"-")+COUNTIF('Asistencia (8°)'!C89:BH89,"-"),"")) | E46: =IF(MAESTRO!D5="","",IFERROR(TRUNC(AVERAGE(IFERROR('PROM (Ingles 8°)'!AE5,""),IFERROR('PROM (Ingles 8°)'!BL5,""),IFERROR('PROM (Ingles 8°)'!CT5,""),IFERROR('PROM (Agropecuaria 8°)'!AF5,""),IFERROR('PROM (Agropecuaria 8°)'!BM5,""),IFERROR('PROM (Agropecuaria 8°)'!CU5,""),IFERROR('PROM (Comercio 8°)'!AE5,""),IFERROR('PROM (Comercio 8°)'!BL5,""),IFERROR('PROM (Comercio 8°)'!CT5,"")),1),"")) | F46: =IF(MAESTRO!D5="","",IFERROR(COUNTBLANK('PROM (Ingles 8°)'!C5:O5),""))
A47: 8° | B47: 2 | C47: =IF(MAESTRO!D6="","",IFERROR(MAESTRO!D6,"")) | D47: =IF(MAESTRO!D6="","",IFERROR(COUNTIF('Asistencia (8°)'!C4:BH4,"-")+COUNTIF('Asistencia (8°)'!C47:BH47,"-")+COUNTIF('Asistencia (8°)'!C90:BH90,"-"),"")) | E47: =IF(MAESTRO!D6="","",IFERROR(TRUNC(AVERAGE(IFERROR('PROM (Ingles 8°)'!AE6,""),IFERROR('PROM (Ingles 8°)'!BL6,""),IFERROR('PROM (Ingles 8°)'!CT6,""),IFERROR('PROM (Agropecuaria 8°)'!AF6,""),IFERROR('PROM (Agropecuaria 8°)'!BM6,""),IFERROR('PROM (Agropecuaria 8°)'!CU6,""),IFERROR('PROM (Comercio 8°)'!AE6,""),IFERROR('PROM (Comercio 8°)'!BL6,""),IFERROR('PROM (Comercio 8°)'!CT6,"")),1),"")) | F47: =IF(MAESTRO!D6="","",IFERROR(COUNTBLANK('PROM (Ingles 8°)'!C6:O6),""))
A48: 8° | B48: 3 | C48: =IF(MAESTRO!D7="","",IFERROR(MAESTRO!D7,"")) | D48: =IF(MAESTRO!D7="","",IFERROR(COUNTIF('Asistencia (8°)'!C5:BH5,"-")+COUNTIF('Asistencia (8°)'!C48:BH48,"-")+COUNTIF('Asistencia (8°)'!C91:BH91,"-"),"")) | E48: =IF(MAESTRO!D7="","",IFERROR(TRUNC(AVERAGE(IFERROR('PROM (Ingles 8°)'!AE7,""),IFERROR('PROM (Ingles 8°)'!BL7,""),IFERROR('PROM (Ingles 8°)'!CT7,""),IFERROR('PROM (Agropecuaria 8°)'!AF7,""),IFERROR('PROM (Agropecuaria 8°)'!BM7,""),IFERROR('PROM (Agropecuaria 8°)'!CU7,""),IFERROR('PROM (Comercio 8°)'!AE7,""),IFERROR('PROM (Comercio 8°)'!BL7,""),IFERROR('PROM (Comercio 8°)'!CT7,"")),1),"")) | F48: =IF(MAESTRO!D7="","",IFERROR(COUNTBLANK('PROM (Ingles 8°)'!C7:O7),""))
A49: 8° | B49: 4 | C49: =IF(MAESTRO!D8="","",IFERROR(MAESTRO!D8,"")) | D49: =IF(MAESTRO!D8="","",IFERROR(COUNTIF('Asistencia (8°)'!C6:BH6,"-")+COUNTIF('Asistencia (8°)'!C49:BH49,"-")+COUNTIF('Asistencia (8°)'!C92:BH92,"-"),"")) | E49: =IF(MAESTRO!D8="","",IFERROR(TRUNC(AVERAGE(IFERROR('PROM (Ingles 8°)'!AE8,""),IFERROR('PROM (Ingles 8°)'!BL8,""),IFERROR('PROM (Ingles 8°)'!CT8,""),IFERROR('PROM (Agropecuaria 8°)'!AF8,""),IFERROR('PROM (Agropecuaria 8°)'!BM8,""),IFERROR('PROM (Agropecuaria 8°)'!CU8,""),IFERROR('PROM (Comercio 8°)'!AE8,""),IFERROR('PROM (Comercio 8°)'!BL8,""),IFERROR('PROM (Comercio 8°)'!CT8,"")),1),"")) | F49: =IF(MAESTRO!D8="","",IFERROR(COUNTBLANK('PROM (Ingles 8°)'!C8:O8),""))
A50: 8° | B50: 5 | C50: =IF(MAESTRO!D9="","",IFERROR(MAESTRO!D9,"")) | D50: =IF(MAESTRO!D9="","",IFERROR(COUNTIF('Asistencia (8°)'!C7:BH7,"-")+COUNTIF('Asistencia (8°)'!C50:BH50,"-")+COUNTIF('Asistencia (8°)'!C93:BH93,"-"),"")) | E50: =IF(MAESTRO!D9="","",IFERROR(TRUNC(AVERAGE(IFERROR('PROM (Ingles 8°)'!AE9,""),IFERROR('PROM (Ingles 8°)'!BL9,""),IFERROR('PROM (Ingles 8°)'!CT9,""),IFERROR('PROM (Agropecuaria 8°)'!AF9,""),IFERROR('PROM (Agropecuaria 8°)'!BM9,""),IFERROR('PROM (Agropecuaria 8°)'!CU9,""),IFERROR('PROM (Comercio 8°)'!AE9,""),IFERROR('PROM (Comercio 8°)'!BL9,""),IFERROR('PROM (Comercio 8°)'!CT9,"")),1),"")) | F50: =IF(MAESTRO!D9="","",IFERROR(COUNTBLANK('PROM (Ingles 8°)'!C9:O9),""))
A51: 8° | B51: 6 | C51: =IF(MAESTRO!D10="","",IFERROR(MAESTRO!D10,"")) | D51: =IF(MAESTRO!D10="","",IFERROR(COUNTIF('Asistencia (8°)'!C8:BH8,"-")+COUNTIF('Asistencia (8°)'!C51:BH51,"-")+COUNTIF('Asistencia (8°)'!C94:BH94,"-"),"")) | E51: =IF(MAESTRO!D10="","",IFERROR(TRUNC(AVERAGE(IFERROR('PROM (Ingles 8°)'!AE10,""),IFERROR('PROM (Ingles 8°)'!BL10,""),IFERROR('PROM (Ingles 8°)'!CT10,""),IFERROR('PROM (Agropecuaria 8°)'!AF10,""),IFERROR('PROM (Agropecuaria 8°)'!BM10,""),IFERROR('PROM (Agropecuaria 8°)'!CU10,""),IFERROR('PROM (Comercio 8°)'!AE10,""),IFERROR('PROM (Comercio 8°)'!BL10,""),IFERROR('PROM (Comercio 8°)'!CT10,"")),1),"")) | F51: =IF(MAESTRO!D10="","",IFERROR(COUNTBLANK('PROM (Ingles 8°)'!C10:O10),""))
A52: 8° | B52: 7 | C52: =IF(MAESTRO!D11="","",IFERROR(MAESTRO!D11,"")) | D52: =IF(MAESTRO!D11="","",IFERROR(COUNTIF('Asistencia (8°)'!C9:BH9,"-")+COUNTIF('Asistencia (8°)'!C52:BH52,"-")+COUNTIF('Asistencia (8°)'!C95:BH95,"-"),"")) | E52: =IF(MAESTRO!D11="","",IFERROR(TRUNC(AVERAGE(IFERROR('PROM (Ingles 8°)'!AE11,""),IFERROR('PROM (Ingles 8°)'!BL11,""),IFERROR('PROM (Ingles 8°)'!CT11,""),IFERROR('PROM (Agropecuaria 8°)'!AF11,""),IFERROR('PROM (Agropecuaria 8°)'!BM11,""),IFERROR('PROM (Agropecuaria 8°)'!CU11,""),IFERROR('PROM (Comercio 8°)'!AE11,""),IFERROR('PROM (Comercio 8°)'!BL11,""),IFERROR('PROM (Comercio 8°)'!CT11,"")),1),"")) | F52: =IF(MAESTRO!D11="","",IFERROR(COUNTBLANK('PROM (Ingles 8°)'!C11:O11),""))
A53: 8° | B53: 8 | C53: =IF(MAESTRO!D12="","",IFERROR(MAESTRO!D12,"")) | D53: =IF(MAESTRO!D12="","",IFERROR(COUNTIF('Asistencia (8°)'!C10:BH10,"-")+COUNTIF('Asistencia (8°)'!C53:BH53,"-")+COUNTIF('Asistencia (8°)'!C96:BH96,"-"),"")) | E53: =IF(MAESTRO!D12="","",IFERROR(TRUNC(AVERAGE(IFERROR('PROM (Ingles 8°)'!AE12,""),IFERROR('PROM (Ingles 8°)'!BL12,""),IFERROR('PROM (Ingles 8°)'!CT12,""),IFERROR('PROM (Agropecuaria 8°)'!AF12,""),IFERROR('PROM (Agropecuaria 8°)'!BM12,""),IFERROR('PROM (Agropecuaria 8°)'!CU12,""),IFERROR('PROM (Comercio 8°)'!AE12,""),IFERROR('PROM (Comercio 8°)'!BL12,""),IFERROR('PROM (Comercio 8°)'!CT12,"")),1),"")) | F53: =IF(MAESTRO!D12="","",IFERROR(COUNTBLANK('PROM (Ingles 8°)'!C12:O12),""))
A54: 8° | B54: 9 | C54: =IF(MAESTRO!D13="","",IFERROR(MAESTRO!D13,"")) | D54: =IF(MAESTRO!D13="","",IFERROR(COUNTIF('Asistencia (8°)'!C11:BH11,"-")+COUNTIF('Asistencia (8°)'!C54:BH54,"-")+COUNTIF('Asistencia (8°)'!C97:BH97,"-"),"")) | E54: =IF(MAESTRO!D13="","",IFERROR(TRUNC(AVERAGE(IFERROR('PROM (Ingles 8°)'!AE13,""),IFERROR('PROM (Ingles 8°)'!BL13,""),IFERROR('PROM (Ingles 8°)'!CT13,""),IFERROR('PROM (Agropecuaria 8°)'!AF13,""),IFERROR('PROM (Agropecuaria 8°)'!BM13,""),IFERROR('PROM (Agropecuaria 8°)'!CU13,""),IFERROR('PROM (Comercio 8°)'!AE13,""),IFERROR('PROM (Comercio 8°)'!BL13,""),IFERROR('PROM (Comercio 8°)'!CT13,"")),1),"")) | F54: =IF(MAESTRO!D13="","",IFERROR(COUNTBLANK('PROM (Ingles 8°)'!C13:O13),""))
A55: 8° | B55: 10 | C55: =IF(MAESTRO!D14="","",IFERROR(MAESTRO!D14,"")) | D55: =IF(MAESTRO!D14="","",IFERROR(COUNTIF('Asistencia (8°)'!C12:BH12,"-")+COUNTIF('Asistencia (8°)'!C55:BH55,"-")+COUNTIF('Asistencia (8°)'!C98:BH98,"-"),"")) | E55: =IF(MAESTRO!D14="","",IFERROR(TRUNC(AVERAGE(IFERROR('PROM (Ingles 8°)'!AE14,""),IFERROR('PROM (Ingles 8°)'!BL14,""),IFERROR('PROM (Ingles 8°)'!CT14,""),IFERROR('PROM (Agropecuaria 8°)'!AF14,""),IFERROR('PROM (Agropecuaria 8°)'!BM14,""),IFERROR('PROM (Agropecuaria 8°)'!CU14,""),IFERROR('PROM (Comercio 8°)'!AE14,""),IFERROR('PROM (Comercio 8°)'!BL14,""),IFERROR('PROM (Comercio 8°)'!CT14,"")),1),"")) | F55: =IF(MAESTRO!D14="","",IFERROR(COUNTBLANK('PROM (Ingles 8°)'!C14:O14),""))
A56: 8° | B56: 11 | C56: =IF(MAESTRO!D15="","",IFERROR(MAESTRO!D15,"")) | D56: =IF(MAESTRO!D15="","",IFERROR(COUNTIF('Asistencia (8°)'!C13:BH13,"-")+COUNTIF('Asistencia (8°)'!C56:BH56,"-")+COUNTIF('Asistencia (8°)'!C99:BH99,"-"),"")) | E56: =IF(MAESTRO!D15="","",IFERROR(TRUNC(AVERAGE(IFERROR('PROM (Ingles 8°)'!AE15,""),IFERROR('PROM (Ingles 8°)'!BL15,""),IFERROR('PROM (Ingles 8°)'!CT15,""),IFERROR('PROM (Agropecuaria 8°)'!AF15,""),IFERROR('PROM (Agropecuaria 8°)'!BM15,""),IFERROR('PROM (Agropecuaria 8°)'!CU15,""),IFERROR('PROM (Comercio 8°)'!AE15,""),IFERROR('PROM (Comercio 8°)'!BL15,""),IFERROR('PROM (Comercio 8°)'!CT15,"")),1),"")) | F56: =IF(MAESTRO!D15="","",IFERROR(COUNTBLANK('PROM (Ingles 8°)'!C15:O15),""))
A57: 8° | B57: 12 | C57: =IF(MAESTRO!D16="","",IFERROR(MAESTRO!D16,"")) | D57: =IF(MAESTRO!D16="","",IFERROR(COUNTIF('Asistencia (8°)'!C14:BH14,"-")+COUNTIF('Asistencia (8°)'!C57:BH57,"-")+COUNTIF('Asistencia (8°)'!C100:BH100,"-"),"")) | E57: =IF(MAESTRO!D16="","",IFERROR(TRUNC(AVERAGE(IFERROR('PROM (Ingles 8°)'!AE16,""),IFERROR('PROM (Ingles 8°)'!BL16,""),IFERROR('PROM (Ingles 8°)'!CT16,""),IFERROR('PROM (Agropecuaria 8°)'!AF16,""),IFERROR('PROM (Agropecuaria 8°)'!BM16,""),IFERROR('PROM (Agropecuaria 8°)'!CU16,""),IFERROR('PROM (Comercio 8°)'!AE16,""),IFERROR('PROM (Comercio 8°)'!BL16,""),IFERROR('PROM (Comercio 8°)'!CT16,"")),1),"")) | F57: =IF(MAESTRO!D16="","",IFERROR(COUNTBLANK('PROM (Ingles 8°)'!C16:O16),""))
... A85: 8° | B85: 40 | C85: =IF(MAESTRO!D44="","",IFERROR(MAESTRO!D44,"")) | D85: =IF(MAESTRO!D44="","",IFERROR(COUNTIF('Asistencia (8°)'!C42:BH42,"-")+COUNTIF('Asistencia (8°)'!C85:BH85,"-")+COUNTIF('Asistencia (8°)'!C128:BH128,"-"),"")) | E85: =IF(MAESTRO!D44="","",IFERROR(TRUNC(AVERAGE(IFERROR('PROM (Ingles 8°)'!AE44,""),IFERROR('PROM (Ingles 8°)'!BL44,""),IFERROR('PROM (Ingles 8°)'!CT44,""),IFERROR('PROM (Agropecuaria 8°)'!AF44,""),IFERROR('PROM (Agropecuaria 8°)'!BM44,""),IFERROR('PROM (Agropecuaria 8°)'!CU44,""),IFERROR('PROM (Comercio 8°)'!AE44,""),IFERROR('PROM (Comercio 8°)'!BL44,""),IFERROR('PROM (Comercio 8°)'!CT44,"")),1),"")) | F85: =IF(MAESTRO!D44="","",IFERROR(COUNTBLANK('PROM (Ingles 8°)'!C44:O44),""))
A86: 9° | B86: 1 | C86: =IF(MAESTRO!F5="","",IFERROR(MAESTRO!F5,"")) | D86: =IF(MAESTRO!F5="","",IFERROR(COUNTIF('Asistencia (9°)'!C3:BH3,"-")+COUNTIF('Asistencia (9°)'!C46:BH46,"-")+COUNTIF('Asistencia (9°)'!C89:BH89,"-"),"")) | E86: =IF(MAESTRO!F5="","",IFERROR(TRUNC(AVERAGE(IFERROR('PROM (Ingles 9°)'!AE5,""),IFERROR('PROM (Ingles 9°)'!BL5,""),IFERROR('PROM (Ingles 9°)'!CT5,""),IFERROR('PROM (Agropecuaria 9°)'!AE5,""),IFERROR('PROM (Agropecuaria 9°)'!BL5,""),IFERROR('PROM (Agropecuaria 9°)'!CT5,""),IFERROR('PROM (Comercio 9°)'!AE5,""),IFERROR('PROM (Comercio 9°)'!BL5,""),IFERROR('PROM (Comercio 9°)'!CT5,""),IFERROR('PROM (Artistica 9°)'!AE5,""),IFERROR('PROM (Artistica 9°)'!BL5,""),IFERROR('PROM (Artistica 9°)'!CT5,"")),1),"")) | F86: =IF(MAESTRO!F5="","",IFERROR(COUNTBLANK('PROM (Ingles 9°)'!C5:O5),""))
A87: 9° | B87: 2 | C87: =IF(MAESTRO!F6="","",IFERROR(MAESTRO!F6,"")) | D87: =IF(MAESTRO!F6="","",IFERROR(COUNTIF('Asistencia (9°)'!C4:BH4,"-")+COUNTIF('Asistencia (9°)'!C47:BH47,"-")+COUNTIF('Asistencia (9°)'!C90:BH90,"-"),"")) | E87: =IF(MAESTRO!F6="","",IFERROR(TRUNC(AVERAGE(IFERROR('PROM (Ingles 9°)'!AE6,""),IFERROR('PROM (Ingles 9°)'!BL6,""),IFERROR('PROM (Ingles 9°)'!CT6,""),IFERROR('PROM (Agropecuaria 9°)'!AE6,""),IFERROR('PROM (Agropecuaria 9°)'!BL6,""),IFERROR('PROM (Agropecuaria 9°)'!CT6,""),IFERROR('PROM (Comercio 9°)'!AE6,""),IFERROR('PROM (Comercio 9°)'!BL6,""),IFERROR('PROM (Comercio 9°)'!CT6,""),IFERROR('PROM (Artistica 9°)'!AE6,""),IFERROR('PROM (Artistica 9°)'!BL6,""),IFERROR('PROM (Artistica 9°)'!CT6,"")),1),"")) | F87: =IF(MAESTRO!F6="","",IFERROR(COUNTBLANK('PROM (Ingles 9°)'!C6:O6),""))
A88: 9° | B88: 3 | C88: =IF(MAESTRO!F7="","",IFERROR(MAESTRO!F7,"")) | D88: =IF(MAESTRO!F7="","",IFERROR(COUNTIF('Asistencia (9°)'!C5:BH5,"-")+COUNTIF('Asistencia (9°)'!C48:BH48,"-")+COUNTIF('Asistencia (9°)'!C91:BH91,"-"),"")) | E88: =IF(MAESTRO!F7="","",IFERROR(TRUNC(AVERAGE(IFERROR('PROM (Ingles 9°)'!AE7,""),IFERROR('PROM (Ingles 9°)'!BL7,""),IFERROR('PROM (Ingles 9°)'!CT7,""),IFERROR('PROM (Agropecuaria 9°)'!AE7,""),IFERROR('PROM (Agropecuaria 9°)'!BL7,""),IFERROR('PROM (Agropecuaria 9°)'!CT7,""),IFERROR('PROM (Comercio 9°)'!AE7,""),IFERROR('PROM (Comercio 9°)'!BL7,""),IFERROR('PROM (Comercio 9°)'!CT7,""),IFERROR('PROM (Artistica 9°)'!AE7,""),IFERROR('PROM (Artistica 9°)'!BL7,""),IFERROR('PROM (Artistica 9°)'!CT7,"")),1),"")) | F88: =IF(MAESTRO!F7="","",IFERROR(COUNTBLANK('PROM (Ingles 9°)'!C7:O7),""))
A89: 9° | B89: 4 | C89: =IF(MAESTRO!F8="","",IFERROR(MAESTRO!F8,"")) | D89: =IF(MAESTRO!F8="","",IFERROR(COUNTIF('Asistencia (9°)'!C6:BH6,"-")+COUNTIF('Asistencia (9°)'!C49:BH49,"-")+COUNTIF('Asistencia (9°)'!C92:BH92,"-"),"")) | E89: =IF(MAESTRO!F8="","",IFERROR(TRUNC(AVERAGE(IFERROR('PROM (Ingles 9°)'!AE8,""),IFERROR('PROM (Ingles 9°)'!BL8,""),IFERROR('PROM (Ingles 9°)'!CT8,""),IFERROR('PROM (Agropecuaria 9°)'!AE8,""),IFERROR('PROM (Agropecuaria 9°)'!BL8,""),IFERROR('PROM (Agropecuaria 9°)'!CT8,""),IFERROR('PROM (Comercio 9°)'!AE8,""),IFERROR('PROM (Comercio 9°)'!BL8,""),IFERROR('PROM (Comercio 9°)'!CT8,""),IFERROR('PROM (Artistica 9°)'!AE8,""),IFERROR('PROM (Artistica 9°)'!BL8,""),IFERROR('PROM (Artistica 9°)'!CT8,"")),1),"")) | F89: =IF(MAESTRO!F8="","",IFERROR(COUNTBLANK('PROM (Ingles 9°)'!C8:O8),""))
A90: 9° | B90: 5 | C90: =IF(MAESTRO!F9="","",IFERROR(MAESTRO!F9,"")) | D90: =IF(MAESTRO!F9="","",IFERROR(COUNTIF('Asistencia (9°)'!C7:BH7,"-")+COUNTIF('Asistencia (9°)'!C50:BH50,"-")+COUNTIF('Asistencia (9°)'!C93:BH93,"-"),"")) | E90: =IF(MAESTRO!F9="","",IFERROR(TRUNC(AVERAGE(IFERROR('PROM (Ingles 9°)'!AE9,""),IFERROR('PROM (Ingles 9°)'!BL9,""),IFERROR('PROM (Ingles 9°)'!CT9,""),IFERROR('PROM (Agropecuaria 9°)'!AE9,""),IFERROR('PROM (Agropecuaria 9°)'!BL9,""),IFERROR('PROM (Agropecuaria 9°)'!CT9,""),IFERROR('PROM (Comercio 9°)'!AE9,""),IFERROR('PROM (Comercio 9°)'!BL9,""),IFERROR('PROM (Comercio 9°)'!CT9,""),IFERROR('PROM (Artistica 9°)'!AE9,""),IFERROR('PROM (Artistica 9°)'!BL9,""),IFERROR('PROM (Artistica 9°)'!CT9,"")),1),"")) | F90: =IF(MAESTRO!F9="","",IFERROR(COUNTBLANK('PROM (Ingles 9°)'!C9:O9),""))
A91: 9° | B91: 6 | C91: =IF(MAESTRO!F10="","",IFERROR(MAESTRO!F10,"")) | D91: =IF(MAESTRO!F10="","",IFERROR(COUNTIF('Asistencia (9°)'!C8:BH8,"-")+COUNTIF('Asistencia (9°)'!C51:BH51,"-")+COUNTIF('Asistencia (9°)'!C94:BH94,"-"),"")) | E91: =IF(MAESTRO!F10="","",IFERROR(TRUNC(AVERAGE(IFERROR('PROM (Ingles 9°)'!AE10,""),IFERROR('PROM (Ingles 9°)'!BL10,""),IFERROR('PROM (Ingles 9°)'!CT10,""),IFERROR('PROM (Agropecuaria 9°)'!AE10,""),IFERROR('PROM (Agropecuaria 9°)'!BL10,""),IFERROR('PROM (Agropecuaria 9°)'!CT10,""),IFERROR('PROM (Comercio 9°)'!AE10,""),IFERROR('PROM (Comercio 9°)'!BL10,""),IFERROR('PROM (Comercio 9°)'!CT10,""),IFERROR('PROM (Artistica 9°)'!AE10,""),IFERROR('PROM (Artistica 9°)'!BL10,""),IFERROR('PROM (Artistica 9°)'!CT10,"")),1),"")) | F91: =IF(MAESTRO!F10="","",IFERROR(COUNTBLANK('PROM (Ingles 9°)'!C10:O10),""))
A92: 9° | B92: 7 | C92: =IF(MAESTRO!F11="","",IFERROR(MAESTRO!F11,"")) | D92: =IF(MAESTRO!F11="","",IFERROR(COUNTIF('Asistencia (9°)'!C9:BH9,"-")+COUNTIF('Asistencia (9°)'!C52:BH52,"-")+COUNTIF('Asistencia (9°)'!C95:BH95,"-"),"")) | E92: =IF(MAESTRO!F11="","",IFERROR(TRUNC(AVERAGE(IFERROR('PROM (Ingles 9°)'!AE11,""),IFERROR('PROM (Ingles 9°)'!BL11,""),IFERROR('PROM (Ingles 9°)'!CT11,""),IFERROR('PROM (Agropecuaria 9°)'!AE11,""),IFERROR('PROM (Agropecuaria 9°)'!BL11,""),IFERROR('PROM (Agropecuaria 9°)'!CT11,""),IFERROR('PROM (Comercio 9°)'!AE11,""),IFERROR('PROM (Comercio 9°)'!BL11,""),IFERROR('PROM (Comercio 9°)'!CT11,""),IFERROR('PROM (Artistica 9°)'!AE11,""),IFERROR('PROM (Artistica 9°)'!BL11,""),IFERROR('PROM (Artistica 9°)'!CT11,"")),1),"")) | F92: =IF(MAESTRO!F11="","",IFERROR(COUNTBLANK('PROM (Ingles 9°)'!C11:O11),""))
A93: 9° | B93: 8 | C93: =IF(MAESTRO!F12="","",IFERROR(MAESTRO!F12,"")) | D93: =IF(MAESTRO!F12="","",IFERROR(COUNTIF('Asistencia (9°)'!C10:BH10,"-")+COUNTIF('Asistencia (9°)'!C53:BH53,"-")+COUNTIF('Asistencia (9°)'!C96:BH96,"-"),"")) | E93: =IF(MAESTRO!F12="","",IFERROR(TRUNC(AVERAGE(IFERROR('PROM (Ingles 9°)'!AE12,""),IFERROR('PROM (Ingles 9°)'!BL12,""),IFERROR('PROM (Ingles 9°)'!CT12,""),IFERROR('PROM (Agropecuaria 9°)'!AE12,""),IFERROR('PROM (Agropecuaria 9°)'!BL12,""),IFERROR('PROM (Agropecuaria 9°)'!CT12,""),IFERROR('PROM (Comercio 9°)'!AE12,""),IFERROR('PROM (Comercio 9°)'!BL12,""),IFERROR('PROM (Comercio 9°)'!CT12,""),IFERROR('PROM (Artistica 9°)'!AE12,""),IFERROR('PROM (Artistica 9°)'!BL12,""),IFERROR('PROM (Artistica 9°)'!CT12,"")),1),"")) | F93: =IF(MAESTRO!F12="","",IFERROR(COUNTBLANK('PROM (Ingles 9°)'!C12:O12),""))
A94: 9° | B94: 9 | C94: =IF(MAESTRO!F13="","",IFERROR(MAESTRO!F13,"")) | D94: =IF(MAESTRO!F13="","",IFERROR(COUNTIF('Asistencia (9°)'!C11:BH11,"-")+COUNTIF('Asistencia (9°)'!C54:BH54,"-")+COUNTIF('Asistencia (9°)'!C97:BH97,"-"),"")) | E94: =IF(MAESTRO!F13="","",IFERROR(TRUNC(AVERAGE(IFERROR('PROM (Ingles 9°)'!AE13,""),IFERROR('PROM (Ingles 9°)'!BL13,""),IFERROR('PROM (Ingles 9°)'!CT13,""),IFERROR('PROM (Agropecuaria 9°)'!AE13,""),IFERROR('PROM (Agropecuaria 9°)'!BL13,""),IFERROR('PROM (Agropecuaria 9°)'!CT13,""),IFERROR('PROM (Comercio 9°)'!AE13,""),IFERROR('PROM (Comercio 9°)'!BL13,""),IFERROR('PROM (Comercio 9°)'!CT13,""),IFERROR('PROM (Artistica 9°)'!AE13,""),IFERROR('PROM (Artistica 9°)'!BL13,""),IFERROR('PROM (Artistica 9°)'!CT13,"")),1),"")) | F94: =IF(MAESTRO!F13="","",IFERROR(COUNTBLANK('PROM (Ingles 9°)'!C13:O13),""))
A95: 9° | B95: 10 | C95: =IF(MAESTRO!F14="","",IFERROR(MAESTRO!F14,"")) | D95: =IF(MAESTRO!F14="","",IFERROR(COUNTIF('Asistencia (9°)'!C12:BH12,"-")+COUNTIF('Asistencia (9°)'!C55:BH55,"-")+COUNTIF('Asistencia (9°)'!C98:BH98,"-"),"")) | E95: =IF(MAESTRO!F14="","",IFERROR(TRUNC(AVERAGE(IFERROR('PROM (Ingles 9°)'!AE14,""),IFERROR('PROM (Ingles 9°)'!BL14,""),IFERROR('PROM (Ingles 9°)'!CT14,""),IFERROR('PROM (Agropecuaria 9°)'!AE14,""),IFERROR('PROM (Agropecuaria 9°)'!BL14,""),IFERROR('PROM (Agropecuaria 9°)'!CT14,""),IFERROR('PROM (Comercio 9°)'!AE14,""),IFERROR('PROM (Comercio 9°)'!BL14,""),IFERROR('PROM (Comercio 9°)'!CT14,""),IFERROR('PROM (Artistica 9°)'!AE14,""),IFERROR('PROM (Artistica 9°)'!BL14,""),IFERROR('PROM (Artistica 9°)'!CT14,"")),1),"")) | F95: =IF(MAESTRO!F14="","",IFERROR(COUNTBLANK('PROM (Ingles 9°)'!C14:O14),""))
A96: 9° | B96: 11 | C96: =IF(MAESTRO!F15="","",IFERROR(MAESTRO!F15,"")) | D96: =IF(MAESTRO!F15="","",IFERROR(COUNTIF('Asistencia (9°)'!C13:BH13,"-")+COUNTIF('Asistencia (9°)'!C56:BH56,"-")+COUNTIF('Asistencia (9°)'!C99:BH99,"-"),"")) | E96: =IF(MAESTRO!F15="","",IFERROR(TRUNC(AVERAGE(IFERROR('PROM (Ingles 9°)'!AE15,""),IFERROR('PROM (Ingles 9°)'!BL15,""),IFERROR('PROM (Ingles 9°)'!CT15,""),IFERROR('PROM (Agropecuaria 9°)'!AE15,""),IFERROR('PROM (Agropecuaria 9°)'!BL15,""),IFERROR('PROM (Agropecuaria 9°)'!CT15,""),IFERROR('PROM (Comercio 9°)'!AE15,""),IFERROR('PROM (Comercio 9°)'!BL15,""),IFERROR('PROM (Comercio 9°)'!CT15,""),IFERROR('PROM (Artistica 9°)'!AE15,""),IFERROR('PROM (Artistica 9°)'!BL15,""),IFERROR('PROM (Artistica 9°)'!CT15,"")),1),"")) | F96: =IF(MAESTRO!F15="","",IFERROR(COUNTBLANK('PROM (Ingles 9°)'!C15:O15),""))
A97: 9° | B97: 12 | C97: =IF(MAESTRO!F16="","",IFERROR(MAESTRO!F16,"")) | D97: =IF(MAESTRO!F16="","",IFERROR(COUNTIF('Asistencia (9°)'!C14:BH14,"-")+COUNTIF('Asistencia (9°)'!C57:BH57,"-")+COUNTIF('Asistencia (9°)'!C100:BH100,"-"),"")) | E97: =IF(MAESTRO!F16="","",IFERROR(TRUNC(AVERAGE(IFERROR('PROM (Ingles 9°)'!AE16,""),IFERROR('PROM (Ingles 9°)'!BL16,""),IFERROR('PROM (Ingles 9°)'!CT16,""),IFERROR('PROM (Agropecuaria 9°)'!AE16,""),IFERROR('PROM (Agropecuaria 9°)'!BL16,""),IFERROR('PROM (Agropecuaria 9°)'!CT16,""),IFERROR('PROM (Comercio 9°)'!AE16,""),IFERROR('PROM (Comercio 9°)'!BL16,""),IFERROR('PROM (Comercio 9°)'!CT16,""),IFERROR('PROM (Artistica 9°)'!AE16,""),IFERROR('PROM (Artistica 9°)'!BL16,""),IFERROR('PROM (Artistica 9°)'!CT16,"")),1),"")) | F97: =IF(MAESTRO!F16="","",IFERROR(COUNTBLANK('PROM (Ingles 9°)'!C16:O16),""))
... A125: 9° | B125: 40 | C125: =IF(MAESTRO!F44="","",IFERROR(MAESTRO!F44,"")) | D125: =IF(MAESTRO!F44="","",IFERROR(COUNTIF('Asistencia (9°)'!C42:BH42,"-")+COUNTIF('Asistencia (9°)'!C85:BH85,"-")+COUNTIF('Asistencia (9°)'!C128:BH128,"-"),"")) | E125: =IF(MAESTRO!F44="","",IFERROR(TRUNC(AVERAGE(IFERROR('PROM (Ingles 9°)'!AE44,""),IFERROR('PROM (Ingles 9°)'!BL44,""),IFERROR('PROM (Ingles 9°)'!CT44,""),IFERROR('PROM (Agropecuaria 9°)'!AE44,""),IFERROR('PROM (Agropecuaria 9°)'!BL44,""),IFERROR('PROM (Agropecuaria 9°)'!CT44,""),IFERROR('PROM (Comercio 9°)'!AE44,""),IFERROR('PROM (Comercio 9°)'!BL44,""),IFERROR('PROM (Comercio 9°)'!CT44,""),IFERROR('PROM (Artistica 9°)'!AE44,""),IFERROR('PROM (Artistica 9°)'!BL44,""),IFERROR('PROM (Artistica 9°)'!CT44,"")),1),"")) | F125: =IF(MAESTRO!F44="","",IFERROR(COUNTBLANK('PROM (Ingles 9°)'!C44:O44),""))

Sheet RESUMEN_7°
A1: CUADRO DE NOTAS FINALES — 7° GRADO · ESCUELA CERRO CACICÓN 2026
A2: Nota: Las calificaciones se obtienen automáticamente de las hojas PROM de cada materia
A3: No. | B3: APELLIDO, NOMBRE | C3: INGLÉS | G3: AGROPECUARIA | K3: HOGAR Y DESARROLLO | O3: TECNOLOGÍA | S3: ESTADO
C4: T1 | D4: T2 | E4: T3 | F4: FINAL | G4: T1 | H4: T2 | I4: T3 | J4: FINAL | K4: T1 | L4: T2 | M4: T3 | N4: FINAL | O4: T1 | P4: T2 | Q4: T3 | R4: FINAL
A5: 1 | B5: =IF(MAESTRO!B5="","",MAESTRO!B5) | C5: =IF(MAESTRO!B5="","",IFERROR('Planilla (Ingles 7°) '!F16,"")) | D5: =IF(MAESTRO!B5="","",IFERROR('Planilla (Ingles 7°) '!G16,"")) | E5: =IF(MAESTRO!B5="","",IFERROR('Planilla (Ingles 7°) '!H16,"")) | F5: =IF(MAESTRO!B5="","",IFERROR('Planilla (Ingles 7°) '!I16,"")) | G5: =IF(MAESTRO!B5="","",IFERROR('Planilla (Agropecuaria 7°)'!F16,"")) | H5: =IF(MAESTRO!B5="","",IFERROR('Planilla (Agropecuaria 7°)'!G16,"")) | I5: =IF(MAESTRO!B5="","",IFERROR('Planilla (Agropecuaria 7°)'!H16,"")) | J5: =IF(MAESTRO!B5="","",IFERROR('Planilla (Agropecuaria 7°)'!I16,"")) | K5: =IF(MAESTRO!B5="","",IFERROR('Planilla (Hogar y Desarrollo 7)'!F16,"")) | L5: =IF(MAESTRO!B5="","",IFERROR('Planilla (Hogar y Desarrollo 7)'!G16,"")) | M5: =IF(MAESTRO!B5="","",IFERROR('Planilla (Hogar y Desarrollo 7)'!H16,"")) | N5: =IF(MAESTRO!B5="","",IFERROR('Planilla (Hogar y Desarrollo 7)'!I16,"")) | O5: =IF(MAESTRO!B5="","",IFERROR(AVERAGE(G5,K5),"")) | P5: =IF(MAESTRO!B5="","",IFERROR(AVERAGE(H5,L5),"")) | Q5: =IF(MAESTRO!B5="","",IFERROR(AVERAGE(I5,M5),"")) | R5: =IF(MAESTRO!B5="","",IFERROR(TRUNC(AVERAGE(O5,P5,Q5),1),"")) | S5: =IF(MAESTRO!B5="","",IF(AND(F5="",J5="",N5="",R5=""),"",IF(Y(OR(F5="",F5>=3),OR(J5="",J5>=3),OR(N5="",N5>=3),OR(R5="",R5>=3)),"✓ APROBADO","✗ REPROBADO")))
A6: 2 | B6: =IF(MAESTRO!B6="","",MAESTRO!B6) | C6: =IF(MAESTRO!B6="","",IFERROR('Planilla (Ingles 7°) '!F17,"")) | D6: =IF(MAESTRO!B6="","",IFERROR('Planilla (Ingles 7°) '!G17,"")) | E6: =IF(MAESTRO!B6="","",IFERROR('Planilla (Ingles 7°) '!H17,"")) | F6: =IF(MAESTRO!B6="","",IFERROR('Planilla (Ingles 7°) '!I17,"")) | G6: =IF(MAESTRO!B6="","",IFERROR('Planilla (Agropecuaria 7°)'!F17,"")) | H6: =IF(MAESTRO!B6="","",IFERROR('Planilla (Agropecuaria 7°)'!G17,"")) | I6: =IF(MAESTRO!B6="","",IFERROR('Planilla (Agropecuaria 7°)'!H17,"")) | J6: =IF(MAESTRO!B6="","",IFERROR('Planilla (Agropecuaria 7°)'!I17,"")) | K6: =IF(MAESTRO!B6="","",IFERROR('Planilla (Hogar y Desarrollo 7)'!F17,"")) | L6: =IF(MAESTRO!B6="","",IFERROR('Planilla (Hogar y Desarrollo 7)'!G17,"")) | M6: =IF(MAESTRO!B6="","",IFERROR('Planilla (Hogar y Desarrollo 7)'!H17,"")) | N6: =IF(MAESTRO!B6="","",IFERROR('Planilla (Hogar y Desarrollo 7)'!I17,"")) | O6: =IF(MAESTRO!B6="","",IFERROR(AVERAGE(G6,K6),"")) | P6: =IF(MAESTRO!B6="","",IFERROR(AVERAGE(H6,L6),"")) | Q6: =IF(MAESTRO!B6="","",IFERROR(AVERAGE(I6,M6),"")) | R6: =IF(MAESTRO!B6="","",IFERROR(TRUNC(AVERAGE(O6,P6,Q6),1),"")) | S6: =IF(MAESTRO!B6="","",IF(AND(F6="",J6="",N6="",R6=""),"",IF(Y(OR(F6="",F6>=3),OR(J6="",J6>=3),OR(N6="",N6>=3),OR(R6="",R6>=3)),"✓ APROBADO","✗ REPROBADO")))
A7: 3 | B7: =IF(MAESTRO!B7="","",MAESTRO!B7) | C7: =IF(MAESTRO!B7="","",IFERROR('Planilla (Ingles 7°) '!F18,"")) | D7: =IF(MAESTRO!B7="","",IFERROR('Planilla (Ingles 7°) '!G18,"")) | E7: =IF(MAESTRO!B7="","",IFERROR('Planilla (Ingles 7°) '!H18,"")) | F7: =IF(MAESTRO!B7="","",IFERROR('Planilla (Ingles 7°) '!I18,"")) | G7: =IF(MAESTRO!B7="","",IFERROR('Planilla (Agropecuaria 7°)'!F18,"")) | H7: =IF(MAESTRO!B7="","",IFERROR('Planilla (Agropecuaria 7°)'!G18,"")) | I7: =IF(MAESTRO!B7="","",IFERROR('Planilla (Agropecuaria 7°)'!H18,"")) | J7: =IF(MAESTRO!B7="","",IFERROR('Planilla (Agropecuaria 7°)'!I18,"")) | K7: =IF(MAESTRO!B7="","",IFERROR('Planilla (Hogar y Desarrollo 7)'!F18,"")) | L7: =IF(MAESTRO!B7="","",IFERROR('Planilla (Hogar y Desarrollo 7)'!G18,"")) | M7: =IF(MAESTRO!B7="","",IFERROR('Planilla (Hogar y Desarrollo 7)'!H18,"")) | N7: =IF(MAESTRO!B7="","",IFERROR('Planilla (Hogar y Desarrollo 7)'!I18,"")) | O7: =IF(MAESTRO!B7="","",IFERROR(AVERAGE(G7,K7),"")) | P7: =IF(MAESTRO!B7="","",IFERROR(AVERAGE(H7,L7),"")) | Q7: =IF(MAESTRO!B7="","",IFERROR(AVERAGE(I7,M7),"")) | R7: =IF(MAESTRO!B7="","",IFERROR(TRUNC(AVERAGE(O7,P7,Q7),1),"")) | S7: =IF(MAESTRO!B7="","",IF(AND(F7="",J7="",N7="",R7=""),"",IF(Y(OR(F7="",F7>=3),OR(J7="",J7>=3),OR(N7="",N7>=3),OR(R7="",R7>=3)),"✓ APROBADO","✗ REPROBADO")))
A8: 4 | B8: =IF(MAESTRO!B8="","",MAESTRO!B8) | C8: =IF(MAESTRO!B8="","",IFERROR('Planilla (Ingles 7°) '!F19,"")) | D8: =IF(MAESTRO!B8="","",IFERROR('Planilla (Ingles 7°) '!G19,"")) | E8: =IF(MAESTRO!B8="","",IFERROR('Planilla (Ingles 7°) '!H19,"")) | F8: =IF(MAESTRO!B8="","",IFERROR('Planilla (Ingles 7°) '!I19,"")) | G8: =IF(MAESTRO!B8="","",IFERROR('Planilla (Agropecuaria 7°)'!F19,"")) | H8: =IF(MAESTRO!B8="","",IFERROR('Planilla (Agropecuaria 7°)'!G19,"")) | I8: =IF(MAESTRO!B8="","",IFERROR('Planilla (Agropecuaria 7°)'!H19,"")) | J8: =IF(MAESTRO!B8="","",IFERROR('Planilla (Agropecuaria 7°)'!I19,"")) | K8: =IF(MAESTRO!B8="","",IFERROR('Planilla (Hogar y Desarrollo 7)'!F19,"")) | L8: =IF(MAESTRO!B8="","",IFERROR('Planilla (Hogar y Desarrollo 7)'!G19,"")) | M8: =IF(MAESTRO!B8="","",IFERROR('Planilla (Hogar y Desarrollo 7)'!H19,"")) | N8: =IF(MAESTRO!B8="","",IFERROR('Planilla (Hogar y Desarrollo 7)'!I19,"")) | O8: =IF(MAESTRO!B8="","",IFERROR(AVERAGE(G8,K8),"")) | P8: =IF(MAESTRO!B8="","",IFERROR(AVERAGE(H8,L8),"")) | Q8: =IF(MAESTRO!B8="","",IFERROR(AVERAGE(I8,M8),"")) | R8: =IF(MAESTRO!B8="","",IFERROR(TRUNC(AVERAGE(O8,P8,Q8),1),"")) | S8: =IF(MAESTRO!B8="","",IF(AND(F8="",J8="",N8="",R8=""),"",IF(Y(OR(F8="",F8>=3),OR(J8="",J8>=3),OR(N8="",N8>=3),OR(R8="",R8>=3)),"✓ APROBADO","✗ REPROBADO")))
A9: 5 | B9: =IF(MAESTRO!B9="","",MAESTRO!B9) | C9: =IF(MAESTRO!B9="","",IFERROR('Planilla (Ingles 7°) '!F20,"")) | D9: =IF(MAESTRO!B9="","",IFERROR('Planilla (Ingles 7°) '!G20,"")) | E9: =IF(MAESTRO!B9="","",IFERROR('Planilla (Ingles 7°) '!H20,"")) | F9: =IF(MAESTRO!B9="","",IFERROR('Planilla (Ingles 7°) '!I20,"")) | G9: =IF(MAESTRO!B9="","",IFERROR('Planilla (Agropecuaria 7°)'!F20,"")) | H9: =IF(MAESTRO!B9="","",IFERROR('Planilla (Agropecuaria 7°)'!G20,"")) | I9: =IF(MAESTRO!B9="","",IFERROR('Planilla (Agropecuaria 7°)'!H20,"")) | J9: =IF(MAESTRO!B9="","",IFERROR('Planilla (Agropecuaria 7°)'!I20,"")) | K9: =IF(MAESTRO!B9="","",IFERROR('Planilla (Hogar y Desarrollo 7)'!F20,"")) | L9: =IF(MAESTRO!B9="","",IFERROR('Planilla (Hogar y Desarrollo 7)'!G20,"")) | M9: =IF(MAESTRO!B9="","",IFERROR('Planilla (Hogar y Desarrollo 7)'!H20,"")) | N9: =IF(MAESTRO!B9="","",IFERROR('Planilla (Hogar y Desarrollo 7)'!I20,"")) | O9: =IF(MAESTRO!B9="","",IFERROR(AVERAGE(G9,K9),"")) | P9: =IF(MAESTRO!B9="","",IFERROR(AVERAGE(H9,L9),"")) | Q9: =IF(MAESTRO!B9="","",IFERROR(AVERAGE(I9,M9),"")) | R9: =IF(MAESTRO!B9="","",IFERROR(TRUNC(AVERAGE(O9,P9,Q9),1),"")) | S9: =IF(MAESTRO!B9="","",IF(AND(F9="",J9="",N9="",R9=""),"",IF(Y(OR(F9="",F9>=3),OR(J9="",J9>=3),OR(N9="",N9>=3),OR(R9="",R9>=3)),"✓ APROBADO","✗ REPROBADO")))
A10: 6 | B10: =IF(MAESTRO!B10="","",MAESTRO!B10) | C10: =IF(MAESTRO!B10="","",IFERROR('Planilla (Ingles 7°) '!F21,"")) | D10: =IF(MAESTRO!B10="","",IFERROR('Planilla (Ingles 7°) '!G21,"")) | E10: =IF(MAESTRO!B10="","",IFERROR('Planilla (Ingles 7°) '!H21,"")) | F10: =IF(MAESTRO!B10="","",IFERROR('Planilla (Ingles 7°) '!I21,"")) | G10: =IF(MAESTRO!B10="","",IFERROR('Planilla (Agropecuaria 7°)'!F21,"")) | H10: =IF(MAESTRO!B10="","",IFERROR('Planilla (Agropecuaria 7°)'!G21,"")) | I10: =IF(MAESTRO!B10="","",IFERROR('Planilla (Agropecuaria 7°)'!H21,"")) | J10: =IF(MAESTRO!B10="","",IFERROR('Planilla (Agropecuaria 7°)'!I21,"")) | K10: =IF(MAESTRO!B10="","",IFERROR('Planilla (Hogar y Desarrollo 7)'!F21,"")) | L10: =IF(MAESTRO!B10="","",IFERROR('Planilla (Hogar y Desarrollo 7)'!G21,"")) | M10: =IF(MAESTRO!B10="","",IFERROR('Planilla (Hogar y Desarrollo 7)'!H21,"")) | N10: =IF(MAESTRO!B10="","",IFERROR('Planilla (Hogar y Desarrollo 7)'!I21,"")) | O10: =IF(MAESTRO!B10="","",IFERROR(AVERAGE(G10,K10),"")) | P10: =IF(MAESTRO!B10="","",IFERROR(AVERAGE(H10,L10),"")) | Q10: =IF(MAESTRO!B10="","",IFERROR(AVERAGE(I10,M10),"")) | R10: =IF(MAESTRO!B10="","",IFERROR(TRUNC(AVERAGE(O10,P10,Q10),1),"")) | S10: =IF(MAESTRO!B10="","",IF(AND(F10="",J10="",N10="",R10=""),"",IF(Y(OR(F10="",F10>=3),OR(J10="",J10>=3),OR(N10="",N10>=3),OR(R10="",R10>=3)),"✓ APROBADO","✗ REPROBADO")))
A11: 7 | B11: =IF(MAESTRO!B11="","",MAESTRO!B11) | C11: =IF(MAESTRO!B11="","",IFERROR('Planilla (Ingles 7°) '!F22,"")) | D11: =IF(MAESTRO!B11="","",IFERROR('Planilla (Ingles 7°) '!G22,"")) | E11: =IF(MAESTRO!B11="","",IFERROR('Planilla (Ingles 7°) '!H22,"")) | F11: =IF(MAESTRO!B11="","",IFERROR('Planilla (Ingles 7°) '!I22,"")) | G11: =IF(MAESTRO!B11="","",IFERROR('Planilla (Agropecuaria 7°)'!F22,"")) | H11: =IF(MAESTRO!B11="","",IFERROR('Planilla (Agropecuaria 7°)'!G22,"")) | I11: =IF(MAESTRO!B11="","",IFERROR('Planilla (Agropecuaria 7°)'!H22,"")) | J11: =IF(MAESTRO!B11="","",IFERROR('Planilla (Agropecuaria 7°)'!I22,"")) | K11: =IF(MAESTRO!B11="","",IFERROR('Planilla (Hogar y Desarrollo 7)'!F22,"")) | L11: =IF(MAESTRO!B11="","",IFERROR('Planilla (Hogar y Desarrollo 7)'!G22,"")) | M11: =IF(MAESTRO!B11="","",IFERROR('Planilla (Hogar y Desarrollo 7)'!H22,"")) | N11: =IF(MAESTRO!B11="","",IFERROR('Planilla (Hogar y Desarrollo 7)'!I22,"")) | O11: =IF(MAESTRO!B11="","",IFERROR(AVERAGE(G11,K11),"")) | P11: =IF(MAESTRO!B11="","",IFERROR(AVERAGE(H11,L11),"")) | Q11: =IF(MAESTRO!B11="","",IFERROR(AVERAGE(I11,M11),"")) | R11: =IF(MAESTRO!B11="","",IFERROR(TRUNC(AVERAGE(O11,P11,Q11),1),"")) | S11: =IF(MAESTRO!B11="","",IF(AND(F11="",J11="",N11="",R11=""),"",IF(Y(OR(F11="",F11>=3),OR(J11="",J11>=3),OR(N11="",N11>=3),OR(R11="",R11>=3)),"✓ APROBADO","✗ REPROBADO")))
A12: 8 | B12: =IF(MAESTRO!B12="","",MAESTRO!B12) | C12: =IF(MAESTRO!B12="","",IFERROR('Planilla (Ingles 7°) '!F23,"")) | D12: =IF(MAESTRO!B12="","",IFERROR('Planilla (Ingles 7°) '!G23,"")) | E12: =IF(MAESTRO!B12="","",IFERROR('Planilla (Ingles 7°) '!H23,"")) | F12: =IF(MAESTRO!B12="","",IFERROR('Planilla (Ingles 7°) '!I23,"")) | G12: =IF(MAESTRO!B12="","",IFERROR('Planilla (Agropecuaria 7°)'!F23,"")) | H12: =IF(MAESTRO!B12="","",IFERROR('Planilla (Agropecuaria 7°)'!G23,"")) | I12: =IF(MAESTRO!B12="","",IFERROR('Planilla (Agropecuaria 7°)'!H23,"")) | J12: =IF(MAESTRO!B12="","",IFERROR('Planilla (Agropecuaria 7°)'!I23,"")) | K12: =IF(MAESTRO!B12="","",IFERROR('Planilla (Hogar y Desarrollo 7)'!F23,"")) | L12: =IF(MAESTRO!B12="","",IFERROR('Planilla (Hogar y Desarrollo 7)'!G23,"")) | M12: =IF(MAESTRO!B12="","",IFERROR('Planilla (Hogar y Desarrollo 7)'!H23,"")) | N12: =IF(MAESTRO!B12="","",IFERROR('Planilla (Hogar y Desarrollo 7)'!I23,"")) | O12: =IF(MAESTRO!B12="","",IFERROR(AVERAGE(G12,K12),"")) | P12: =IF(MAESTRO!B12="","",IFERROR(AVERAGE(H12,L12),"")) | Q12: =IF(MAESTRO!B12="","",IFERROR(AVERAGE(I12,M12),"")) | R12: =IF(MAESTRO!B12="","",IFERROR(TRUNC(AVERAGE(O12,P12,Q12),1),"")) | S12: =IF(MAESTRO!B12="","",IF(AND(F12="",J12="",N12="",R12=""),"",IF(Y(OR(F12="",F12>=3),OR(J12="",J12>=3),OR(N12="",N12>=3),OR(R12="",R12>=3)),"✓ APROBADO","✗ REPROBADO")))
A13: 9 | B13: =IF(MAESTRO!B13="","",MAESTRO!B13) | C13: =IF(MAESTRO!B13="","",IFERROR('Planilla (Ingles 7°) '!F24,"")) | D13: =IF(MAESTRO!B13="","",IFERROR('Planilla (Ingles 7°) '!G24,"")) | E13: =IF(MAESTRO!B13="","",IFERROR('Planilla (Ingles 7°) '!H24,"")) | F13: =IF(MAESTRO!B13="","",IFERROR('Planilla (Ingles 7°) '!I24,"")) | G13: =IF(MAESTRO!B13="","",IFERROR('Planilla (Agropecuaria 7°)'!F24,"")) | H13: =IF(MAESTRO!B13="","",IFERROR('Planilla (Agropecuaria 7°)'!G24,"")) | I13: =IF(MAESTRO!B13="","",IFERROR('Planilla (Agropecuaria 7°)'!H24,"")) | J13: =IF(MAESTRO!B13="","",IFERROR('Planilla (Agropecuaria 7°)'!I24,"")) | K13: =IF(MAESTRO!B13="","",IFERROR('Planilla (Hogar y Desarrollo 7)'!F24,"")) | L13: =IF(MAESTRO!B13="","",IFERROR('Planilla (Hogar y Desarrollo 7)'!G24,"")) | M13: =IF(MAESTRO!B13="","",IFERROR('Planilla (Hogar y Desarrollo 7)'!H24,"")) | N13: =IF(MAESTRO!B13="","",IFERROR('Planilla (Hogar y Desarrollo 7)'!I24,"")) | O13: =IF(MAESTRO!B13="","",IFERROR(AVERAGE(G13,K13),"")) | P13: =IF(MAESTRO!B13="","",IFERROR(AVERAGE(H13,L13),"")) | Q13: =IF(MAESTRO!B13="","",IFERROR(AVERAGE(I13,M13),"")) | R13: =IF(MAESTRO!B13="","",IFERROR(TRUNC(AVERAGE(O13,P13,Q13),1),"")) | S13: =IF(MAESTRO!B13="","",IF(AND(F13="",J13="",N13="",R13=""),"",IF(Y(OR(F13="",F13>=3),OR(J13="",J13>=3),OR(N13="",N13>=3),OR(R13="",R13>=3)),"✓ APROBADO","✗ REPROBADO")))
A14: 10 | B14: =IF(MAESTRO!B14="","",MAESTRO!B14) | C14: =IF(MAESTRO!B14="","",IFERROR('Planilla (Ingles 7°) '!F25,"")) | D14: =IF(MAESTRO!B14="","",IFERROR('Planilla (Ingles 7°) '!G25,"")) | E14: =IF(MAESTRO!B14="","",IFERROR('Planilla (Ingles 7°) '!H25,"")) | F14: =IF(MAESTRO!B14="","",IFERROR('Planilla (Ingles 7°) '!I25,"")) | G14: =IF(MAESTRO!B14="","",IFERROR('Planilla (Agropecuaria 7°)'!F25,"")) | H14: =IF(MAESTRO!B14="","",IFERROR('Planilla (Agropecuaria 7°)'!G25,"")) | I14: =IF(MAESTRO!B14="","",IFERROR('Planilla (Agropecuaria 7°)'!H25,"")) | J14: =IF(MAESTRO!B14="","",IFERROR('Planilla (Agropecuaria 7°)'!I25,"")) | K14: =IF(MAESTRO!B14="","",IFERROR('Planilla (Hogar y Desarrollo 7)'!F25,"")) | L14: =IF(MAESTRO!B14="","",IFERROR('Planilla (Hogar y Desarrollo 7)'!G25,"")) | M14: =IF(MAESTRO!B14="","",IFERROR('Planilla (Hogar y Desarrollo 7)'!H25,"")) | N14: =IF(MAESTRO!B14="","",IFERROR('Planilla (Hogar y Desarrollo 7)'!I25,"")) | O14: =IF(MAESTRO!B14="","",IFERROR(AVERAGE(G14,K14),"")) | P14: =IF(MAESTRO!B14="","",IFERROR(AVERAGE(H14,L14),"")) | Q14: =IF(MAESTRO!B14="","",IFERROR(AVERAGE(I14,M14),"")) | R14: =IF(MAESTRO!B14="","",IFERROR(TRUNC(AVERAGE(O14,P14,Q14),1),"")) | S14: =IF(MAESTRO!B14="","",IF(AND(F14="",J14="",N14="",R14=""),"",IF(Y(OR(F14="",F14>=3),OR(J14="",J14>=3),OR(N14="",N14>=3),OR(R14="",R14>=3)),"✓ APROBADO","✗ REPROBADO")))
A15: 11 | B15: =IF(MAESTRO!B15="","",MAESTRO!B15) | C15: =IF(MAESTRO!B15="","",IFERROR('Planilla (Ingles 7°) '!F26,"")) | D15: =IF(MAESTRO!B15="","",IFERROR('Planilla (Ingles 7°) '!G26,"")) | E15: =IF(MAESTRO!B15="","",IFERROR('Planilla (Ingles 7°) '!H26,"")) | F15: =IF(MAESTRO!B15="","",IFERROR('Planilla (Ingles 7°) '!I26,"")) | G15: =IF(MAESTRO!B15="","",IFERROR('Planilla (Agropecuaria 7°)'!F26,"")) | H15: =IF(MAESTRO!B15="","",IFERROR('Planilla (Agropecuaria 7°)'!G26,"")) | I15: =IF(MAESTRO!B15="","",IFERROR('Planilla (Agropecuaria 7°)'!H26,"")) | J15: =IF(MAESTRO!B15="","",IFERROR('Planilla (Agropecuaria 7°)'!I26,"")) | K15: =IF(MAESTRO!B15="","",IFERROR('Planilla (Hogar y Desarrollo 7)'!F26,"")) | L15: =IF(MAESTRO!B15="","",IFERROR('Planilla (Hogar y Desarrollo 7)'!G26,"")) | M15: =IF(MAESTRO!B15="","",IFERROR('Planilla (Hogar y Desarrollo 7)'!H26,"")) | N15: =IF(MAESTRO!B15="","",IFERROR('Planilla (Hogar y Desarrollo 7)'!I26,"")) | O15: =IF(MAESTRO!B15="","",IFERROR(AVERAGE(G15,K15),"")) | P15: =IF(MAESTRO!B15="","",IFERROR(AVERAGE(H15,L15),"")) | Q15: =IF(MAESTRO!B15="","",IFERROR(AVERAGE(I15,M15),"")) | R15: =IF(MAESTRO!B15="","",IFERROR(TRUNC(AVERAGE(O15,P15,Q15),1),"")) | S15: =IF(MAESTRO!B15="","",IF(AND(F15="",J15="",N15="",R15=""),"",IF(Y(OR(F15="",F15>=3),OR(J15="",J15>=3),OR(N15="",N15>=3),OR(R15="",R15>=3)),"✓ APROBADO","✗ REPROBADO")))
A16: 12 | B16: =IF(MAESTRO!B16="","",MAESTRO!B16) | C16: =IF(MAESTRO!B16="","",IFERROR('Planilla (Ingles 7°) '!F27,"")) | D16: =IF(MAESTRO!B16="","",IFERROR('Planilla (Ingles 7°) '!G27,"")) | E16: =IF(MAESTRO!B16="","",IFERROR('Planilla (Ingles 7°) '!H27,"")) | F16: =IF(MAESTRO!B16="","",IFERROR('Planilla (Ingles 7°) '!I27,"")) | G16: =IF(MAESTRO!B16="","",IFERROR('Planilla (Agropecuaria 7°)'!F27,"")) | H16: =IF(MAESTRO!B16="","",IFERROR('Planilla (Agropecuaria 7°)'!G27,"")) | I16: =IF(MAESTRO!B16="","",IFERROR('Planilla (Agropecuaria 7°)'!H27,"")) | J16: =IF(MAESTRO!B16="","",IFERROR('Planilla (Agropecuaria 7°)'!I27,"")) | K16: =IF(MAESTRO!B16="","",IFERROR('Planilla (Hogar y Desarrollo 7)'!F27,"")) | L16: =IF(MAESTRO!B16="","",IFERROR('Planilla (Hogar y Desarrollo 7)'!G27,"")) | M16: =IF(MAESTRO!B16="","",IFERROR('Planilla (Hogar y Desarrollo 7)'!H27,"")) | N16: =IF(MAESTRO!B16="","",IFERROR('Planilla (Hogar y Desarrollo 7)'!I27,"")) | O16: =IF(MAESTRO!B16="","",IFERROR(AVERAGE(G16,K16),"")) | P16: =IF(MAESTRO!B16="","",IFERROR(AVERAGE(H16,L16),"")) | Q16: =IF(MAESTRO!B16="","",IFERROR(AVERAGE(I16,M16),"")) | R16: =IF(MAESTRO!B16="","",IFERROR(TRUNC(AVERAGE(O16,P16,Q16),1),"")) | S16: =IF(MAESTRO!B16="","",IF(AND(F16="",J16="",N16="",R16=""),"",IF(Y(OR(F16="",F16>=3),OR(J16="",J16>=3),OR(N16="",N16>=3),OR(R16="",R16>=3)),"✓ APROBADO","✗ REPROBADO")))
... A44: 40 | B44: =IF(MAESTRO!B44="","",MAESTRO!B44) | C44: =IF(MAESTRO!B44="","",IFERROR('Planilla (Ingles 7°) '!F55,"")) | D44: =IF(MAESTRO!B44="","",IFERROR('Planilla (Ingles 7°) '!G55,"")) | E44: =IF(MAESTRO!B44="","",IFERROR('Planilla (Ingles 7°) '!H55,"")) | F44: =IF(MAESTRO!B44="","",IFERROR('Planilla (Ingles 7°) '!I55,"")) | G44: =IF(MAESTRO!B44="","",IFERROR('Planilla (Agropecuaria 7°)'!F55,"")) | H44: =IF(MAESTRO!B44="","",IFERROR('Planilla (Agropecuaria 7°)'!G55,"")) | I44: =IF(MAESTRO!B44="","",IFERROR('Planilla (Agropecuaria 7°)'!H55,"")) | J44: =IF(MAESTRO!B44="","",IFERROR('Planilla (Agropecuaria 7°)'!I55,"")) | K44: =IF(MAESTRO!B44="","",IFERROR('Planilla (Hogar y Desarrollo 7)'!F55,"")) | L44: =IF(MAESTRO!B44="","",IFERROR('Planilla (Hogar y Desarrollo 7)'!G55,"")) | M44: =IF(MAESTRO!B44="","",IFERROR('Planilla (Hogar y Desarrollo 7)'!H55,"")) | N44: =IF(MAESTRO!B44="","",IFERROR('Planilla (Hogar y Desarrollo 7)'!I55,"")) | O44: =IF(MAESTRO!B44="","",IFERROR(AVERAGE(G44,K44),"")) | P44: =IF(MAESTRO!B44="","",IFERROR(AVERAGE(H44,L44),"")) | Q44: =IF(MAESTRO!B44="","",IFERROR(AVERAGE(I44,M44),"")) | R44: =IF(MAESTRO!B44="","",IFERROR(TRUNC(AVERAGE(O44,P44,Q44),1),"")) | S44: =IF(MAESTRO!B44="","",IF(AND(F44="",J44="",N44="",R44=""),"",IF(Y(OR(F44="",F44>=3),OR(J44="",J44>=3),OR(N44="",N44>=3),OR(R44="",R44>=3)),"✓ APROBADO","✗ REPROBADO")))
A46: PROMEDIO DEL GRUPO | C46: =IFERROR(ROUND(AVERAGEIF(C5:C44,"<>"&""),1),"") | D46: =IFERROR(ROUND(AVERAGEIF(D5:D44,"<>"&""),1),"") | E46: =IFERROR(ROUND(AVERAGEIF(E5:E44,"<>"&""),1),"") | F46: =IFERROR(ROUND(AVERAGEIF(F5:F44,"<>"&""),1),"") | G46: =IFERROR(ROUND(AVERAGEIF(G5:G44,"<>"&""),1),"") | H46: =IFERROR(ROUND(AVERAGEIF(H5:H44,"<>"&""),1),"") | I46: =IFERROR(ROUND(AVERAGEIF(I5:I44,"<>"&""),1),"") | J46: =IFERROR(ROUND(AVERAGEIF(J5:J44,"<>"&""),1),"") | ... R46: =IFERROR(ROUND(AVERAGEIF(R5:R44,"<>"&""),1),"")

Sheet RESUMEN_8°
A1: CUADRO DE NOTAS FINALES — 8° GRADO · ESCUELA CERRO CACICÓN 2026
A2: Nota: Las calificaciones se obtienen automáticamente de las hojas PROM de cada materia
A3: No. | B3: APELLIDO, NOMBRE | C3: INGLÉS | G3: AGROPECUARIA | K3: COMERCIO | O3: TECNOLOGÍA | S3: ESTADO
C4: T1 | D4: T2 | E4: T3 | F4: FINAL | G4: T1 | H4: T2 | I4: T3 | J4: FINAL | K4: T1 | L4: T2 | M4: T3 | N4: FINAL | O4: T1 | P4: T2 | Q4: T3 | R4: FINAL
A5: 1 | B5: =IF(MAESTRO!D5="","",MAESTRO!D5) | C5: =IF(MAESTRO!D5="","",IFERROR('Planilla (Ingles 8°)'!F16,"")) | D5: =IF(MAESTRO!D5="","",IFERROR('Planilla (Ingles 8°)'!G16,"")) | E5: =IF(MAESTRO!D5="","",IFERROR('Planilla (Ingles 8°)'!H16,"")) | F5: =IF(MAESTRO!D5="","",IFERROR('Planilla (Ingles 8°)'!I16,"")) | G5: =IF(MAESTRO!D5="","",IFERROR('Planilla (Agropecuaria 8°) '!F16,"")) | H5: =IF(MAESTRO!D5="","",IFERROR('Planilla (Agropecuaria 8°) '!G16,"")) | I5: =IF(MAESTRO!D5="","",IFERROR('Planilla (Agropecuaria 8°) '!H16,"")) | J5: =IF(MAESTRO!D5="","",IFERROR('Planilla (Agropecuaria 8°) '!I16,"")) | K5: =IF(MAESTRO!D5="","",IFERROR('Planilla (Comercio 8°)'!F16,"")) | L5: =IF(MAESTRO!D5="","",IFERROR('Planilla (Comercio 8°)'!G16,"")) | M5: =IF(MAESTRO!D5="","",IFERROR('Planilla (Comercio 8°)'!H16,"")) | N5: =IF(MAESTRO!D5="","",IFERROR('Planilla (Comercio 8°)'!I16,"")) | O5: =IF(MAESTRO!D5="","",IFERROR(AVERAGE(G5,K5),"")) | P5: =IF(MAESTRO!D5="","",IFERROR(AVERAGE(H5,L5),"")) | Q5: =IF(MAESTRO!D5="","",IFERROR(AVERAGE(I5,M5),"")) | R5: =IF(MAESTRO!D5="","",IFERROR(TRUNC(AVERAGE(O5,P5,Q5),1),"")) | S5: =IF(MAESTRO!D5="","",IF(AND(F5="",J5="",N5="",R5=""),"",IF(Y(OR(F5="",F5>=3),OR(J5="",J5>=3),OR(N5="",N5>=3),OR(R5="",R5>=3)),"✓ APROBADO","✗ REPROBADO")))
A6: 2 | B6: =IF(MAESTRO!D6="","",MAESTRO!D6) | C6: =IF(MAESTRO!D6="","",IFERROR('Planilla (Ingles 8°)'!F17,"")) | D6: =IF(MAESTRO!D6="","",IFERROR('Planilla (Ingles 8°)'!G17,"")) | E6: =IF(MAESTRO!D6="","",IFERROR('Planilla (Ingles 8°)'!H17,"")) | F6: =IF(MAESTRO!D6="","",IFERROR('Planilla (Ingles 8°)'!I17,"")) | G6: =IF(MAESTRO!D6="","",IFERROR('Planilla (Agropecuaria 8°) '!F17,"")) | H6: =IF(MAESTRO!D6="","",IFERROR('Planilla (Agropecuaria 8°) '!G17,"")) | I6: =IF(MAESTRO!D6="","",IFERROR('Planilla (Agropecuaria 8°) '!H17,"")) | J6: =IF(MAESTRO!D6="","",IFERROR('Planilla (Agropecuaria 8°) '!I17,"")) | K6: =IF(MAESTRO!D6="","",IFERROR('Planilla (Comercio 8°)'!F17,"")) | L6: =IF(MAESTRO!D6="","",IFERROR('Planilla (Comercio 8°)'!G17,"")) | M6: =IF(MAESTRO!D6="","",IFERROR('Planilla (Comercio 8°)'!H17,"")) | N6: =IF(MAESTRO!D6="","",IFERROR('Planilla (Comercio 8°)'!I17,"")) | O6: =IF(MAESTRO!D6="","",IFERROR(AVERAGE(G6,K6),"")) | P6: =IF(MAESTRO!D6="","",IFERROR(AVERAGE(H6,L6),"")) | Q6: =IF(MAESTRO!D6="","",IFERROR(AVERAGE(I6,M6),"")) | R6: =IF(MAESTRO!D6="","",IFERROR(TRUNC(AVERAGE(O6,P6,Q6),1),"")) | S6: =IF(MAESTRO!D6="","",IF(AND(F6="",J6="",N6="",R6=""),"",IF(Y(OR(F6="",F6>=3),OR(J6="",J6>=3),OR(N6="",N6>=3),OR(R6="",R6>=3)),"✓ APROBADO","✗ REPROBADO")))
A7: 3 | B7: =IF(MAESTRO!D7="","",MAESTRO!D7) | C7: =IF(MAESTRO!D7="","",IFERROR('Planilla (Ingles 8°)'!F18,"")) | D7: =IF(MAESTRO!D7="","",IFERROR('Planilla (Ingles 8°)'!G18,"")) | E7: =IF(MAESTRO!D7="","",IFERROR('Planilla (Ingles 8°)'!H18,"")) | F7: =IF(MAESTRO!D7="","",IFERROR('Planilla (Ingles 8°)'!I18,"")) | G7: =IF(MAESTRO!D7="","",IFERROR('Planilla (Agropecuaria 8°) '!F18,"")) | H7: =IF(MAESTRO!D7="","",IFERROR('Planilla (Agropecuaria 8°) '!G18,"")) | I7: =IF(MAESTRO!D7="","",IFERROR('Planilla (Agropecuaria 8°) '!H18,"")) | J7: =IF(MAESTRO!D7="","",IFERROR('Planilla (Agropecuaria 8°) '!I18,"")) | K7: =IF(MAESTRO!D7="","",IFERROR('Planilla (Comercio 8°)'!F18,"")) | L7: =IF(MAESTRO!D7="","",IFERROR('Planilla (Comercio 8°)'!G18,"")) | M7: =IF(MAESTRO!D7="","",IFERROR('Planilla (Comercio 8°)'!H18,"")) | N7: =IF(MAESTRO!D7="","",IFERROR('Planilla (Comercio 8°)'!I18,"")) | O7: =IF(MAESTRO!D7="","",IFERROR(AVERAGE(G7,K7),"")) | P7: =IF(MAESTRO!D7="","",IFERROR(AVERAGE(H7,L7),"")) | Q7: =IF(MAESTRO!D7="","",IFERROR(AVERAGE(I7,M7),"")) | R7: =IF(MAESTRO!D7="","",IFERROR(TRUNC(AVERAGE(O7,P7,Q7),1),"")) | S7: =IF(MAESTRO!D7="","",IF(AND(F7="",J7="",N7="",R7=""),"",IF(Y(OR(F7="",F7>=3),OR(J7="",J7>=3),OR(N7="",N7>=3),OR(R7="",R7>=3)),"✓ APROBADO","✗ REPROBADO")))
A8: 4 | B8: =IF(MAESTRO!D8="","",MAESTRO!D8) | C8: =IF(MAESTRO!D8="","",IFERROR('Planilla (Ingles 8°)'!F19,"")) | D8: =IF(MAESTRO!D8="","",IFERROR('Planilla (Ingles 8°)'!G19,"")) | E8: =IF(MAESTRO!D8="","",IFERROR('Planilla (Ingles 8°)'!H19,"")) | F8: =IF(MAESTRO!D8="","",IFERROR('Planilla (Ingles 8°)'!I19,"")) | G8: =IF(MAESTRO!D8="","",IFERROR('Planilla (Agropecuaria 8°) '!F19,"")) | H8: =IF(MAESTRO!D8="","",IFERROR('Planilla (Agropecuaria 8°) '!G19,"")) | I8: =IF(MAESTRO!D8="","",IFERROR('Planilla (Agropecuaria 8°) '!H19,"")) | J8: =IF(MAESTRO!D8="","",IFERROR('Planilla (Agropecuaria 8°) '!I19,"")) | K8: =IF(MAESTRO!D8="","",IFERROR('Planilla (Comercio 8°)'!F19,"")) | L8: =IF(MAESTRO!D8="","",IFERROR('Planilla (Comercio 8°)'!G19,"")) | M8: =IF(MAESTRO!D8="","",IFERROR('Planilla (Comercio 8°)'!H19,"")) | N8: =IF(MAESTRO!D8="","",IFERROR('Planilla (Comercio 8°)'!I19,"")) | O8: =IF(MAESTRO!D8="","",IFERROR(AVERAGE(G8,K8),"")) | P8: =IF(MAESTRO!D8="","",IFERROR(AVERAGE(H8,L8),"")) | Q8: =IF(MAESTRO!D8="","",IFERROR(AVERAGE(I8,M8),"")) | R8: =IF(MAESTRO!D8="","",IFERROR(TRUNC(AVERAGE(O8,P8,Q8),1),"")) | S8: =IF(MAESTRO!D8="","",IF(AND(F8="",J8="",N8="",R8=""),"",IF(Y(OR(F8="",F8>=3),OR(J8="",J8>=3),OR(N8="",N8>=3),OR(R8="",R8>=3)),"✓ APROBADO","✗ REPROBADO")))
A9: 5 | B9: =IF(MAESTRO!D9="","",MAESTRO!D9) | C9: =IF(MAESTRO!D9="","",IFERROR('Planilla (Ingles 8°)'!F20,"")) | D9: =IF(MAESTRO!D9="","",IFERROR('Planilla (Ingles 8°)'!G20,"")) | E9: =IF(MAESTRO!D9="","",IFERROR('Planilla (Ingles 8°)'!H20,"")) | F9: =IF(MAESTRO!D9="","",IFERROR('Planilla (Ingles 8°)'!I20,"")) | G9: =IF(MAESTRO!D9="","",IFERROR('Planilla (Agropecuaria 8°) '!F20,"")) | H9: =IF(MAESTRO!D9="","",IFERROR('Planilla (Agropecuaria 8°) '!G20,"")) | I9: =IF(MAESTRO!D9="","",IFERROR('Planilla (Agropecuaria 8°) '!H20,"")) | J9: =IF(MAESTRO!D9="","",IFERROR('Planilla (Agropecuaria 8°) '!I20,"")) | K9: =IF(MAESTRO!D9="","",IFERROR('Planilla (Comercio 8°)'!F20,"")) | L9: =IF(MAESTRO!D9="","",IFERROR('Planilla (Comercio 8°)'!G20,"")) | M9: =IF(MAESTRO!D9="","",IFERROR('Planilla (Comercio 8°)'!H20,"")) | N9: =IF(MAESTRO!D9="","",IFERROR('Planilla (Comercio 8°)'!I20,"")) | O9: =IF(MAESTRO!D9="","",IFERROR(AVERAGE(G9,K9),"")) | P9: =IF(MAESTRO!D9="","",IFERROR(AVERAGE(H9,L9),"")) | Q9: =IF(MAESTRO!D9="","",IFERROR(AVERAGE(I9,M9),"")) | R9: =IF(MAESTRO!D9="","",IFERROR(TRUNC(AVERAGE(O9,P9,Q9),1),"")) | S9: =IF(MAESTRO!D9="","",IF(AND(F9="",J9="",N9="",R9=""),"",IF(Y(OR(F9="",F9>=3),OR(J9="",J9>=3),OR(N9="",N9>=3),OR(R9="",R9>=3)),"✓ APROBADO","✗ REPROBADO")))
A10: 6 | B10: =IF(MAESTRO!D10="","",MAESTRO!D10) | C10: =IF(MAESTRO!D10="","",IFERROR('Planilla (Ingles 8°)'!F21,"")) | D10: =IF(MAESTRO!D10="","",IFERROR('Planilla (Ingles 8°)'!G21,"")) | E10: =IF(MAESTRO!D10="","",IFERROR('Planilla (Ingles 8°)'!H21,"")) | F10: =IF(MAESTRO!D10="","",IFERROR('Planilla (Ingles 8°)'!I21,"")) | G10: =IF(MAESTRO!D10="","",IFERROR('Planilla (Agropecuaria 8°) '!F21,"")) | H10: =IF(MAESTRO!D10="","",IFERROR('Planilla (Agropecuaria 8°) '!G21,"")) | I10: =IF(MAESTRO!D10="","",IFERROR('Planilla (Agropecuaria 8°) '!H21,"")) | J10: =IF(MAESTRO!D10="","",IFERROR('Planilla (Agropecuaria 8°) '!I21,"")) | K10: =IF(MAESTRO!D10="","",IFERROR('Planilla (Comercio 8°)'!F21,"")) | L10: =IF(MAESTRO!D10="","",IFERROR('Planilla (Comercio 8°)'!G21,"")) | M10: =IF(MAESTRO!D10="","",IFERROR('Planilla (Comercio 8°)'!H21,"")) | N10: =IF(MAESTRO!D10="","",IFERROR('Planilla (Comercio 8°)'!I21,"")) | O10: =IF(MAESTRO!D10="","",IFERROR(AVERAGE(G10,K10),"")) | P10: =IF(MAESTRO!D10="","",IFERROR(AVERAGE(H10,L10),"")) | Q10: =IF(MAESTRO!D10="","",IFERROR(AVERAGE(I10,M10),"")) | R10: =IF(MAESTRO!D10="","",IFERROR(TRUNC(AVERAGE(O10,P10,Q10),1),"")) | S10: =IF(MAESTRO!D10="","",IF(AND(F10="",J10="",N10="",R10=""),"",IF(Y(OR(F10="",F10>=3),OR(J10="",J10>=3),OR(N10="",N10>=3),OR(R10="",R10>=3)),"✓ APROBADO","✗ REPROBADO")))
A11: 7 | B11: =IF(MAESTRO!D11="","",MAESTRO!D11) | C11: =IF(MAESTRO!D11="","",IFERROR('Planilla (Ingles 8°)'!F22,"")) | D11: =IF(MAESTRO!D11="","",IFERROR('Planilla (Ingles 8°)'!G22,"")) | E11: =IF(MAESTRO!D11="","",IFERROR('Planilla (Ingles 8°)'!H22,"")) | F11: =IF(MAESTRO!D11="","",IFERROR('Planilla (Ingles 8°)'!I22,"")) | G11: =IF(MAESTRO!D11="","",IFERROR('Planilla (Agropecuaria 8°) '!F22,"")) | H11: =IF(MAESTRO!D11="","",IFERROR('Planilla (Agropecuaria 8°) '!G22,"")) | I11: =IF(MAESTRO!D11="","",IFERROR('Planilla (Agropecuaria 8°) '!H22,"")) | J11: =IF(MAESTRO!D11="","",IFERROR('Planilla (Agropecuaria 8°) '!I22,"")) | K11: =IF(MAESTRO!D11="","",IFERROR('Planilla (Comercio 8°)'!F22,"")) | L11: =IF(MAESTRO!D11="","",IFERROR('Planilla (Comercio 8°)'!G22,"")) | M11: =IF(MAESTRO!D11="","",IFERROR('Planilla (Comercio 8°)'!H22,"")) | N11: =IF(MAESTRO!D11="","",IFERROR('Planilla (Comercio 8°)'!I22,"")) | O11: =IF(MAESTRO!D11="","",IFERROR(AVERAGE(G11,K11),"")) | P11: =IF(MAESTRO!D11="","",IFERROR(AVERAGE(H11,L11),"")) | Q11: =IF(MAESTRO!D11="","",IFERROR(AVERAGE(I11,M11),"")) | R11: =IF(MAESTRO!D11="","",IFERROR(TRUNC(AVERAGE(O11,P11,Q11),1),"")) | S11: =IF(MAESTRO!D11="","",IF(AND(F11="",J11="",N11="",R11=""),"",IF(Y(OR(F11="",F11>=3),OR(J11="",J11>=3),OR(N11="",N11>=3),OR(R11="",R11>=3)),"✓ APROBADO","✗ REPROBADO")))
A12: 8 | B12: =IF(MAESTRO!D12="","",MAESTRO!D12) | C12: =IF(MAESTRO!D12="","",IFERROR('Planilla (Ingles 8°)'!F23,"")) | D12: =IF(MAESTRO!D12="","",IFERROR('Planilla (Ingles 8°)'!G23,"")) | E12: =IF(MAESTRO!D12="","",IFERROR('Planilla (Ingles 8°)'!H23,"")) | F12: =IF(MAESTRO!D12="","",IFERROR('Planilla (Ingles 8°)'!I23,"")) | G12: =IF(MAESTRO!D12="","",IFERROR('Planilla (Agropecuaria 8°) '!F23,"")) | H12: =IF(MAESTRO!D12="","",IFERROR('Planilla (Agropecuaria 8°) '!G23,"")) | I12: =IF(MAESTRO!D12="","",IFERROR('Planilla (Agropecuaria 8°) '!H23,"")) | J12: =IF(MAESTRO!D12="","",IFERROR('Planilla (Agropecuaria 8°) '!I23,"")) | K12: =IF(MAESTRO!D12="","",IFERROR('Planilla (Comercio 8°)'!F23,"")) | L12: =IF(MAESTRO!D12="","",IFERROR('Planilla (Comercio 8°)'!G23,"")) | M12: =IF(MAESTRO!D12="","",IFERROR('Planilla (Comercio 8°)'!H23,"")) | N12: =IF(MAESTRO!D12="","",IFERROR('Planilla (Comercio 8°)'!I23,"")) | O12: =IF(MAESTRO!D12="","",IFERROR(AVERAGE(G12,K12),"")) | P12: =IF(MAESTRO!D12="","",IFERROR(AVERAGE(H12,L12),"")) | Q12: =IF(MAESTRO!D12="","",IFERROR(AVERAGE(I12,M12),"")) | R12: =IF(MAESTRO!D12="","",IFERROR(TRUNC(AVERAGE(O12,P12,Q12),1),"")) | S12: =IF(MAESTRO!D12="","",IF(AND(F12="",J12="",N12="",R12=""),"",IF(Y(OR(F12="",F12>=3),OR(J12="",J12>=3),OR(N12="",N12>=3),OR(R12="",R12>=3)),"✓ APROBADO","✗ REPROBADO")))
A13: 9 | B13: =IF(MAESTRO!D13="","",MAESTRO!D13) | C13: =IF(MAESTRO!D13="","",IFERROR('Planilla (Ingles 8°)'!F24,"")) | D13: =IF(MAESTRO!D13="","",IFERROR('Planilla (Ingles 8°)'!G24,"")) | E13: =IF(MAESTRO!D13="","",IFERROR('Planilla (Ingles 8°)'!H24,"")) | F13: =IF(MAESTRO!D13="","",IFERROR('Planilla (Ingles 8°)'!I24,"")) | G13: =IF(MAESTRO!D13="","",IFERROR('Planilla (Agropecuaria 8°) '!F24,"")) | H13: =IF(MAESTRO!D13="","",IFERROR('Planilla (Agropecuaria 8°) '!G24,"")) | I13: =IF(MAESTRO!D13="","",IFERROR('Planilla (Agropecuaria 8°) '!H24,"")) | J13: =IF(MAESTRO!D13="","",IFERROR('Planilla (Agropecuaria 8°) '!I24,"")) | K13: =IF(MAESTRO!D13="","",IFERROR('Planilla (Comercio 8°)'!F24,"")) | L13: =IF(MAESTRO!D13="","",IFERROR('Planilla (Comercio 8°)'!G24,"")) | M13: =IF(MAESTRO!D13="","",IFERROR('Planilla (Comercio 8°)'!H24,"")) | N13: =IF(MAESTRO!D13="","",IFERROR('Planilla (Comercio 8°)'!I24,"")) | O13: =IF(MAESTRO!D13="","",IFERROR(AVERAGE(G13,K13),"")) | P13: =IF(MAESTRO!D13="","",IFERROR(AVERAGE(H13,L13),"")) | Q13: =IF(MAESTRO!D13="","",IFERROR(AVERAGE(I13,M13),"")) | R13: =IF(MAESTRO!D13="","",IFERROR(TRUNC(AVERAGE(O13,P13,Q13),1),"")) | S13: =IF(MAESTRO!D13="","",IF(AND(F13="",J13="",N13="",R13=""),"",IF(Y(OR(F13="",F13>=3),OR(J13="",J13>=3),OR(N13="",N13>=3),OR(R13="",R13>=3)),"✓ APROBADO","✗ REPROBADO")))
A14: 10 | B14: =IF(MAESTRO!D14="","",MAESTRO!D14) | C14: =IF(MAESTRO!D14="","",IFERROR('Planilla (Ingles 8°)'!F25,"")) | D14: =IF(MAESTRO!D14="","",IFERROR('Planilla (Ingles 8°)'!G25,"")) | E14: =IF(MAESTRO!D14="","",IFERROR('Planilla (Ingles 8°)'!H25,"")) | F14: =IF(MAESTRO!D14="","",IFERROR('Planilla (Ingles 8°)'!I25,"")) | G14: =IF(MAESTRO!D14="","",IFERROR('Planilla (Agropecuaria 8°) '!F25,"")) | H14: =IF(MAESTRO!D14="","",IFERROR('Planilla (Agropecuaria 8°) '!G25,"")) | I14: =IF(MAESTRO!D14="","",IFERROR('Planilla (Agropecuaria 8°) '!H25,"")) | J14: =IF(MAESTRO!D14="","",IFERROR('Planilla (Agropecuaria 8°) '!I25,"")) | K14: =IF(MAESTRO!D14="","",IFERROR('Planilla (Comercio 8°)'!F25,"")) | L14: =IF(MAESTRO!D14="","",IFERROR('Planilla (Comercio 8°)'!G25,"")) | M14: =IF(MAESTRO!D14="","",IFERROR('Planilla (Comercio 8°)'!H25,"")) | N14: =IF(MAESTRO!D14="","",IFERROR('Planilla (Comercio 8°)'!I25,"")) | O14: =IF(MAESTRO!D14="","",IFERROR(AVERAGE(G14,K14),"")) | P14: =IF(MAESTRO!D14="","",IFERROR(AVERAGE(H14,L14),"")) | Q14: =IF(MAESTRO!D14="","",IFERROR(AVERAGE(I14,M14),"")) | R14: =IF(MAESTRO!D14="","",IFERROR(TRUNC(AVERAGE(O14,P14,Q14),1),"")) | S14: =IF(MAESTRO!D14="","",IF(AND(F14="",J14="",N14="",R14=""),"",IF(Y(OR(F14="",F14>=3),OR(J14="",J14>=3),OR(N14="",N14>=3),OR(R14="",R14>=3)),"✓ APROBADO","✗ REPROBADO")))
A15: 11 | B15: =IF(MAESTRO!D15="","",MAESTRO!D15) | C15: =IF(MAESTRO!D15="","",IFERROR('Planilla (Ingles 8°)'!F26,"")) | D15: =IF(MAESTRO!D15="","",IFERROR('Planilla (Ingles 8°)'!G26,"")) | E15: =IF(MAESTRO!D15="","",IFERROR('Planilla (Ingles 8°)'!H26,"")) | F15: =IF(MAESTRO!D15="","",IFERROR('Planilla (Ingles 8°)'!I26,"")) | G15: =IF(MAESTRO!D15="","",IFERROR('Planilla (Agropecuaria 8°) '!F26,"")) | H15: =IF(MAESTRO!D15="","",IFERROR('Planilla (Agropecuaria 8°) '!G26,"")) | I15: =IF(MAESTRO!D15="","",IFERROR('Planilla (Agropecuaria 8°) '!H26,"")) | J15: =IF(MAESTRO!D15="","",IFERROR('Planilla (Agropecuaria 8°) '!I26,"")) | K15: =IF(MAESTRO!D15="","",IFERROR('Planilla (Comercio 8°)'!F26,"")) | L15: =IF(MAESTRO!D15="","",IFERROR('Planilla (Comercio 8°)'!G26,"")) | M15: =IF(MAESTRO!D15="","",IFERROR('Planilla (Comercio 8°)'!H26,"")) | N15: =IF(MAESTRO!D15="","",IFERROR('Planilla (Comercio 8°)'!I26,"")) | O15: =IF(MAESTRO!D15="","",IFERROR(AVERAGE(G15,K15),"")) | P15: =IF(MAESTRO!D15="","",IFERROR(AVERAGE(H15,L15),"")) | Q15: =IF(MAESTRO!D15="","",IFERROR(AVERAGE(I15,M15),"")) | R15: =IF(MAESTRO!D15="","",IFERROR(TRUNC(AVERAGE(O15,P15,Q15),1),"")) | S15: =IF(MAESTRO!D15="","",IF(AND(F15="",J15="",N15="",R15=""),"",IF(Y(OR(F15="",F15>=3),OR(J15="",J15>=3),OR(N15="",N15>=3),OR(R15="",R15>=3)),"✓ APROBADO","✗ REPROBADO")))
A16: 12 | B16: =IF(MAESTRO!D16="","",MAESTRO!D16) | C16: =IF(MAESTRO!D16="","",IFERROR('Planilla (Ingles 8°)'!F27,"")) | D16: =IF(MAESTRO!D16="","",IFERROR('Planilla (Ingles 8°)'!G27,"")) | E16: =IF(MAESTRO!D16="","",IFERROR('Planilla (Ingles 8°)'!H27,"")) | F16: =IF(MAESTRO!D16="","",IFERROR('Planilla (Ingles 8°)'!I27,"")) | G16: =IF(MAESTRO!D16="","",IFERROR('Planilla (Agropecuaria 8°) '!F27,"")) | H16: =IF(MAESTRO!D16="","",IFERROR('Planilla (Agropecuaria 8°) '!G27,"")) | I16: =IF(MAESTRO!D16="","",IFERROR('Planilla (Agropecuaria 8°) '!H27,"")) | J16: =IF(MAESTRO!D16="","",IFERROR('Planilla (Agropecuaria 8°) '!I27,"")) | K16: =IF(MAESTRO!D16="","",IFERROR('Planilla (Comercio 8°)'!F27,"")) | L16: =IF(MAESTRO!D16="","",IFERROR('Planilla (Comercio 8°)'!G27,"")) | M16: =IF(MAESTRO!D16="","",IFERROR('Planilla (Comercio 8°)'!H27,"")) | N16: =IF(MAESTRO!D16="","",IFERROR('Planilla (Comercio 8°)'!I27,"")) | O16: =IF(MAESTRO!D16="","",IFERROR(AVERAGE(G16,K16),"")) | P16: =IF(MAESTRO!D16="","",IFERROR(AVERAGE(H16,L16),"")) | Q16: =IF(MAESTRO!D16="","",IFERROR(AVERAGE(I16,M16),"")) | R16: =IF(MAESTRO!D16="","",IFERROR(TRUNC(AVERAGE(O16,P16,Q16),1),"")) | S16: =IF(MAESTRO!D16="","",IF(AND(F16="",J16="",N16="",R16=""),"",IF(Y(OR(F16="",F16>=3),OR(J16="",J16>=3),OR(N16="",N16>=3),OR(R16="",R16>=3)),"✓ APROBADO","✗ REPROBADO")))
... A18: 14 | B18: =IF(MAESTRO!D18="","",MAESTRO!D18) | C18: =IF(MAESTRO!D18="","",IFERROR('Planilla (Ingles 8°)'!F29,"")) | D18: =IF(MAESTRO!D18="","",IFERROR('Planilla (Ingles 8°)'!G29,"")) | E18: =IF(MAESTRO!D18="","",IFERROR('Planilla (Ingles 8°)'!H29,"")) | F18: =IF(MAESTRO!D18="","",IFERROR('Planilla (Ingles 8°)'!I29,"")) | G18: =IF(MAESTRO!D18="","",IFERROR('Planilla (Agropecuaria 8°) '!F29,"")) | H18: =IF(MAESTRO!D18="","",IFERROR('Planilla (Agropecuaria 8°) '!G29,"")) | I18: =IF(MAESTRO!D18="","",IFERROR('Planilla (Agropecuaria 8°) '!H29,"")) | J18: =IF(MAESTRO!D18="","",IFERROR('Planilla (Agropecuaria 8°) '!I29,"")) | K18: =IF(MAESTRO!D18="","",IFERROR('Planilla (Comercio 8°)'!F29,"")) | L18: =IF(MAESTRO!D18="","",IFERROR('Planilla (Comercio 8°)'!G29,"")) | M18: =IF(MAESTRO!D18="","",IFERROR('Planilla (Comercio 8°)'!H29,"")) | N18: =IF(MAESTRO!D18="","",IFERROR('Planilla (Comercio 8°)'!I29,"")) | O18: =IF(MAESTRO!D18="","",IFERROR(AVERAGE(G18,K18),"")) | P18: =IF(MAESTRO!D18="","",IFERROR(AVERAGE(H18,L18),"")) | Q18: =IF(MAESTRO!D18="","",IFERROR(AVERAGE(I18,M18),"")) | R18: =IF(MAESTRO!D18="","",IFERROR(TRUNC(AVERAGE(O18,P18,Q18),1),"")) | S18: =IF(MAESTRO!D18="","",IF(AND(F18="",J18="",N18="",R18=""),"",IF(Y(OR(F18="",F18>=3),OR(J18="",J18>=3),OR(N18="",N18>=3),OR(R18="",R18>=3)),"✓ APROBADO","✗ REPROBADO")))
A19: 15 | B19: =IF(MAESTRO!D19="","",MAESTRO!D19) | C19: =IF(MAESTRO!D19="","",IFERROR('Planilla (Ingles 8°)'!F30,"")) | D19: =IF(MAESTRO!D19="","",IFERROR('Planilla (Ingles 8°)'!G30,"")) | E19: =IF(MAESTRO!D19="","",IFERROR('Planilla (Ingles 8°)'!H30,"")) | F19: =IF(MAESTRO!D19="","",IFERROR('Planilla (Ingles 8°)'!I30,"")) | G19: =IF(MAESTRO!D19="","",IFERROR('Planilla (Agropecuaria 8°) '!F30,"")) | H19: =IF(MAESTRO!D19="","",IFERROR('Planilla (Agropecuaria 8°) '!G30,"")) | I19: =IF(MAESTRO!D19="","",IFERROR('Planilla (Agropecuaria 8°) '!H30,"")) | J19: =IF(MAESTRO!D19="","",IFERROR('Planilla (Agropecuaria 8°) '!I30,"")) | K19: =IF(MAESTRO!D19="","",IFERROR('Planilla (Comercio 8°)'!F30,"")) | L19: =IF(MAESTRO!D19="","",IFERROR('Planilla (Comercio 8°)'!G30,"")) | M19: =IF(MAESTRO!D19="","",IFERROR('Planilla (Comercio 8°)'!H30,"")) | N19: =IF(MAESTRO!D19="","",IFERROR('Planilla (Comercio 8°)'!I30,"")) | O19: =IF(MAESTRO!D20="","",IFERROR(AVERAGE(G19,K19),"")) | P19: =IF(MAESTRO!D20="","",IFERROR(AVERAGE(H19,L19),"")) | Q19: =IF(MAESTRO!D20="","",IFERROR(AVERAGE(I19,M19),"")) | R19: =IF(MAESTRO!D20="","",IFERROR(TRUNC(AVERAGE(O19,P19,Q19),1),"")) | S19: =IF(MAESTRO!D20="","",IF(AND(F19="",J19="",N19="",R19=""),"",IF(Y(OR(F19="",F19>=3),OR(J19="",J19>=3),OR(N19="",N19>=3),OR(R19="",R19>=3)),"✓ APROBADO","✗ REPROBADO")))
A20: 16 | B20: =IF(MAESTRO!D20="","",MAESTRO!D20) | C20: =IF(MAESTRO!D20="","",IFERROR('Planilla (Ingles 8°)'!F31,"")) | D20: =IF(MAESTRO!D20="","",IFERROR('Planilla (Ingles 8°)'!G31,"")) | E20: =IF(MAESTRO!D20="","",IFERROR('Planilla (Ingles 8°)'!H31,"")) | F20: =IF(MAESTRO!D20="","",IFERROR('Planilla (Ingles 8°)'!I31,"")) | G20: =IF(MAESTRO!D20="","",IFERROR('Planilla (Agropecuaria 8°) '!F31,"")) | H20: =IF(MAESTRO!D20="","",IFERROR('Planilla (Agropecuaria 8°) '!G31,"")) | I20: =IF(MAESTRO!D20="","",IFERROR('Planilla (Agropecuaria 8°) '!H31,"")) | J20: =IF(MAESTRO!D20="","",IFERROR('Planilla (Agropecuaria 8°) '!I31,"")) | K20: =IF(MAESTRO!D20="","",IFERROR('Planilla (Comercio 8°)'!F31,"")) | L20: =IF(MAESTRO!D20="","",IFERROR('Planilla (Comercio 8°)'!G31,"")) | M20: =IF(MAESTRO!D20="","",IFERROR('Planilla (Comercio 8°)'!H31,"")) | N20: =IF(MAESTRO!D20="","",IFERROR('Planilla (Comercio 8°)'!I31,"")) | O20: =IF(MAESTRO!D21="","",IFERROR(AVERAGE(G20,K20),"")) | P20: =IF(MAESTRO!D21="","",IFERROR(AVERAGE(H20,L20),"")) | Q20: =IF(MAESTRO!D21="","",IFERROR(AVERAGE(I20,M20),"")) | R20: =IF(MAESTRO!D21="","",IFERROR(TRUNC(AVERAGE(O20,P20,Q20),1),"")) | S20: =IF(MAESTRO!D21="","",IF(AND(F20="",J20="",N20="",R20=""),"",IF(Y(OR(F20="",F20>=3),OR(J20="",J20>=3),OR(N20="",N20>=3),OR(R20="",R20>=3)),"✓ APROBADO","✗ REPROBADO")))
A21: 17 | B21: =IF(MAESTRO!D21="","",MAESTRO!D21) | C21: =IF(MAESTRO!D21="","",IFERROR('Planilla (Ingles 8°)'!F32,"")) | D21: =IF(MAESTRO!D21="","",IFERROR('Planilla (Ingles 8°)'!G32,"")) | E21: =IF(MAESTRO!D21="","",IFERROR('Planilla (Ingles 8°)'!H32,"")) | F21: =IF(MAESTRO!D21="","",IFERROR('Planilla (Ingles 8°)'!I32,"")) | G21: =IF(MAESTRO!D21="","",IFERROR('Planilla (Agropecuaria 8°) '!F32,"")) | H21: =IF(MAESTRO!D21="","",IFERROR('Planilla (Agropecuaria 8°) '!G32,"")) | I21: =IF(MAESTRO!D21="","",IFERROR('Planilla (Agropecuaria 8°) '!H32,"")) | J21: =IF(MAESTRO!D21="","",IFERROR('Planilla (Agropecuaria 8°) '!I32,"")) | K21: =IF(MAESTRO!D21="","",IFERROR('Planilla (Comercio 8°)'!F32,"")) | L21: =IF(MAESTRO!D21="","",IFERROR('Planilla (Comercio 8°)'!G32,"")) | M21: =IF(MAESTRO!D21="","",IFERROR('Planilla (Comercio 8°)'!H32,"")) | N21: =IF(MAESTRO!D21="","",IFERROR('Planilla (Comercio 8°)'!I32,"")) | O21: =IF(MAESTRO!D22="","",IFERROR(AVERAGE(G21,K21),"")) | P21: =IF(MAESTRO!D22="","",IFERROR(AVERAGE(H21,L21),"")) | Q21: =IF(MAESTRO!D22="","",IFERROR(AVERAGE(I21,M21),"")) | R21: =IF(MAESTRO!D22="","",IFERROR(TRUNC(AVERAGE(O21,P21,Q21),1),"")) | S21: =IF(MAESTRO!D22="","",IF(AND(F21="",J21="",N21="",R21=""),"",IF(Y(OR(F21="",F21>=3),OR(J21="",J21>=3),OR(N21="",N21>=3),OR(R21="",R21>=3)),"✓ APROBADO","✗ REPROBADO")))
A22: 18 | B22: =IF(MAESTRO!D22="","",MAESTRO!D22) | C22: =IF(MAESTRO!D22="","",IFERROR('Planilla (Ingles 8°)'!F33,"")) | D22: =IF(MAESTRO!D22="","",IFERROR('Planilla (Ingles 8°)'!G33,"")) | E22: =IF(MAESTRO!D22="","",IFERROR('Planilla (Ingles 8°)'!H33,"")) | F22: =IF(MAESTRO!D22="","",IFERROR('Planilla (Ingles 8°)'!I33,"")) | G22: =IF(MAESTRO!D22="","",IFERROR('Planilla (Agropecuaria 8°) '!F33,"")) | H22: =IF(MAESTRO!D22="","",IFERROR('Planilla (Agropecuaria 8°) '!G33,"")) | I22: =IF(MAESTRO!D22="","",IFERROR('Planilla (Agropecuaria 8°) '!H33,"")) | J22: =IF(MAESTRO!D22="","",IFERROR('Planilla (Agropecuaria 8°) '!I33,"")) | K22: =IF(MAESTRO!D22="","",IFERROR('Planilla (Comercio 8°)'!F33,"")) | L22: =IF(MAESTRO!D22="","",IFERROR('Planilla (Comercio 8°)'!G33,"")) | M22: =IF(MAESTRO!D22="","",IFERROR('Planilla (Comercio 8°)'!H33,"")) | N22: =IF(MAESTRO!D22="","",IFERROR('Planilla (Comercio 8°)'!I33,"")) | O22: =IF(MAESTRO!D23="","",IFERROR(AVERAGE(G22,K22),"")) | P22: =IF(MAESTRO!D23="","",IFERROR(AVERAGE(H22,L22),"")) | Q22: =IF(MAESTRO!D23="","",IFERROR(AVERAGE(I22,M22),"")) | R22: =IF(MAESTRO!D23="","",IFERROR(TRUNC(AVERAGE(O22,P22,Q22),1),"")) | S22: =IF(MAESTRO!D23="","",IF(AND(F22="",J22="",N22="",R22=""),"",IF(Y(OR(F22="",F22>=3),OR(J22="",J22>=3),OR(N22="",N22>=3),OR(R22="",R22>=3)),"✓ APROBADO","✗ REPROBADO")))
A23: 19 | B23: =IF(MAESTRO!D23="","",MAESTRO!D23) | C23: =IF(MAESTRO!D23="","",IFERROR('Planilla (Ingles 8°)'!F34,"")) | D23: =IF(MAESTRO!D23="","",IFERROR('Planilla (Ingles 8°)'!G34,"")) | E23: =IF(MAESTRO!D23="","",IFERROR('Planilla (Ingles 8°)'!H34,"")) | F23: =IF(MAESTRO!D23="","",IFERROR('Planilla (Ingles 8°)'!I34,"")) | G23: =IF(MAESTRO!D23="","",IFERROR('Planilla (Agropecuaria 8°) '!F34,"")) | H23: =IF(MAESTRO!D23="","",IFERROR('Planilla (Agropecuaria 8°) '!G34,"")) | I23: =IF(MAESTRO!D23="","",IFERROR('Planilla (Agropecuaria 8°) '!H34,"")) | J23: =IF(MAESTRO!D23="","",IFERROR('Planilla (Agropecuaria 8°) '!I34,"")) | K23: =IF(MAESTRO!D23="","",IFERROR('Planilla (Comercio 8°)'!F34,"")) | L23: =IF(MAESTRO!D23="","",IFERROR('Planilla (Comercio 8°)'!G34,"")) | M23: =IF(MAESTRO!D23="","",IFERROR('Planilla (Comercio 8°)'!H34,"")) | N23: =IF(MAESTRO!D23="","",IFERROR('Planilla (Comercio 8°)'!I34,"")) | O23: =IF(MAESTRO!D24="","",IFERROR(AVERAGE(G23,K23),"")) | P23: =IF(MAESTRO!D24="","",IFERROR(AVERAGE(H23,L23),"")) | Q23: =IF(MAESTRO!D24="","",IFERROR(AVERAGE(I23,M23),"")) | R23: =IF(MAESTRO!D24="","",IFERROR(TRUNC(AVERAGE(O23,P23,Q23),1),"")) | S23: =IF(MAESTRO!D24="","",IF(AND(F23="",J23="",N23="",R23=""),"",IF(Y(OR(F23="",F23>=3),OR(J23="",J23>=3),OR(N23="",N23>=3),OR(R23="",R23>=3)),"✓ APROBADO","✗ REPROBADO")))
A24: 20 | B24: =IF(MAESTRO!D24="","",MAESTRO!D24) | C24: =IF(MAESTRO!D24="","",IFERROR('Planilla (Ingles 8°)'!F35,"")) | D24: =IF(MAESTRO!D24="","",IFERROR('Planilla (Ingles 8°)'!G35,"")) | E24: =IF(MAESTRO!D24="","",IFERROR('Planilla (Ingles 8°)'!H35,"")) | F24: =IF(MAESTRO!D24="","",IFERROR('Planilla (Ingles 8°)'!I35,"")) | G24: =IF(MAESTRO!D24="","",IFERROR('Planilla (Agropecuaria 8°) '!F35,"")) | H24: =IF(MAESTRO!D24="","",IFERROR('Planilla (Agropecuaria 8°) '!G35,"")) | I24: =IF(MAESTRO!D24="","",IFERROR('Planilla (Agropecuaria 8°) '!H35,"")) | J24: =IF(MAESTRO!D24="","",IFERROR('Planilla (Agropecuaria 8°) '!I35,"")) | K24: =IF(MAESTRO!D24="","",IFERROR('Planilla (Comercio 8°)'!F35,"")) | L24: =IF(MAESTRO!D24="","",IFERROR('Planilla (Comercio 8°)'!G35,"")) | M24: =IF(MAESTRO!D24="","",IFERROR('Planilla (Comercio 8°)'!H35,"")) | N24: =IF(MAESTRO!D24="","",IFERROR('Planilla (Comercio 8°)'!I35,"")) | O24: =IF(MAESTRO!D25="","",IFERROR(AVERAGE(G24,K24),"")) | P24: =IF(MAESTRO!D25="","",IFERROR(AVERAGE(H24,L24),"")) | Q24: =IF(MAESTRO!D25="","",IFERROR(AVERAGE(I24,M24),"")) | R24: =IF(MAESTRO!D25="","",IFERROR(TRUNC(AVERAGE(O24,P24,Q24),1),"")) | S24: =IF(MAESTRO!D25="","",IF(AND(F24="",J24="",N24="",R24=""),"",IF(Y(OR(F24="",F24>=3),OR(J24="",J24>=3),OR(N24="",N24>=3),OR(R24="",R24>=3)),"✓ APROBADO","✗ REPROBADO")))
A25: 21 | B25: =IF(MAESTRO!D25="","",MAESTRO!D25) | C25: =IF(MAESTRO!D25="","",IFERROR('Planilla (Ingles 8°)'!F36,"")) | D25: =IF(MAESTRO!D25="","",IFERROR('Planilla (Ingles 8°)'!G36,"")) | E25: =IF(MAESTRO!D25="","",IFERROR('Planilla (Ingles 8°)'!H36,"")) | F25: =IF(MAESTRO!D25="","",IFERROR('Planilla (Ingles 8°)'!I36,"")) | G25: =IF(MAESTRO!D25="","",IFERROR('Planilla (Agropecuaria 8°) '!F36,"")) | H25: =IF(MAESTRO!D25="","",IFERROR('Planilla (Agropecuaria 8°) '!G36,"")) | I25: =IF(MAESTRO!D25="","",IFERROR('Planilla (Agropecuaria 8°) '!H36,"")) | J25: =IF(MAESTRO!D25="","",IFERROR('Planilla (Agropecuaria 8°) '!I36,"")) | K25: =IF(MAESTRO!D25="","",IFERROR('Planilla (Comercio 8°)'!F36,"")) | L25: =IF(MAESTRO!D25="","",IFERROR('Planilla (Comercio 8°)'!G36,"")) | M25: =IF(MAESTRO!D25="","",IFERROR('Planilla (Comercio 8°)'!H36,"")) | N25: =IF(MAESTRO!D25="","",IFERROR('Planilla (Comercio 8°)'!I36,"")) | O25: =IF(MAESTRO!D26="","",IFERROR(AVERAGE(G25,K25),"")) | P25: =IF(MAESTRO!D26="","",IFERROR(AVERAGE(H25,L25),"")) | Q25: =IF(MAESTRO!D26="","",IFERROR(AVERAGE(I25,M25),"")) | R25: =IF(MAESTRO!D26="","",IFERROR(TRUNC(AVERAGE(O25,P25,Q25),1),"")) | S25: =IF(MAESTRO!D26="","",IF(AND(F25="",J25="",N25="",R25=""),"",IF(Y(OR(F25="",F25>=3),OR(J25="",J25>=3),OR(N25="",N25>=3),OR(R25="",R25>=3)),"✓ APROBADO","✗ REPROBADO")))
A26: 22 | B26: =IF(MAESTRO!D26="","",MAESTRO!D26) | C26: =IF(MAESTRO!D26="","",IFERROR('Planilla (Ingles 8°)'!F37,"")) | D26: =IF(MAESTRO!D26="","",IFERROR('Planilla (Ingles 8°)'!G37,"")) | E26: =IF(MAESTRO!D26="","",IFERROR('Planilla (Ingles 8°)'!H37,"")) | F26: =IF(MAESTRO!D26="","",IFERROR('Planilla (Ingles 8°)'!I37,"")) | G26: =IF(MAESTRO!D26="","",IFERROR('Planilla (Agropecuaria 8°) '!F37,"")) | H26: =IF(MAESTRO!D26="","",IFERROR('Planilla (Agropecuaria 8°) '!G37,"")) | I26: =IF(MAESTRO!D26="","",IFERROR('Planilla (Agropecuaria 8°) '!H37,"")) | J26: =IF(MAESTRO!D26="","",IFERROR('Planilla (Agropecuaria 8°) '!I37,"")) | K26: =IF(MAESTRO!D26="","",IFERROR('Planilla (Comercio 8°)'!F37,"")) | L26: =IF(MAESTRO!D26="","",IFERROR('Planilla (Comercio 8°)'!G37,"")) | M26: =IF(MAESTRO!D26="","",IFERROR('Planilla (Comercio 8°)'!H37,"")) | N26: =IF(MAESTRO!D26="","",IFERROR('Planilla (Comercio 8°)'!I37,"")) | O26: =IF(MAESTRO!D27="","",IFERROR(AVERAGE(G26,K26),"")) | P26: =IF(MAESTRO!D27="","",IFERROR(AVERAGE(H26,L26),"")) | Q26: =IF(MAESTRO!D27="","",IFERROR(AVERAGE(I26,M26),"")) | R26: =IF(MAESTRO!D27="","",IFERROR(TRUNC(AVERAGE(O26,P26,Q26),1),"")) | S26: =IF(MAESTRO!D27="","",IF(AND(F26="",J26="",N26="",R26=""),"",IF(Y(OR(F26="",F26>=3),OR(J26="",J26>=3),OR(N26="",N26>=3),OR(R26="",R26>=3)),"✓ APROBADO","✗ REPROBADO")))
A27: 23 | B27: =IF(MAESTRO!D27="","",MAESTRO!D27) | C27: =IF(MAESTRO!D27="","",IFERROR('Planilla (Ingles 8°)'!F38,"")) | D27: =IF(MAESTRO!D27="","",IFERROR('Planilla (Ingles 8°)'!G38,"")) | E27: =IF(MAESTRO!D27="","",IFERROR('Planilla (Ingles 8°)'!H38,"")) | F27: =IF(MAESTRO!D27="","",IFERROR('Planilla (Ingles 8°)'!I38,"")) | G27: =IF(MAESTRO!D27="","",IFERROR('Planilla (Agropecuaria 8°) '!F38,"")) | H27: =IF(MAESTRO!D27="","",IFERROR('Planilla (Agropecuaria 8°) '!G38,"")) | I27: =IF(MAESTRO!D27="","",IFERROR('Planilla (Agropecuaria 8°) '!H38,"")) | J27: =IF(MAESTRO!D27="","",IFERROR('Planilla (Agropecuaria 8°) '!I38,"")) | K27: =IF(MAESTRO!D27="","",IFERROR('Planilla (Comercio 8°)'!F38,"")) | L27: =IF(MAESTRO!D27="","",IFERROR('Planilla (Comercio 8°)'!G38,"")) | M27: =IF(MAESTRO!D27="","",IFERROR('Planilla (Comercio 8°)'!H38,"")) | N27: =IF(MAESTRO!D27="","",IFERROR('Planilla (Comercio 8°)'!I38,"")) | O27: =IF(MAESTRO!D28="","",IFERROR(AVERAGE(G27,K27),"")) | P27: =IF(MAESTRO!D28="","",IFERROR(AVERAGE(H27,L27),"")) | Q27: =IF(MAESTRO!D28="","",IFERROR(AVERAGE(I27,M27),"")) | R27: =IF(MAESTRO!D28="","",IFERROR(TRUNC(AVERAGE(O27,P27,Q27),1),"")) | S27: =IF(MAESTRO!D28="","",IF(AND(F27="",J27="",N27="",R27=""),"",IF(Y(OR(F27="",F27>=3),OR(J27="",J27>=3),OR(N27="",N27>=3),OR(R27="",R27>=3)),"✓ APROBADO","✗ REPROBADO")))
A28: 24 | B28: =IF(MAESTRO!D28="","",MAESTRO!D28) | C28: =IF(MAESTRO!D28="","",IFERROR('Planilla (Ingles 8°)'!F39,"")) | D28: =IF(MAESTRO!D28="","",IFERROR('Planilla (Ingles 8°)'!G39,"")) | E28: =IF(MAESTRO!D28="","",IFERROR('Planilla (Ingles 8°)'!H39,"")) | F28: =IF(MAESTRO!D28="","",IFERROR('Planilla (Ingles 8°)'!I39,"")) | G28: =IF(MAESTRO!D28="","",IFERROR('Planilla (Agropecuaria 8°) '!F39,"")) | H28: =IF(MAESTRO!D28="","",IFERROR('Planilla (Agropecuaria 8°) '!G39,"")) | I28: =IF(MAESTRO!D28="","",IFERROR('Planilla (Agropecuaria 8°) '!H39,"")) | J28: =IF(MAESTRO!D28="","",IFERROR('Planilla (Agropecuaria 8°) '!I39,"")) | K28: =IF(MAESTRO!D28="","",IFERROR('Planilla (Comercio 8°)'!F39,"")) | L28: =IF(MAESTRO!D28="","",IFERROR('Planilla (Comercio 8°)'!G39,"")) | M28: =IF(MAESTRO!D28="","",IFERROR('Planilla (Comercio 8°)'!H39,"")) | N28: =IF(MAESTRO!D28="","",IFERROR('Planilla (Comercio 8°)'!I39,"")) | O28: =IF(MAESTRO!D29="","",IFERROR(AVERAGE(G28,K28),"")) | P28: =IF(MAESTRO!D29="","",IFERROR(AVERAGE(H28,L28),"")) | Q28: =IF(MAESTRO!D29="","",IFERROR(AVERAGE(I28,M28),"")) | R28: =IF(MAESTRO!D29="","",IFERROR(TRUNC(AVERAGE(O28,P28,Q28),1),"")) | S28: =IF(MAESTRO!D29="","",IF(AND(F28="",J28="",N28="",R28=""),"",IF(Y(OR(F28="",F28>=3),OR(J28="",J28>=3),OR(N28="",N28>=3),OR(R28="",R28>=3)),"✓ APROBADO","✗ REPROBADO")))
A29: 25 | B29: =IF(MAESTRO!D29="","",MAESTRO!D29) | C29: =IF(MAESTRO!D29="","",IFERROR('Planilla (Ingles 8°)'!F40,"")) | D29: =IF(MAESTRO!D29="","",IFERROR('Planilla (Ingles 8°)'!G40,"")) | E29: =IF(MAESTRO!D29="","",IFERROR('Planilla (Ingles 8°)'!H40,"")) | F29: =IF(MAESTRO!D29="","",IFERROR('Planilla (Ingles 8°)'!I40,"")) | G29: =IF(MAESTRO!D29="","",IFERROR('Planilla (Agropecuaria 8°) '!F40,"")) | H29: =IF(MAESTRO!D29="","",IFERROR('Planilla (Agropecuaria 8°) '!G40,"")) | I29: =IF(MAESTRO!D29="","",IFERROR('Planilla (Agropecuaria 8°) '!H40,"")) | J29: =IF(MAESTRO!D29="","",IFERROR('Planilla (Agropecuaria 8°) '!I40,"")) | K29: =IF(MAESTRO!D29="","",IFERROR('Planilla (Comercio 8°)'!F40,"")) | L29: =IF(MAESTRO!D29="","",IFERROR('Planilla (Comercio 8°)'!G40,"")) | M29: =IF(MAESTRO!D29="","",IFERROR('Planilla (Comercio 8°)'!H40,"")) | N29: =IF(MAESTRO!D29="","",IFERROR('Planilla (Comercio 8°)'!I40,"")) | O29: =IF(MAESTRO!D30="","",IFERROR(AVERAGE(G29,K29),"")) | P29: =IF(MAESTRO!D30="","",IFERROR(AVERAGE(H29,L29),"")) | Q29: =IF(MAESTRO!D30="","",IFERROR(AVERAGE(I29,M29),"")) | R29: =IF(MAESTRO!D30="","",IFERROR(TRUNC(AVERAGE(O29,P29,Q29),1),"")) | S29: =IF(MAESTRO!D30="","",IF(AND(F29="",J29="",N29="",R29=""),"",IF(Y(OR(F29="",F29>=3),OR(J29="",J29>=3),OR(N29="",N29>=3),OR(R29="",R29>=3)),"✓ APROBADO","✗ REPROBADO")))
A30: 26 | B30: =IF(MAESTRO!D30="","",MAESTRO!D30) | C30: =IF(MAESTRO!D30="","",IFERROR('Planilla (Ingles 8°)'!F41,"")) | D30: =IF(MAESTRO!D30="","",IFERROR('Planilla (Ingles 8°)'!G41,"")) | E30: =IF(MAESTRO!D30="","",IFERROR('Planilla (Ingles 8°)'!H41,"")) | F30: =IF(MAESTRO!D30="","",IFERROR('Planilla (Ingles 8°)'!I41,"")) | G30: =IF(MAESTRO!D30="","",IFERROR('Planilla (Agropecuaria 8°) '!F41,"")) | H30: =IF(MAESTRO!D30="","",IFERROR('Planilla (Agropecuaria 8°) '!G41,"")) | I30: =IF(MAESTRO!D30="","",IFERROR('Planilla (Agropecuaria 8°) '!H41,"")) | J30: =IF(MAESTRO!D30="","",IFERROR('Planilla (Agropecuaria 8°) '!I41,"")) | K30: =IF(MAESTRO!D30="","",IFERROR('Planilla (Comercio 8°)'!F41,"")) | L30: =IF(MAESTRO!D30="","",IFERROR('Planilla (Comercio 8°)'!G41,"")) | M30: =IF(MAESTRO!D30="","",IFERROR('Planilla (Comercio 8°)'!H41,"")) | N30: =IF(MAESTRO!D30="","",IFERROR('Planilla (Comercio 8°)'!I41,"")) | O30: =IF(MAESTRO!D31="","",IFERROR(AVERAGE(G30,K30),"")) | P30: =IF(MAESTRO!D31="","",IFERROR(AVERAGE(H30,L30),"")) | Q30: =IF(MAESTRO!D31="","",IFERROR(AVERAGE(I30,M30),"")) | R30: =IF(MAESTRO!D31="","",IFERROR(TRUNC(AVERAGE(O30,P30,Q30),1),"")) | S30: =IF(MAESTRO!D31="","",IF(AND(F30="",J30="",N30="",R30=""),"",IF(Y(OR(F30="",F30>=3),OR(J30="",J30>=3),OR(N30="",N30>=3),OR(R30="",R30>=3)),"✓ APROBADO","✗ REPROBADO")))
... A35: 31 | B35: =IF(MAESTRO!D35="","",MAESTRO!D35) | C35: =IF(MAESTRO!D35="","",IFERROR('Planilla (Ingles 8°)'!F46,"")) | D35: =IF(MAESTRO!D35="","",IFERROR('Planilla (Ingles 8°)'!G46,"")) | E35: =IF(MAESTRO!D35="","",IFERROR('Planilla (Ingles 8°)'!H46,"")) | F35: =IF(MAESTRO!D35="","",IFERROR('Planilla (Ingles 8°)'!I46,"")) | G35: =IF(MAESTRO!D35="","",IFERROR('Planilla (Agropecuaria 8°) '!F46,"")) | H35: =IF(MAESTRO!D35="","",IFERROR('Planilla (Agropecuaria 8°) '!G46,"")) | I35: =IF(MAESTRO!D35="","",IFERROR('Planilla (Agropecuaria 8°) '!H46,"")) | J35: =IF(MAESTRO!D35="","",IFERROR('Planilla (Agropecuaria 8°) '!I46,"")) | K35: =IF(MAESTRO!D35="","",IFERROR('Planilla (Comercio 8°)'!F46,"")) | L35: =IF(MAESTRO!D35="","",IFERROR('Planilla (Comercio 8°)'!G46,"")) | M35: =IF(MAESTRO!D35="","",IFERROR('Planilla (Comercio 8°)'!H46,"")) | N35: =IF(MAESTRO!D35="","",IFERROR('Planilla (Comercio 8°)'!I46,"")) | O35: =IF(MAESTRO!D36="","",IFERROR(AVERAGE(G35,K35),"")) | P35: =IF(MAESTRO!D36="","",IFERROR(AVERAGE(H35,L35),"")) | Q35: =IF(MAESTRO!D36="","",IFERROR(AVERAGE(I35,M35),"")) | R35: =IF(MAESTRO!D36="","",IFERROR(TRUNC(AVERAGE(O35,P35,Q35),1),"")) | S35: =IF(MAESTRO!D36="","",IF(AND(F35="",J35="",N35="",R35=""),"",IF(Y(OR(F35="",F35>=3),OR(J35="",J35>=3),OR(N35="",N35>=3),OR(R35="",R35>=3)),"✓ APROBADO","✗ REPROBADO")))
A36: 32 | B36: =IF(MAESTRO!D36="","",MAESTRO!D36) | C36: =IF(MAESTRO!D36="","",IFERROR('Planilla (Ingles 8°)'!F47,"")) | D36: =IF(MAESTRO!D36="","",IFERROR('Planilla (Ingles 8°)'!G47,"")) | E36: =IF(MAESTRO!D36="","",IFERROR('Planilla (Ingles 8°)'!H47,"")) | F36: =IF(MAESTRO!D36="","",IFERROR('Planilla (Ingles 8°)'!I47,"")) | G36: =IF(MAESTRO!D36="","",IFERROR('Planilla (Agropecuaria 8°) '!F47,"")) | H36: =IF(MAESTRO!D36="","",IFERROR('Planilla (Agropecuaria 8°) '!G47,"")) | I36: =IF(MAESTRO!D36="","",IFERROR('Planilla (Agropecuaria 8°) '!H47,"")) | J36: =IF(MAESTRO!D36="","",IFERROR('Planilla (Agropecuaria 8°) '!I47,"")) | K36: =IF(MAESTRO!D36="","",IFERROR('Planilla (Comercio 8°)'!F47,"")) | L36: =IF(MAESTRO!D36="","",IFERROR('Planilla (Comercio 8°)'!G47,"")) | M36: =IF(MAESTRO!D36="","",IFERROR('Planilla (Comercio 8°)'!H47,"")) | N36: =IF(MAESTRO!D36="","",IFERROR('Planilla (Comercio 8°)'!I47,"")) | O36: =IF(MAESTRO!D36="","",IFERROR(AVERAGE(G36,K36),"")) | P36: =IF(MAESTRO!D36="","",IFERROR(AVERAGE(H36,L36),"")) | Q36: =IF(MAESTRO!D36="","",IFERROR(AVERAGE(I36,M36),"")) | R36: =IF(MAESTRO!D36="","",IFERROR(TRUNC(AVERAGE(O36,P36,Q36),1),"")) | S36: =IF(MAESTRO!D36="","",IF(AND(F36="",J36="",N36="",R36=""),"",IF(Y(OR(F36="",F36>=3),OR(J36="",J36>=3),OR(N36="",N36>=3),OR(R36="",R36>=3)),"✓ APROBADO","✗ REPROBADO")))
A37: 33 | B37: =IF(MAESTRO!D37="","",MAESTRO!D37) | C37: =IF(MAESTRO!D37="","",IFERROR('Planilla (Ingles 8°)'!F48,"")) | D37: =IF(MAESTRO!D37="","",IFERROR('Planilla (Ingles 8°)'!G48,"")) | E37: =IF(MAESTRO!D37="","",IFERROR('Planilla (Ingles 8°)'!H48,"")) | F37: =IF(MAESTRO!D37="","",IFERROR('Planilla (Ingles 8°)'!I48,"")) | G37: =IF(MAESTRO!D37="","",IFERROR('Planilla (Agropecuaria 8°) '!F48,"")) | H37: =IF(MAESTRO!D37="","",IFERROR('Planilla (Agropecuaria 8°) '!G48,"")) | I37: =IF(MAESTRO!D37="","",IFERROR('Planilla (Agropecuaria 8°) '!H48,"")) | J37: =IF(MAESTRO!D37="","",IFERROR('Planilla (Agropecuaria 8°) '!I48,"")) | K37: =IF(MAESTRO!D37="","",IFERROR('Planilla (Comercio 8°)'!F48,"")) | L37: =IF(MAESTRO!D37="","",IFERROR('Planilla (Comercio 8°)'!G48,"")) | M37: =IF(MAESTRO!D37="","",IFERROR('Planilla (Comercio 8°)'!H48,"")) | N37: =IF(MAESTRO!D37="","",IFERROR('Planilla (Comercio 8°)'!I48,"")) | O37: =IF(MAESTRO!D37="","",IFERROR(AVERAGE(G37,K37),"")) | P37: =IF(MAESTRO!D37="","",IFERROR(AVERAGE(H37,L37),"")) | Q37: =IF(MAESTRO!D37="","",IFERROR(AVERAGE(I37,M37),"")) | R37: =IF(MAESTRO!D37="","",IFERROR(TRUNC(AVERAGE(O37,P37,Q37),1),"")) | S37: =IF(MAESTRO!D37="","",IF(AND(F37="",J37="",N37="",R37=""),"",IF(Y(OR(F37="",F37>=3),OR(J37="",J37>=3),OR(N37="",N37>=3),OR(R37="",R37>=3)),"✓ APROBADO","✗ REPROBADO")))
A38: 34 | B38: =IF(MAESTRO!D38="","",MAESTRO!D38) | C38: =IF(MAESTRO!D38="","",IFERROR('Planilla (Ingles 8°)'!F49,"")) | D38: =IF(MAESTRO!D38="","",IFERROR('Planilla (Ingles 8°)'!G49,"")) | E38: =IF(MAESTRO!D38="","",IFERROR('Planilla (Ingles 8°)'!H49,"")) | F38: =IF(MAESTRO!D38="","",IFERROR('Planilla (Ingles 8°)'!I49,"")) | G38: =IF(MAESTRO!D38="","",IFERROR('Planilla (Agropecuaria 8°) '!F49,"")) | H38: =IF(MAESTRO!D38="","",IFERROR('Planilla (Agropecuaria 8°) '!G49,"")) | I38: =IF(MAESTRO!D38="","",IFERROR('Planilla (Agropecuaria 8°) '!H49,"")) | J38: =IF(MAESTRO!D38="","",IFERROR('Planilla (Agropecuaria 8°) '!I49,"")) | K38: =IF(MAESTRO!D38="","",IFERROR('Planilla (Comercio 8°)'!F49,"")) | L38: =IF(MAESTRO!D38="","",IFERROR('Planilla (Comercio 8°)'!G49,"")) | M38: =IF(MAESTRO!D38="","",IFERROR('Planilla (Comercio 8°)'!H49,"")) | N38: =IF(MAESTRO!D38="","",IFERROR('Planilla (Comercio 8°)'!I49,"")) | O38: =IF(MAESTRO!D38="","",IFERROR(AVERAGE(G38,K38),"")) | P38: =IF(MAESTRO!D38="","",IFERROR(AVERAGE(H38,L38),"")) | Q38: =IF(MAESTRO!D38="","",IFERROR(AVERAGE(I38,M38),"")) | R38: =IF(MAESTRO!D38="","",IFERROR(TRUNC(AVERAGE(O38,P38,Q38),1),"")) | S38: =IF(MAESTRO!D38="","",IF(AND(F38="",J38="",N38="",R38=""),"",IF(Y(OR(F38="",F38>=3),OR(J38="",J38>=3),OR(N38="",N38>=3),OR(R38="",R38>=3)),"✓ APROBADO","✗ REPROBADO")))
A39: 35 | B39: =IF(MAESTRO!D39="","",MAESTRO!D39) | C39: =IF(MAESTRO!D39="","",IFERROR('Planilla (Ingles 8°)'!F50,"")) | D39: =IF(MAESTRO!D39="","",IFERROR('Planilla (Ingles 8°)'!G50,"")) | E39: =IF(MAESTRO!D39="","",IFERROR('Planilla (Ingles 8°)'!H50,"")) | F39: =IF(MAESTRO!D39="","",IFERROR('Planilla (Ingles 8°)'!I50,"")) | G39: =IF(MAESTRO!D39="","",IFERROR('Planilla (Agropecuaria 8°) '!F50,"")) | H39: =IF(MAESTRO!D39="","",IFERROR('Planilla (Agropecuaria 8°) '!G50,"")) | I39: =IF(MAESTRO!D39="","",IFERROR('Planilla (Agropecuaria 8°) '!H50,"")) | J39: =IF(MAESTRO!D39="","",IFERROR('Planilla (Agropecuaria 8°) '!I50,"")) | K39: =IF(MAESTRO!D39="","",IFERROR('Planilla (Comercio 8°)'!F50,"")) | L39: =IF(MAESTRO!D39="","",IFERROR('Planilla (Comercio 8°)'!G50,"")) | M39: =IF(MAESTRO!D39="","",IFERROR('Planilla (Comercio 8°)'!H50,"")) | N39: =IF(MAESTRO!D39="","",IFERROR('Planilla (Comercio 8°)'!I50,"")) | O39: =IF(MAESTRO!D39="","",IFERROR(AVERAGE(G39,K39),"")) | P39: =IF(MAESTRO!D39="","",IFERROR(AVERAGE(H39,L39),"")) | Q39: =IF(MAESTRO!D39="","",IFERROR(AVERAGE(I39,M39),"")) | R39: =IF(MAESTRO!D39="","",IFERROR(TRUNC(AVERAGE(O39,P39,Q39),1),"")) | S39: =IF(MAESTRO!D39="","",IF(AND(F39="",J39="",N39="",R39=""),"",IF(Y(OR(F39="",F39>=3),OR(J39="",J39>=3),OR(N39="",N39>=3),OR(R39="",R39>=3)),"✓ APROBADO","✗ REPROBADO")))
A40: 36 | B40: =IF(MAESTRO!D40="","",MAESTRO!D40) | C40: =IF(MAESTRO!D40="","",IFERROR('Planilla (Ingles 8°)'!F51,"")) | D40: =IF(MAESTRO!D40="","",IFERROR('Planilla (Ingles 8°)'!G51,"")) | E40: =IF(MAESTRO!D40="","",IFERROR('Planilla (Ingles 8°)'!H51,"")) | F40: =IF(MAESTRO!D40="","",IFERROR('Planilla (Ingles 8°)'!I51,"")) | G40: =IF(MAESTRO!D40="","",IFERROR('Planilla (Agropecuaria 8°) '!F51,"")) | H40: =IF(MAESTRO!D40="","",IFERROR('Planilla (Agropecuaria 8°) '!G51,"")) | I40: =IF(MAESTRO!D40="","",IFERROR('Planilla (Agropecuaria 8°) '!H51,"")) | J40: =IF(MAESTRO!D40="","",IFERROR('Planilla (Agropecuaria 8°) '!I51,"")) | K40: =IF(MAESTRO!D40="","",IFERROR('Planilla (Comercio 8°)'!F51,"")) | L40: =IF(MAESTRO!D40="","",IFERROR('Planilla (Comercio 8°)'!G51,"")) | M40: =IF(MAESTRO!D40="","",IFERROR('Planilla (Comercio 8°)'!H51,"")) | N40: =IF(MAESTRO!D40="","",IFERROR('Planilla (Comercio 8°)'!I51,"")) | O40: =IF(MAESTRO!D40="","",IFERROR(AVERAGE(G40,K40),"")) | P40: =IF(MAESTRO!D40="","",IFERROR(AVERAGE(H40,L40),"")) | Q40: =IF(MAESTRO!D40="","",IFERROR(AVERAGE(I40,M40),"")) | R40: =IF(MAESTRO!D40="","",IFERROR(TRUNC(AVERAGE(O40,P40,Q40),1),"")) | S40: =IF(MAESTRO!D40="","",IF(AND(F40="",J40="",N40="",R40=""),"",IF(Y(OR(F40="",F40>=3),OR(J40="",J40>=3),OR(N40="",N40>=3),OR(R40="",R40>=3)),"✓ APROBADO","✗ REPROBADO")))
A41: 37 | B41: =IF(MAESTRO!D41="","",MAESTRO!D41) | C41: =IF(MAESTRO!D41="","",IFERROR('Planilla (Ingles 8°)'!F52,"")) | D41: =IF(MAESTRO!D41="","",IFERROR('Planilla (Ingles 8°)'!G52,"")) | E41: =IF(MAESTRO!D41="","",IFERROR('Planilla (Ingles 8°)'!H52,"")) | F41: =IF(MAESTRO!D41="","",IFERROR('Planilla (Ingles 8°)'!I52,"")) | G41: =IF(MAESTRO!D41="","",IFERROR('Planilla (Agropecuaria 8°) '!F52,"")) | H41: =IF(MAESTRO!D41="","",IFERROR('Planilla (Agropecuaria 8°) '!G52,"")) | I41: =IF(MAESTRO!D41="","",IFERROR('Planilla (Agropecuaria 8°) '!H52,"")) | J41: =IF(MAESTRO!D41="","",IFERROR('Planilla (Agropecuaria 8°) '!I52,"")) | K41: =IF(MAESTRO!D41="","",IFERROR('Planilla (Comercio 8°)'!F52,"")) | L41: =IF(MAESTRO!D41="","",IFERROR('Planilla (Comercio 8°)'!G52,"")) | M41: =IF(MAESTRO!D41="","",IFERROR('Planilla (Comercio 8°)'!H52,"")) | N41: =IF(MAESTRO!D41="","",IFERROR('Planilla (Comercio 8°)'!I52,"")) | O41: =IF(MAESTRO!D41="","",IFERROR(AVERAGE(G41,K41),"")) | P41: =IF(MAESTRO!D41="","",IFERROR(AVERAGE(H41,L41),"")) | Q41: =IF(MAESTRO!D41="","",IFERROR(AVERAGE(I41,M41),"")) | R41: =IF(MAESTRO!D41="","",IFERROR(TRUNC(AVERAGE(O41,P41,Q41),1),"")) | S41: =IF(MAESTRO!D41="","",IF(AND(F41="",J41="",N41="",R41=""),"",IF(Y(OR(F41="",F41>=3),OR(J41="",J41>=3),OR(N41="",N41>=3),OR(R41="",R41>=3)),"✓ APROBADO","✗ REPROBADO")))
A42: 38 | B42: =IF(MAESTRO!D42="","",MAESTRO!D42) | C42: =IF(MAESTRO!D42="","",IFERROR('Planilla (Ingles 8°)'!F53,"")) | D42: =IF(MAESTRO!D42="","",IFERROR('Planilla (Ingles 8°)'!G53,"")) | E42: =IF(MAESTRO!D42="","",IFERROR('Planilla (Ingles 8°)'!H53,"")) | F42: =IF(MAESTRO!D42="","",IFERROR('Planilla (Ingles 8°)'!I53,"")) | G42: =IF(MAESTRO!D42="","",IFERROR('Planilla (Agropecuaria 8°) '!F53,"")) | H42: =IF(MAESTRO!D42="","",IFERROR('Planilla (Agropecuaria 8°) '!G53,"")) | I42: =IF(MAESTRO!D42="","",IFERROR('Planilla (Agropecuaria 8°) '!H53,"")) | J42: =IF(MAESTRO!D42="","",IFERROR('Planilla (Agropecuaria 8°) '!I53,"")) | K42: =IF(MAESTRO!D42="","",IFERROR('Planilla (Comercio 8°)'!F53,"")) | L42: =IF(MAESTRO!D42="","",IFERROR('Planilla (Comercio 8°)'!G53,"")) | M42: =IF(MAESTRO!D42="","",IFERROR('Planilla (Comercio 8°)'!H53,"")) | N42: =IF(MAESTRO!D42="","",IFERROR('Planilla (Comercio 8°)'!I53,"")) | O42: =IF(MAESTRO!D42="","",IFERROR(AVERAGE(G42,K42),"")) | P42: =IF(MAESTRO!D42="","",IFERROR(AVERAGE(H42,L42),"")) | Q42: =IF(MAESTRO!D42="","",IFERROR(AVERAGE(I42,M42),"")) | R42: =IF(MAESTRO!D42="","",IFERROR(TRUNC(AVERAGE(O42,P42,Q42),1),"")) | S42: =IF(MAESTRO!D42="","",IF(AND(F42="",J42="",N42="",R42=""),"",IF(Y(OR(F42="",F42>=3),OR(J42="",J42>=3),OR(N42="",N42>=3),OR(R42="",R42>=3)),"✓ APROBADO","✗ REPROBADO")))
A43: 39 | B43: =IF(MAESTRO!D43="","",MAESTRO!D43) | C43: =IF(MAESTRO!D43="","",IFERROR('Planilla (Ingles 8°)'!F54,"")) | D43: =IF(MAESTRO!D43="","",IFERROR('Planilla (Ingles 8°)'!G54,"")) | E43: =IF(MAESTRO!D43="","",IFERROR('Planilla (Ingles 8°)'!H54,"")) | F43: =IF(MAESTRO!D43="","",IFERROR('Planilla (Ingles 8°)'!I54,"")) | G43: =IF(MAESTRO!D43="","",IFERROR('Planilla (Agropecuaria 8°) '!F54,"")) | H43: =IF(MAESTRO!D43="","",IFERROR('Planilla (Agropecuaria 8°) '!G54,"")) | I43: =IF(MAESTRO!D43="","",IFERROR('Planilla (Agropecuaria 8°) '!H54,"")) | J43: =IF(MAESTRO!D43="","",IFERROR('Planilla (Agropecuaria 8°) '!I54,"")) | K43: =IF(MAESTRO!D43="","",IFERROR('Planilla (Comercio 8°)'!F54,"")) | L43: =IF(MAESTRO!D43="","",IFERROR('Planilla (Comercio 8°)'!G54,"")) | M43: =IF(MAESTRO!D43="","",IFERROR('Planilla (Comercio 8°)'!H54,"")) | N43: =IF(MAESTRO!D43="","",IFERROR('Planilla (Comercio 8°)'!I54,"")) | O43: =IF(MAESTRO!D43="","",IFERROR(AVERAGE(G43,K43),"")) | P43: =IF(MAESTRO!D43="","",IFERROR(AVERAGE(H43,L43),"")) | Q43: =IF(MAESTRO!D43="","",IFERROR(AVERAGE(I43,M43),"")) | R43: =IF(MAESTRO!D43="","",IFERROR(TRUNC(AVERAGE(O43,P43,Q43),1),"")) | S43: =IF(MAESTRO!D43="","",IF(AND(F43="",J43="",N43="",R43=""),"",IF(Y(OR(F43="",F43>=3),OR(J43="",J43>=3),OR(N43="",N43>=3),OR(R43="",R43>=3)),"✓ APROBADO","✗ REPROBADO")))
A44: 40 | B44: =IF(MAESTRO!D44="","",MAESTRO!D44) | C44: =IF(MAESTRO!D44="","",IFERROR('Planilla (Ingles 8°)'!F55,"")) | D44: =IF(MAESTRO!D44="","",IFERROR('Planilla (Ingles 8°)'!G55,"")) | E44: =IF(MAESTRO!D44="","",IFERROR('Planilla (Ingles 8°)'!H55,"")) | F44: =IF(MAESTRO!D44="","",IFERROR('Planilla (Ingles 8°)'!I55,"")) | G44: =IF(MAESTRO!D44="","",IFERROR('Planilla (Agropecuaria 8°) '!F55,"")) | H44: =IF(MAESTRO!D44="","",IFERROR('Planilla (Agropecuaria 8°) '!G55,"")) | I44: =IF(MAESTRO!D44="","",IFERROR('Planilla (Agropecuaria 8°) '!H55,"")) | J44: =IF(MAESTRO!D44="","",IFERROR('Planilla (Agropecuaria 8°) '!I55,"")) | K44: =IF(MAESTRO!D44="","",IFERROR('Planilla (Comercio 8°)'!F55,"")) | L44: =IF(MAESTRO!D44="","",IFERROR('Planilla (Comercio 8°)'!G55,"")) | M44: =IF(MAESTRO!D44="","",IFERROR('Planilla (Comercio 8°)'!H55,"")) | N44: =IF(MAESTRO!D44="","",IFERROR('Planilla (Comercio 8°)'!I55,"")) | O44: =IF(MAESTRO!D44="","",IFERROR(AVERAGE(G44,K44),"")) | P44: =IF(MAESTRO!D44="","",IFERROR(AVERAGE(H44,L44),"")) | Q44: =IF(MAESTRO!D44="","",IFERROR(AVERAGE(I44,M44),"")) | R44: =IF(MAESTRO!D44="","",IFERROR(TRUNC(AVERAGE(O44,P44,Q44),1),"")) | S44: =IF(MAESTRO!D44="","",IF(AND(F44="",J44="",N44="",R44=""),"",IF(Y(OR(F44="",F44>=3),OR(J44="",J44>=3),OR(N44="",N44>=3),OR(R44="",R44>=3)),"✓ APROBADO","✗ REPROBADO")))
A46: PROMEDIO DEL GRUPO | C46: =IFERROR(ROUND(AVERAGEIF(C5:C44,"<>"&""),1),"") | D46: =IFERROR(ROUND(AVERAGEIF(D5:D44,"<>"&""),1),"") | E46: =IFERROR(ROUND(AVERAGEIF(E5:E44,"<>"&""),1),"") | F46: =IFERROR(ROUND(AVERAGEIF(F5:F44,"<>"&""),1),"") | G46: =IFERROR(ROUND(AVERAGEIF(G5:G44,"<>"&""),1),"") | H46: =IFERROR(ROUND(AVERAGEIF(H5:H44,"<>"&""),1),"") | I46: =IFERROR(ROUND(AVERAGEIF(I5:I44,"<>"&""),1),"") | J46: =IFERROR(ROUND(AVERAGEIF(J5:J44,"<>"&""),1),"") | ... R46: =IFERROR(ROUND(AVERAGEIF(R5:R44,"<>"&""),1),"")

Sheet RESUMEN_9°
A1: CUADRO DE NOTAS FINALES — 9° GRADO · ESCUELA CERRO CACICÓN 2026
A2: Nota: Las calificaciones se obtienen automáticamente de las hojas PROM de cada materia
A3: No. | B3: APELLIDO, NOMBRE | C3: INGLÉS | G3: AGROPECUARIA | K3: COMERCIO | O3: TECNOLOGÍA | S3: ED. ARTÍSTICA | W3: ESTADO
C4: T1 | D4: T2 | E4: T3 | F4: FINAL | G4: T1 | H4: T2 | I4: T3 | J4: FINAL | K4: T1 | L4: T2 | M4: T3 | N4: FINAL | O4: T1 | P4: T2 | Q4: T3 | R4: FINAL | S4: T1 | T4: T2 | U4: T3 | V4: FINAL
A5: 1 | B5: =IF(MAESTRO!F5="","",MAESTRO!F5) | C5: =IF(MAESTRO!F5="","",IFERROR('Planilla (Ingles 9°) '!F16,"")) | D5: =IF(MAESTRO!F5="","",IFERROR('Planilla (Ingles 9°) '!G16,"")) | E5: =IF(MAESTRO!F5="","",IFERROR('Planilla (Ingles 9°) '!H16,"")) | F5: =IF(MAESTRO!F5="","",IFERROR('Planilla (Ingles 9°) '!I16,"")) | G5: =IF(MAESTRO!F5="","",IFERROR('Planilla (Agropecuaria 9°)'!F16,"")) | H5: =IF(MAESTRO!F5="","",IFERROR('Planilla (Agropecuaria 9°)'!G16,"")) | I5: =IF(MAESTRO!F5="","",IFERROR('Planilla (Agropecuaria 9°)'!H16,"")) | J5: =IF(MAESTRO!F5="","",IFERROR('Planilla (Agropecuaria 9°)'!I16,"")) | K5: =IF(MAESTRO!F5="","",IFERROR('Planilla (Comercio 9°)'!F16,"")) | L5: =IF(MAESTRO!F5="","",IFERROR('Planilla (Comercio 9°)'!G16,"")) | M5: =IF(MAESTRO!F5="","",IFERROR('Planilla (Comercio 9°)'!H16,"")) | N5: =IF(MAESTRO!F5="","",IFERROR('Planilla (Comercio 9°)'!I16,"")) | O5: =IF(MAESTRO!F5="","",IFERROR('Planilla (Artistica 9°)'!F16,"")) | P5: =IF(MAESTRO!F5="","",IFERROR('Planilla (Artistica 9°)'!G16,"")) | Q5: =IF(MAESTRO!F5="","",IFERROR('Planilla (Artistica 9°)'!H16,"")) | R5: =IF(MAESTRO!F5="","",IFERROR('Planilla (Artistica 9°)'!I16,"")) | S5: =IF(MAESTRO!F5="","",IFERROR('PROM (Artistica 9°)'!AE5,"")) | T5: =IF(MAESTRO!F5="","",IFERROR('PROM (Artistica 9°)'!BL5,"")) | U5: =IF(MAESTRO!F5="","",IFERROR('PROM (Artistica 9°)'!CT5,"")) | V5: =IF(MAESTRO!F5="","",IFERROR(TRUNC(AVERAGE(S5,T5,U5),1),"")) | W5: =IF(MAESTRO!F5="","",IF(AND(F5="",J5="",N5="",R5="",V5=""),"",IF(Y(OR(F5="",F5>=3),OR(J5="",J5>=3),OR(N5="",N5>=3),OR(R5="",R5>=3),OR(V5="",V5>=3)),"✓ APROBADO","✗ REPROBADO")))
A6: 2 | B6: =IF(MAESTRO!F6="","",MAESTRO!F6) | C6: =IF(MAESTRO!F6="","",IFERROR('Planilla (Ingles 9°) '!F17,"")) | D6: =IF(MAESTRO!F6="","",IFERROR('Planilla (Ingles 9°) '!G17,"")) | E6: =IF(MAESTRO!F6="","",IFERROR('Planilla (Ingles 9°) '!H17,"")) | F6: =IF(MAESTRO!F6="","",IFERROR('Planilla (Ingles 9°) '!I17,"")) | G6: =IF(MAESTRO!F6="","",IFERROR('Planilla (Agropecuaria 9°)'!F17,"")) | H6: =IF(MAESTRO!F6="","",IFERROR('Planilla (Agropecuaria 9°)'!G17,"")) | I6: =IF(MAESTRO!F6="","",IFERROR('Planilla (Agropecuaria 9°)'!H17,"")) | J6: =IF(MAESTRO!F6="","",IFERROR('Planilla (Agropecuaria 9°)'!I17,"")) | K6: =IF(MAESTRO!F6="","",IFERROR('Planilla (Comercio 9°)'!F17,"")) | L6: =IF(MAESTRO!F6="","",IFERROR('Planilla (Comercio 9°)'!G17,"")) | M6: =IF(MAESTRO!F6="","",IFERROR('Planilla (Comercio 9°)'!H17,"")) | N6: =IF(MAESTRO!F6="","",IFERROR('Planilla (Comercio 9°)'!I17,"")) | O6: =IF(MAESTRO!F6="","",IFERROR('Planilla (Artistica 9°)'!F17,"")) | P6: =IF(MAESTRO!F6="","",IFERROR('Planilla (Artistica 9°)'!G17,"")) | Q6: =IF(MAESTRO!F6="","",IFERROR('Planilla (Artistica 9°)'!H17,"")) | R6: =IF(MAESTRO!F6="","",IFERROR('Planilla (Artistica 9°)'!I17,"")) | S6: =IF(MAESTRO!F6="","",IFERROR('PROM (Artistica 9°)'!AE6,"")) | T6: =IF(MAESTRO!F6="","",IFERROR('PROM (Artistica 9°)'!BL6,"")) | U6: =IF(MAESTRO!F6="","",IFERROR('PROM (Artistica 9°)'!CT6,"")) | V6: =IF(MAESTRO!F6="","",IFERROR(TRUNC(AVERAGE(S6,T6,U6),1),"")) | W6: =IF(MAESTRO!F6="","",IF(AND(F6="",J6="",N6="",R6="",V6=""),"",IF(Y(OR(F6="",F6>=3),OR(J6="",J6>=3),OR(N6="",N6>=3),OR(R6="",R6>=3),OR(V6="",V6>=3)),"✓ APROBADO","✗ REPROBADO")))
A7: 3 | B7: =IF(MAESTRO!F7="","",MAESTRO!F7) | C7: =IF(MAESTRO!F7="","",IFERROR('Planilla (Ingles 9°) '!F18,"")) | D7: =IF(MAESTRO!F7="","",IFERROR('Planilla (Ingles 9°) '!G18,"")) | E7: =IF(MAESTRO!F7="","",IFERROR('Planilla (Ingles 9°) '!H18,"")) | F7: =IF(MAESTRO!F7="","",IFERROR('Planilla (Ingles 9°) '!I18,"")) | G7: =IF(MAESTRO!F7="","",IFERROR('Planilla (Agropecuaria 9°)'!F18,"")) | H7: =IF(MAESTRO!F7="","",IFERROR('Planilla (Agropecuaria 9°)'!G18,"")) | I7: =IF(MAESTRO!F7="","",IFERROR('Planilla (Agropecuaria 9°)'!H18,"")) | J7: =IF(MAESTRO!F7="","",IFERROR('Planilla (Agropecuaria 9°)'!I18,"")) | K7: =IF(MAESTRO!F7="","",IFERROR('Planilla (Comercio 9°)'!F18,"")) | L7: =IF(MAESTRO!F7="","",IFERROR('Planilla (Comercio 9°)'!G18,"")) | M7: =IF(MAESTRO!F7="","",IFERROR('Planilla (Comercio 9°)'!H18,"")) | N7: =IF(MAESTRO!F7="","",IFERROR('Planilla (Comercio 9°)'!I18,"")) | O7: =IF(MAESTRO!F7="","",IFERROR('Planilla (Artistica 9°)'!F18,"")) | P7: =IF(MAESTRO!F7="","",IFERROR('Planilla (Artistica 9°)'!G18,"")) | Q7: =IF(MAESTRO!F7="","",IFERROR('Planilla (Artistica 9°)'!H18,"")) | R7: =IF(MAESTRO!F7="","",IFERROR('Planilla (Artistica 9°)'!I18,"")) | S7: =IF(MAESTRO!F7="","",IFERROR('PROM (Artistica 9°)'!AE7,"")) | T7: =IF(MAESTRO!F7="","",IFERROR('PROM (Artistica 9°)'!BL7,"")) | U7: =IF(MAESTRO!F7="","",IFERROR('PROM (Artistica 9°)'!CT7,"")) | V7: =IF(MAESTRO!F7="","",IFERROR(TRUNC(AVERAGE(S7,T7,U7),1),"")) | W7: =IF(MAESTRO!F7="","",IF(AND(F7="",J7="",N7="",R7="",V7=""),"",IF(Y(OR(F7="",F7>=3),OR(J7="",J7>=3),OR(N7="",N7>=3),OR(R7="",R7>=3),OR(V7="",V7>=3)),"✓ APROBADO","✗ REPROBADO")))
A8: 4 | B8: =IF(MAESTRO!F8="","",MAESTRO!F8) | C8: =IF(MAESTRO!F8="","",IFERROR('Planilla (Ingles 9°) '!F19,"")) | D8: =IF(MAESTRO!F8="","",IFERROR('Planilla (Ingles 9°) '!G19,"")) | E8: =IF(MAESTRO!F8="","",IFERROR('Planilla (Ingles 9°) '!H19,"")) | F8: =IF(MAESTRO!F8="","",IFERROR('Planilla (Ingles 9°) '!I19,"")) | G8: =IF(MAESTRO!F8="","",IFERROR('Planilla (Agropecuaria 9°)'!F19,"")) | H8: =IF(MAESTRO!F8="","",IFERROR('Planilla (Agropecuaria 9°)'!G19,"")) | I8: =IF(MAESTRO!F8="","",IFERROR('Planilla (Agropecuaria 9°)'!H19,"")) | J8: =IF(MAESTRO!F8="","",IFERROR('Planilla (Agropecuaria 9°)'!I19,"")) | K8: =IF(MAESTRO!F8="","",IFERROR('Planilla (Comercio 9°)'!F19,"")) | L8: =IF(MAESTRO!F8="","",IFERROR('Planilla (Comercio 9°)'!G19,"")) | M8: =IF(MAESTRO!F8="","",IFERROR('Planilla (Comercio 9°)'!H19,"")) | N8: =IF(MAESTRO!F8="","",IFERROR('Planilla (Comercio 9°)'!I19,"")) | O8: =IF(MAESTRO!F8="","",IFERROR('Planilla (Artistica 9°)'!F19,"")) | P8: =IF(MAESTRO!F8="","",IFERROR('Planilla (Artistica 9°)'!G19,"")) | Q8: =IF(MAESTRO!F8="","",IFERROR('Planilla (Artistica 9°)'!H19,"")) | R8: =IF(MAESTRO!F8="","",IFERROR('Planilla (Artistica 9°)'!I19,"")) | S8: =IF(MAESTRO!F8="","",IFERROR('PROM (Artistica 9°)'!AE8,"")) | T8: =IF(MAESTRO!F8="","",IFERROR('PROM (Artistica 9°)'!BL8,"")) | U8: =IF(MAESTRO!F8="","",IFERROR('PROM (Artistica 9°)'!CT8,"")) | V8: =IF(MAESTRO!F8="","",IFERROR(TRUNC(AVERAGE(S8,T8,U8),1),"")) | W8: =IF(MAESTRO!F8="","",IF(AND(F8="",J8="",N8="",R8="",V8=""),"",IF(Y(OR(F8="",F8>=3),OR(J8="",J8>=3),OR(N8="",N8>=3),OR(R8="",R8>=3),OR(V8="",V8>=3)),"✓ APROBADO","✗ REPROBADO")))
A9: 5 | B9: =IF(MAESTRO!F9="","",MAESTRO!F9) | C9: =IF(MAESTRO!F9="","",IFERROR('Planilla (Ingles 9°) '!F20,"")) | D9: =IF(MAESTRO!F9="","",IFERROR('Planilla (Ingles 9°) '!G20,"")) | E9: =IF(MAESTRO!F9="","",IFERROR('Planilla (Ingles 9°) '!H20,"")) | F9: =IF(MAESTRO!F9="","",IFERROR('Planilla (Ingles 9°) '!I20,"")) | G9: =IF(MAESTRO!F9="","",IFERROR('Planilla (Agropecuaria 9°)'!F20,"")) | H9: =IF(MAESTRO!F9="","",IFERROR('Planilla (Agropecuaria 9°)'!G20,"")) | I9: =IF(MAESTRO!F9="","",IFERROR('Planilla (Agropecuaria 9°)'!H20,"")) | J9: =IF(MAESTRO!F9="","",IFERROR('Planilla (Agropecuaria 9°)'!I20,"")) | K9: =IF(MAESTRO!F9="","",IFERROR('Planilla (Comercio 9°)'!F20,"")) | L9: =IF(MAESTRO!F9="","",IFERROR('Planilla (Comercio 9°)'!G20,"")) | M9: =IF(MAESTRO!F9="","",IFERROR('Planilla (Comercio 9°)'!H20,"")) | N9: =IF(MAESTRO!F9="","",IFERROR('Planilla (Comercio 9°)'!I20,"")) | O9: =IF(MAESTRO!F9="","",IFERROR('Planilla (Artistica 9°)'!F20,"")) | P9: =IF(MAESTRO!F9="","",IFERROR('Planilla (Artistica 9°)'!G20,"")) | Q9: =IF(MAESTRO!F9="","",IFERROR('Planilla (Artistica 9°)'!H20,"")) | R9: =IF(MAESTRO!F9="","",IFERROR('Planilla (Artistica 9°)'!I20,"")) | S9: =IF(MAESTRO!F9="","",IFERROR('PROM (Artistica 9°)'!AE9,"")) | T9: =IF(MAESTRO!F9="","",IFERROR('PROM (Artistica 9°)'!BL9,"")) | U9: =IF(MAESTRO!F9="","",IFERROR('PROM (Artistica 9°)'!CT9,"")) | V9: =IF(MAESTRO!F9="","",IFERROR(TRUNC(AVERAGE(S9,T9,U9),1),"")) | W9: =IF(MAESTRO!F9="","",IF(AND(F9="",J9="",N9="",R9="",V9=""),"",IF(Y(OR(F9="",F9>=3),OR(J9="",J9>=3),OR(N9="",N9>=3),OR(R9="",R9>=3),OR(V9="",V9>=3)),"✓ APROBADO","✗ REPROBADO")))
A10: 6 | B10: =IF(MAESTRO!F10="","",MAESTRO!F10) | C10: =IF(MAESTRO!F10="","",IFERROR('Planilla (Ingles 9°) '!F21,"")) | D10: =IF(MAESTRO!F10="","",IFERROR('Planilla (Ingles 9°) '!G21,"")) | E10: =IF(MAESTRO!F10="","",IFERROR('Planilla (Ingles 9°) '!H21,"")) | F10: =IF(MAESTRO!F10="","",IFERROR('Planilla (Ingles 9°) '!I21,"")) | G10: =IF(MAESTRO!F10="","",IFERROR('Planilla (Agropecuaria 9°)'!F21,"")) | H10: =IF(MAESTRO!F10="","",IFERROR('Planilla (Agropecuaria 9°)'!G21,"")) | I10: =IF(MAESTRO!F10="","",IFERROR('Planilla (Agropecuaria 9°)'!H21,"")) | J10: =IF(MAESTRO!F10="","",IFERROR('Planilla (Agropecuaria 9°)'!I21,"")) | K10: =IF(MAESTRO!F10="","",IFERROR('Planilla (Comercio 9°)'!F21,"")) | L10: =IF(MAESTRO!F10="","",IFERROR('Planilla (Comercio 9°)'!G21,"")) | M10: =IF(MAESTRO!F10="","",IFERROR('Planilla (Comercio 9°)'!H21,"")) | N10: =IF(MAESTRO!F10="","",IFERROR('Planilla (Comercio 9°)'!I21,"")) | O10: =IF(MAESTRO!F10="","",IFERROR('Planilla (Artistica 9°)'!F21,"")) | P10: =IF(MAESTRO!F10="","",IFERROR('Planilla (Artistica 9°)'!G21,"")) | Q10: =IF(MAESTRO!F10="","",IFERROR('Planilla (Artistica 9°)'!H21,"")) | R10: =IF(MAESTRO!F10="","",IFERROR('Planilla (Artistica 9°)'!I21,"")) | S10: =IF(MAESTRO!F10="","",IFERROR('PROM (Artistica 9°)'!AE10,"")) | T10: =IF(MAESTRO!F10="","",IFERROR('PROM (Artistica 9°)'!BL10,"")) | U10: =IF(MAESTRO!F10="","",IFERROR('PROM (Artistica 9°)'!CT10,"")) | V10: =IF(MAESTRO!F10="","",IFERROR(TRUNC(AVERAGE(S10,T10,U10),1),"")) | W10: =IF(MAESTRO!F10="","",IF(AND(F10="",J10="",N10="",R10="",V10=""),"",IF(Y(OR(F10="",F10>=3),OR(J10="",J10>=3),OR(N10="",N10>=3),OR(R10="",R10>=3),OR(V10="",V10>=3)),"✓ APROBADO","✗ REPROBADO")))
A11: 7 | B11: =IF(MAESTRO!F11="","",MAESTRO!F11) | C11: =IF(MAESTRO!F11="","",IFERROR('Planilla (Ingles 9°) '!F22,"")) | D11: =IF(MAESTRO!F11="","",IFERROR('Planilla (Ingles 9°) '!G22,"")) | E11: =IF(MAESTRO!F11="","",IFERROR('Planilla (Ingles 9°) '!H22,"")) | F11: =IF(MAESTRO!F11="","",IFERROR('Planilla (Ingles 9°) '!I22,"")) | G11: =IF(MAESTRO!F11="","",IFERROR('Planilla (Agropecuaria 9°)'!F22,"")) | H11: =IF(MAESTRO!F11="","",IFERROR('Planilla (Agropecuaria 9°)'!G22,"")) | I11: =IF(MAESTRO!F11="","",IFERROR('Planilla (Agropecuaria 9°)'!H22,"")) | J11: =IF(MAESTRO!F11="","",IFERROR('Planilla (Agropecuaria 9°)'!I22,"")) | K11: =IF(MAESTRO!F11="","",IFERROR('Planilla (Comercio 9°)'!F22,"")) | L11: =IF(MAESTRO!F11="","",IFERROR('Planilla (Comercio 9°)'!G22,"")) | M11: =IF(MAESTRO!F11="","",IFERROR('Planilla (Comercio 9°)'!H22,"")) | N11: =IF(MAESTRO!F11="","",IFERROR('Planilla (Comercio 9°)'!I22,"")) | O11: =IF(MAESTRO!F11="","",IFERROR('Planilla (Artistica 9°)'!F22,"")) | P11: =IF(MAESTRO!F11="","",IFERROR('Planilla (Artistica 9°)'!G22,"")) | Q11: =IF(MAESTRO!F11="","",IFERROR('Planilla (Artistica 9°)'!H22,"")) | R11: =IF(MAESTRO!F11="","",IFERROR('Planilla (Artistica 9°)'!I22,"")) | S11: =IF(MAESTRO!F11="","",IFERROR('PROM (Artistica 9°)'!AE11,"")) | T11: =IF(MAESTRO!F11="","",IFERROR('PROM (Artistica 9°)'!BL11,"")) | U11: =IF(MAESTRO!F11="","",IFERROR('PROM (Artistica 9°)'!CT11,"")) | V11: =IF(MAESTRO!F11="","",IFERROR(TRUNC(AVERAGE(S11,T11,U11),1),"")) | W11: =IF(MAESTRO!F11="","",IF(AND(F11="",J11="",N11="",R11="",V11=""),"",IF(Y(OR(F11="",F11>=3),OR(J11="",J11>=3),OR(N11="",N11>=3),OR(R11="",R11>=3),OR(V11="",V11>=3)),"✓ APROBADO","✗ REPROBADO")))
A12: 8 | B12: =IF(MAESTRO!F12="","",MAESTRO!F12) | C12: =IF(MAESTRO!F12="","",IFERROR('Planilla (Ingles 9°) '!F23,"")) | D12: =IF(MAESTRO!F12="","",IFERROR('Planilla (Ingles 9°) '!G23,"")) | E12: =IF(MAESTRO!F12="","",IFERROR('Planilla (Ingles 9°) '!H23,"")) | F12: =IF(MAESTRO!F12="","",IFERROR('Planilla (Ingles 9°) '!I23,"")) | G12: =IF(MAESTRO!F12="","",IFERROR('Planilla (Agropecuaria 9°)'!F23,"")) | H12: =IF(MAESTRO!F12="","",IFERROR('Planilla (Agropecuaria 9°)'!G23,"")) | I12: =IF(MAESTRO!F12="","",IFERROR('Planilla (Agropecuaria 9°)'!H23,"")) | J12: =IF(MAESTRO!F12="","",IFERROR('Planilla (Agropecuaria 9°)'!I23,"")) | K12: =IF(MAESTRO!F12="","",IFERROR('Planilla (Comercio 9°)'!F23,"")) | L12: =IF(MAESTRO!F12="","",IFERROR('Planilla (Comercio 9°)'!G23,"")) | M12: =IF(MAESTRO!F12="","",IFERROR('Planilla (Comercio 9°)'!H23,"")) | N12: =IF(MAESTRO!F12="","",IFERROR('Planilla (Comercio 9°)'!I23,"")) | O12: =IF(MAESTRO!F12="","",IFERROR('Planilla (Artistica 9°)'!F23,"")) | P12: =IF(MAESTRO!F12="","",IFERROR('Planilla (Artistica 9°)'!G23,"")) | Q12: =IF(MAESTRO!F12="","",IFERROR('Planilla (Artistica 9°)'!H23,"")) | R12: =IF(MAESTRO!F12="","",IFERROR('Planilla (Artistica 9°)'!I23,"")) | S12: =IF(MAESTRO!F12="","",IFERROR('PROM (Artistica 9°)'!AE12,"")) | T12: =IF(MAESTRO!F12="","",IFERROR('PROM (Artistica 9°)'!BL12,"")) | U12: =IF(MAESTRO!F12="","",IFERROR('PROM (Artistica 9°)'!CT12,"")) | V12: =IF(MAESTRO!F12="","",IFERROR(TRUNC(AVERAGE(S12,T12,U12),1),"")) | W12: =IF(MAESTRO!F12="","",IF(AND(F12="",J12="",N12="",R12="",V12=""),"",IF(Y(OR(F12="",F12>=3),OR(J12="",J12>=3),OR(N12="",N12>=3),OR(R12="",R12>=3),OR(V12="",V12>=3)),"✓ APROBADO","✗ REPROBADO")))
A13: 9 | B13: =IF(MAESTRO!F13="","",MAESTRO!F13) | C13: =IF(MAESTRO!F13="","",IFERROR('Planilla (Ingles 9°) '!F24,"")) | D13: =IF(MAESTRO!F13="","",IFERROR('Planilla (Ingles 9°) '!G24,"")) | E13: =IF(MAESTRO!F13="","",IFERROR('Planilla (Ingles 9°) '!H24,"")) | F13: =IF(MAESTRO!F13="","",IFERROR('Planilla (Ingles 9°) '!I24,"")) | G13: =IF(MAESTRO!F13="","",IFERROR('Planilla (Agropecuaria 9°)'!F24,"")) | H13: =IF(MAESTRO!F13="","",IFERROR('Planilla (Agropecuaria 9°)'!G24,"")) | I13: =IF(MAESTRO!F13="","",IFERROR('Planilla (Agropecuaria 9°)'!H24,"")) | J13: =IF(MAESTRO!F13="","",IFERROR('Planilla (Agropecuaria 9°)'!I24,"")) | K13: =IF(MAESTRO!F13="","",IFERROR('Planilla (Comercio 9°)'!F24,"")) | L13: =IF(MAESTRO!F13="","",IFERROR('Planilla (Comercio 9°)'!G24,"")) | M13: =IF(MAESTRO!F13="","",IFERROR('Planilla (Comercio 9°)'!H24,"")) | N13: =IF(MAESTRO!F13="","",IFERROR('Planilla (Comercio 9°)'!I24,"")) | O13: =IF(MAESTRO!F13="","",IFERROR('Planilla (Artistica 9°)'!F24,"")) | P13: =IF(MAESTRO!F13="","",IFERROR('Planilla (Artistica 9°)'!G24,"")) | Q13: =IF(MAESTRO!F13="","",IFERROR('Planilla (Artistica 9°)'!H24,"")) | R13: =IF(MAESTRO!F13="","",IFERROR('Planilla (Artistica 9°)'!I24,"")) | S13: =IF(MAESTRO!F13="","",IFERROR('PROM (Artistica 9°)'!AE13,"")) | T13: =IF(MAESTRO!F13="","",IFERROR('PROM (Artistica 9°)'!BL13,"")) | U13: =IF(MAESTRO!F13="","",IFERROR('PROM (Artistica 9°)'!CT13,"")) | V13: =IF(MAESTRO!F13="","",IFERROR(TRUNC(AVERAGE(S13,T13,U13),1),"")) | W13: =IF(MAESTRO!F13="","",IF(AND(F13="",J13="",N13="",R13="",V13=""),"",IF(Y(OR(F13="",F13>=3),OR(J13="",J13>=3),OR(N13="",N13>=3),OR(R13="",R13>=3),OR(V13="",V13>=3)),"✓ APROBADO","✗ REPROBADO")))
A14: 10 | B14: =IF(MAESTRO!F14="","",MAESTRO!F14) | C14: =IF(MAESTRO!F14="","",IFERROR('Planilla (Ingles 9°) '!F25,"")) | D14: =IF(MAESTRO!F14="","",IFERROR('Planilla (Ingles 9°) '!G25,"")) | E14: =IF(MAESTRO!F14="","",IFERROR('Planilla (Ingles 9°) '!H25,"")) | F14: =IF(MAESTRO!F14="","",IFERROR('Planilla (Ingles 9°) '!I25,"")) | G14: =IF(MAESTRO!F14="","",IFERROR('Planilla (Agropecuaria 9°)'!F25,"")) | H14: =IF(MAESTRO!F14="","",IFERROR('Planilla (Agropecuaria 9°)'!G25,"")) | I14: =IF(MAESTRO!F14="","",IFERROR('Planilla (Agropecuaria 9°)'!H25,"")) | J14: =IF(MAESTRO!F14="","",IFERROR('Planilla (Agropecuaria 9°)'!I25,"")) | K14: =IF(MAESTRO!F14="","",IFERROR('Planilla (Comercio 9°)'!F25,"")) | L14: =IF(MAESTRO!F14="","",IFERROR('Planilla (Comercio 9°)'!G25,"")) | M14: =IF(MAESTRO!F14="","",IFERROR('Planilla (Comercio 9°)'!H25,"")) | N14: =IF(MAESTRO!F14="","",IFERROR('Planilla (Comercio 9°)'!I25,"")) | O14: =IF(MAESTRO!F14="","",IFERROR('Planilla (Artistica 9°)'!F25,"")) | P14: =IF(MAESTRO!F14="","",IFERROR('Planilla (Artistica 9°)'!G25,"")) | Q14: =IF(MAESTRO!F14="","",IFERROR('Planilla (Artistica 9°)'!H25,"")) | R14: =IF(MAESTRO!F14="","",IFERROR('Planilla (Artistica 9°)'!I25,"")) | S14: =IF(MAESTRO!F14="","",IFERROR('PROM (Artistica 9°)'!AE14,"")) | T14: =IF(MAESTRO!F14="","",IFERROR('PROM (Artistica 9°)'!BL14,"")) | U14: =IF(MAESTRO!F14="","",IFERROR('PROM (Artistica 9°)'!CT14,"")) | V14: =IF(MAESTRO!F14="","",IFERROR(TRUNC(AVERAGE(S14,T14,U14),1),"")) | W14: =IF(MAESTRO!F14="","",IF(AND(F14="",J14="",N14="",R14="",V14=""),"",IF(Y(OR(F14="",F14>=3),OR(J14="",J14>=3),OR(N14="",N14>=3),OR(R14="",R14>=3),OR(V14="",V14>=3)),"✓ APROBADO","✗ REPROBADO")))
A15: 11 | B15: =IF(MAESTRO!F15="","",MAESTRO!F15) | C15: =IF(MAESTRO!F15="","",IFERROR('Planilla (Ingles 9°) '!F26,"")) | D15: =IF(MAESTRO!F15="","",IFERROR('Planilla (Ingles 9°) '!G26,"")) | E15: =IF(MAESTRO!F15="","",IFERROR('Planilla (Ingles 9°) '!H26,"")) | F15: =IF(MAESTRO!F15="","",IFERROR('Planilla (Ingles 9°) '!I26,"")) | G15: =IF(MAESTRO!F15="","",IFERROR('Planilla (Agropecuaria 9°)'!F26,"")) | H15: =IF(MAESTRO!F15="","",IFERROR('Planilla (Agropecuaria 9°)'!G26,"")) | I15: =IF(MAESTRO!F15="","",IFERROR('Planilla (Agropecuaria 9°)'!H26,"")) | J15: =IF(MAESTRO!F15="","",IFERROR('Planilla (Agropecuaria 9°)'!I26,"")) | K15: =IF(MAESTRO!F15="","",IFERROR('Planilla (Comercio 9°)'!F26,"")) | L15: =IF(MAESTRO!F15="","",IFERROR('Planilla (Comercio 9°)'!G26,"")) | M15: =IF(MAESTRO!F15="","",IFERROR('Planilla (Comercio 9°)'!H26,"")) | N15: =IF(MAESTRO!F15="","",IFERROR('Planilla (Comercio 9°)'!I26,"")) | O15: =IF(MAESTRO!F15="","",IFERROR('Planilla (Artistica 9°)'!F26,"")) | P15: =IF(MAESTRO!F15="","",IFERROR('Planilla (Artistica 9°)'!G26,"")) | Q15: =IF(MAESTRO!F15="","",IFERROR('Planilla (Artistica 9°)'!H26,"")) | R15: =IF(MAESTRO!F15="","",IFERROR('Planilla (Artistica 9°)'!I26,"")) | S15: =IF(MAESTRO!F15="","",IFERROR('PROM (Artistica 9°)'!AE15,"")) | T15: =IF(MAESTRO!F15="","",IFERROR('PROM (Artistica 9°)'!BL15,"")) | U15: =IF(MAESTRO!F15="","",IFERROR('PROM (Artistica 9°)'!CT15,"")) | V15: =IF(MAESTRO!F15="","",IFERROR(TRUNC(AVERAGE(S15,T15,U15),1),"")) | W15: =IF(MAESTRO!F15="","",IF(AND(F15="",J15="",N15="",R15="",V15=""),"",IF(Y(OR(F15="",F15>=3),OR(J15="",J15>=3),OR(N15="",N15>=3),OR(R15="",R15>=3),OR(V15="",V15>=3)),"✓ APROBADO","✗ REPROBADO")))
A16: 12 | B16: =IF(MAESTRO!F16="","",MAESTRO!F16) | C16: =IF(MAESTRO!F16="","",IFERROR('Planilla (Ingles 9°) '!F27,"")) | D16: =IF(MAESTRO!F16="","",IFERROR('Planilla (Ingles 9°) '!G27,"")) | E16: =IF(MAESTRO!F16="","",IFERROR('Planilla (Ingles 9°) '!H27,"")) | F16: =IF(MAESTRO!F16="","",IFERROR('Planilla (Ingles 9°) '!I27,"")) | G16: =IF(MAESTRO!F16="","",IFERROR('Planilla (Agropecuaria 9°)'!F27,"")) | H16: =IF(MAESTRO!F16="","",IFERROR('Planilla (Agropecuaria 9°)'!G27,"")) | I16: =IF(MAESTRO!F16="","",IFERROR('Planilla (Agropecuaria 9°)'!H27,"")) | J16: =IF(MAESTRO!F16="","",IFERROR('Planilla (Agropecuaria 9°)'!I27,"")) | K16: =IF(MAESTRO!F16="","",IFERROR('Planilla (Comercio 9°)'!F27,"")) | L16: =IF(MAESTRO!F16="","",IFERROR('Planilla (Comercio 9°)'!G27,"")) | M16: =IF(MAESTRO!F16="","",IFERROR('Planilla (Comercio 9°)'!H27,"")) | N16: =IF(MAESTRO!F16="","",IFERROR('Planilla (Comercio 9°)'!I27,"")) | O16: =IF(MAESTRO!F16="","",IFERROR('Planilla (Artistica 9°)'!F27,"")) | P16: =IF(MAESTRO!F16="","",IFERROR('Planilla (Artistica 9°)'!G27,"")) | Q16: =IF(MAESTRO!F16="","",IFERROR('Planilla (Artistica 9°)'!H27,"")) | R16: =IF(MAESTRO!F16="","",IFERROR('Planilla (Artistica 9°)'!I27,"")) | S16: =IF(MAESTRO!F16="","",IFERROR('PROM (Artistica 9°)'!AE16,"")) | T16: =IF(MAESTRO!F16="","",IFERROR('PROM (Artistica 9°)'!BL16,"")) | U16: =IF(MAESTRO!F16="","",IFERROR('PROM (Artistica 9°)'!CT16,"")) | V16: =IF(MAESTRO!F16="","",IFERROR(TRUNC(AVERAGE(S16,T16,U16),1),"")) | W16: =IF(MAESTRO!F16="","",IF(AND(F16="",J16="",N16="",R16="",V16=""),"",IF(Y(OR(F16="",F16>=3),OR(J16="",J16>=3),OR(N16="",N16>=3),OR(R16="",R16>=3),OR(V16="",V16>=3)),"✓ APROBADO","✗ REPROBADO")))
... A44: 40 | B44: =IF(MAESTRO!F44="","",MAESTRO!F44) | C44: =IF(MAESTRO!F44="","",IFERROR('Planilla (Ingles 9°) '!F55,"")) | D44: =IF(MAESTRO!F44="","",IFERROR('Planilla (Ingles 9°) '!G55,"")) | E44: =IF(MAESTRO!F44="","",IFERROR('Planilla (Ingles 9°) '!H55,"")) | F44: =IF(MAESTRO!F44="","",IFERROR('Planilla (Ingles 9°) '!I55,"")) | G44: =IF(MAESTRO!F44="","",IFERROR('Planilla (Agropecuaria 9°)'!F55,"")) | H44: =IF(MAESTRO!F44="","",IFERROR('Planilla (Agropecuaria 9°)'!G55,"")) | I44: =IF(MAESTRO!F44="","",IFERROR('Planilla (Agropecuaria 9°)'!H55,"")) | J44: =IF(MAESTRO!F44="","",IFERROR('Planilla (Agropecuaria 9°)'!I55,"")) | K44: =IF(MAESTRO!F44="","",IFERROR('Planilla (Comercio 9°)'!F55,"")) | L44: =IF(MAESTRO!F44="","",IFERROR('Planilla (Comercio 9°)'!G55,"")) | M44: =IF(MAESTRO!F44="","",IFERROR('Planilla (Comercio 9°)'!H55,"")) | N44: =IF(MAESTRO!F44="","",IFERROR('Planilla (Comercio 9°)'!I55,"")) | O44: =IF(MAESTRO!F44="","",IFERROR('Planilla (Artistica 9°)'!F55,"")) | P44: =IF(MAESTRO!F44="","",IFERROR('Planilla (Artistica 9°)'!G55,"")) | Q44: =IF(MAESTRO!F44="","",IFERROR('Planilla (Artistica 9°)'!H55,"")) | R44: =IF(MAESTRO!F44="","",IFERROR('Planilla (Artistica 9°)'!I55,"")) | S44: =IF(MAESTRO!F44="","",IFERROR('PROM (Artistica 9°)'!AE44,"")) | T44: =IF(MAESTRO!F44="","",IFERROR('PROM (Artistica 9°)'!BL44,"")) | U44: =IF(MAESTRO!F44="","",IFERROR('PROM (Artistica 9°)'!CT44,"")) | V44: =IF(MAESTRO!F44="","",IFERROR(TRUNC(AVERAGE(S44,T44,U44),1),"")) | W44: =IF(MAESTRO!F44="","",IF(AND(F44="",J44="",N44="",R44="",V44=""),"",IF(Y(OR(F44="",F44>=3),OR(J44="",J44>=3),OR(N44="",N44>=3),OR(R44="",R44>=3),OR(V44="",V44>=3)),"✓ APROBADO","✗ REPROBADO")))
A46: PROMEDIO DEL GRUPO | C46: =IFERROR(ROUND(AVERAGEIF(C5:C44,"<>"&""),1),"") | D46: =IFERROR(ROUND(AVERAGEIF(D5:D44,"<>"&""),1),"") | E46: =IFERROR(ROUND(AVERAGEIF(E5:E44,"<>"&""),1),"") | F46: =IFERROR(ROUND(AVERAGEIF(F5:F44,"<>"&""),1),"") | G46: =IFERROR(ROUND(AVERAGEIF(G5:G44,"<>"&""),1),"") | H46: =IFERROR(ROUND(AVERAGEIF(H5:H44,"<>"&""),1),"") | I46: =IFERROR(ROUND(AVERAGEIF(I5:I44,"<>"&""),1),"") | J46: =IFERROR(ROUND(AVERAGEIF(J5:J44,"<>"&""),1),"") | ... V46: =IFERROR(ROUND(AVERAGEIF(V5:V44,"<>"&""),1),"")

Sheet REPORTE_DIRECCIÓN
A1: MINISTERIO DE EDUCACIÓN DE PANAMÁ
A2: ESCUELA CERRO CACICÓN — COMARCA NGÄBE BUGLÉ
A3: INFORME ACADÉMICO GENERAL — AÑO LECTIVO 2026
A4: Docente: Elmer Tugri | Premedia Multigrado Modalidad Flexible | Fecha: =TEXT(TODAY(),"DD/MM/YYYY")
A6: 1. MATRÍCULA GENERAL
A7: GRADO | B7: TOTAL MATRICULADOS | C7: HOMBRES | D7: MUJERES
A8: 7° | B8: =IFERROR(COUNTA(MAESTRO!B5:'MAESTRO'!B44),"")
A9: 8° | B9: =IFERROR(COUNTA(MAESTRO!D5:'MAESTRO'!D44),"")
A10: 9° | B10: =IFERROR(COUNTA(MAESTRO!F5:'MAESTRO'!F44),"")
A11: TOTAL GENERAL | B11: =IFERROR(COUNTA(MAESTRO!B5:'MAESTRO'!B44)+COUNTA(MAESTRO!D5:'MAESTRO'!D44)+COUNTA(MAESTRO!F5:'MAESTRO'!F44),"")
A13: 2. RENDIMIENTO ACADÉMICO POR GRADO
A14: GRADO | B14: MATRICULADOS | C14: APROBADOS | D14: REPROBADOS | E14: % APROBACIÓN | F14: PROMEDIO INGLÉS | G14: PROMEDIO TECNOLOGÍA
A15: 7° | B15: =IFERROR(COUNTA(MAESTRO!B5:'MAESTRO'!B44),"") | C15: =COUNTIF(RESUMEN_7°!S5:'RESUMEN_7°'!S44,"✓ APROBADO") | D15: =COUNTIF(RESUMEN_7°!S5:'RESUMEN_7°'!S44,"✗ REPROBADO") | E15: =IFERROR(ROUND(C15/B15*100,1)&"%","") | F15: =IFERROR(ROUND(AVERAGEIF(RESUMEN_7°!F5:'RESUMEN_7°'!F44,"<>"&""),1),"") | G15: =IFERROR(ROUND(AVERAGEIF(RESUMEN_7°!R5:'RESUMEN_7°'!R44,"<>"&""),1),"")
A16: 8° | B16: =IFERROR(COUNTA(MAESTRO!D5:'MAESTRO'!D44),"") | C16: =COUNTIF(RESUMEN_8°!S5:'RESUMEN_8°'!S44,"✓ APROBADO") | D16: =COUNTIF(RESUMEN_8°!S5:'RESUMEN_8°'!S44,"✗ REPROBADO") | E16: =IFERROR(ROUND(C16/B16*100,1)&"%","") | F16: =IFERROR(ROUND(AVERAGEIF(RESUMEN_8°!F5:'RESUMEN_8°'!F44,"<>"&""),1),"") | G16: =IFERROR(ROUND(AVERAGEIF(RESUMEN_8°!R5:'RESUMEN_8°'!R44,"<>"&""),1),"")
A17: 9° | B17: =IFERROR(COUNTA(MAESTRO!F5:'MAESTRO'!F44),"") | C17: =COUNTIF(RESUMEN_9°!W5:'RESUMEN_9°'!W44,"✓ APROBADO") | D17: =COUNTIF(RESUMEN_9°!W5:'RESUMEN_9°'!W44,"✗ REPROBADO") | E17: =IFERROR(ROUND(C17/B17*100,1)&"%","") | F17: =IFERROR(ROUND(AVERAGEIF(RESUMEN_9°!F5:'RESUMEN_9°'!F44,"<>"&""),1),"") | G17: =IFERROR(ROUND(AVERAGEIF(RESUMEN_9°!V5:'RESUMEN_9°'!V44,"<>"&""),1),"")
A19: 3. ESTUDIANTES CON DEFICIENCIAS (NOTA FINAL <3.0)
A20: No. | B20: GRADO | C20: APELLIDO, NOMBRE | D20: INGLÉS | E20: TECNOLOGÍA | F20: OBSERVACIONES
A21: =IF(DASHBOARD!G19="⚠ REVISAR",1,"") | B21: =IF(DASHBOARD!G19="⚠ REVISAR",DASHBOARD!A19,"") | C21: =IF(DASHBOARD!G19="⚠ REVISAR",DASHBOARD!C19,"") | D21: =IF(DASHBOARD!G19="⚠ REVISAR",DASHBOARD!D19,"") | E21: =IF(DASHBOARD!G19="⚠ REVISAR",DASHBOARD!E19,"")
A22: =IF(DASHBOARD!G20="⚠ REVISAR",2,"") | B22: =IF(DASHBOARD!G20="⚠ REVISAR",DASHBOARD!A20,"") | C22: =IF(DASHBOARD!G20="⚠ REVISAR",DASHBOARD!C20,"") | D22: =IF(DASHBOARD!G20="⚠ REVISAR",DASHBOARD!D20,"") | E22: =IF(DASHBOARD!G20="⚠ REVISAR",DASHBOARD!E20,"")
A23: =IF(DASHBOARD!G21="⚠ REVISAR",3,"") | B23: =IF(DASHBOARD!G21="⚠ REVISAR",DASHBOARD!A21,"") | C23: =IF(DASHBOARD!G21="⚠ REVISAR",DASHBOARD!C21,"") | D23: =IF(DASHBOARD!G21="⚠ REVISAR",DASHBOARD!D21,"") | E23: =IF(DASHBOARD!G21="⚠ REVISAR",DASHBOARD!E21,"")
A24: =IF(DASHBOARD!G22="⚠ REVISAR",4,"") | B24: =IF(DASHBOARD!G22="⚠ REVISAR",DASHBOARD!A22,"") | C24: =IF(DASHBOARD!G22="⚠ REVISAR",DASHBOARD!C22,"") | D24: =IF(DASHBOARD!G22="⚠ REVISAR",DASHBOARD!D22,"") | E24: =IF(DASHBOARD!G22="⚠ REVISAR",DASHBOARD!E22,"")
A25: =IF(DASHBOARD!G23="⚠ REVISAR",5,"") | B25: =IF(DASHBOARD!G23="⚠ REVISAR",DASHBOARD!A23,"") | C25: =IF(DASHBOARD!G23="⚠ REVISAR",DASHBOARD!C23,"") | D25: =IF(DASHBOARD!G23="⚠ REVISAR",DASHBOARD!D23,"") | E25: =IF(DASHBOARD!G23="⚠ REVISAR",DASHBOARD!E23,"")
A26: =IF(DASHBOARD!G24="⚠ REVISAR",6,"") | B26: =IF(DASHBOARD!G24="⚠ REVISAR",DASHBOARD!A24,"") | C26: =IF(DASHBOARD!G24="⚠ REVISAR",DASHBOARD!C24,"") | D26: =IF(DASHBOARD!G24="⚠ REVISAR",DASHBOARD!D24,"") | E26: =IF(DASHBOARD!G24="⚠ REVISAR",DASHBOARD!E24,"")
A27: =IF(DASHBOARD!G25="⚠ REVISAR",7,"") | B27: =IF(DASHBOARD!G25="⚠ REVISAR",DASHBOARD!A25,"") | C27: =IF(DASHBOARD!G25="⚠ REVISAR",DASHBOARD!C25,"") | D27: =IF(DASHBOARD!G25="⚠ REVISAR",DASHBOARD!D25,"") | E27: =IF(DASHBOARD!G25="⚠ REVISAR",DASHBOARD!E25,"")
A28: =IF(DASHBOARD!G26="⚠ REVISAR",8,"") | B28: =IF(DASHBOARD!G26="⚠ REVISAR",DASHBOARD!A26,"") | C28: =IF(DASHBOARD!G26="⚠ REVISAR",DASHBOARD!C26,"") | D28: =IF(DASHBOARD!G26="⚠ REVISAR",DASHBOARD!D26,"") | E28: =IF(DASHBOARD!G26="⚠ REVISAR",DASHBOARD!E26,"")
A29: =IF(DASHBOARD!G27="⚠ REVISAR",9,"") | B29: =IF(DASHBOARD!G27="⚠ REVISAR",DASHBOARD!A27,"") | C29: =IF(DASHBOARD!G27="⚠ REVISAR",DASHBOARD!C27,"") | D29: =IF(DASHBOARD!G27="⚠ REVISAR",DASHBOARD!D27,"") | E29: =IF(DASHBOARD!G27="⚠ REVISAR",DASHBOARD!E27,"")
A30: =IF(DASHBOARD!G28="⚠ REVISAR",10,"") | B30: =IF(DASHBOARD!G28="⚠ REVISAR",DASHBOARD!A28,"") | C30: =IF(DASHBOARD!G28="⚠ REVISAR",DASHBOARD!C28,"") | D30: =IF(DASHBOARD!G28="⚠ REVISAR",DASHBOARD!D28,"") | E30: =IF(DASHBOARD!G28="⚠ REVISAR",DASHBOARD!E28,"")
A31: =IF(DASHBOARD!G29="⚠ REVISAR",11,"") | B31: =IF(DASHBOARD!G29="⚠ REVISAR",DASHBOARD!A29,"") | C31: =IF(DASHBOARD!G29="⚠ REVISAR",DASHBOARD!C29,"") | D31: =IF(DASHBOARD!G29="⚠ REVISAR",DASHBOARD!D29,"") | E31: =IF(DASHBOARD!G29="⚠ REVISAR",DASHBOARD!E29,"")
A32: =IF(DASHBOARD!G30="⚠ REVISAR",12,"") | B32: =IF(DASHBOARD!G30="⚠ REVISAR",DASHBOARD!A30,"") | C32: =IF(DASHBOARD!G30="⚠ REVISAR",DASHBOARD!C30,"") | D32: =IF(DASHBOARD!G30="⚠ REVISAR",DASHBOARD!D30,"") | E32: =IF(DASHBOARD!G30="⚠ REVISAR",DASHBOARD!E30,"")
A33: =IF(DASHBOARD!G31="⚠ REVISAR",13,"") | B33: =IF(DASHBOARD!G31="⚠ REVISAR",DASHBOARD!A31,"") | C33: =IF(DASHBOARD!G31="⚠ REVISAR",DASHBOARD!C31,"") | D33: =IF(DASHBOARD!G31="⚠ REVISAR",DASHBOARD!D31,"") | E33: =IF(DASHBOARD!G31="⚠ REVISAR",DASHBOARD!E31,"")
A34: =IF(DASHBOARD!G32="⚠ REVISAR",14,"") | B34: =IF(DASHBOARD!G32="⚠ REVISAR",DASHBOARD!A32,"") | C34: =IF(DASHBOARD!G32="⚠ REVISAR",DASHBOARD!C32,"") | D34: =IF(DASHBOARD!G32="⚠ REVISAR",DASHBOARD!D32,"") | E34: =IF(DASHBOARD!G32="⚠ REVISAR",DASHBOARD!E32,"")
A35: =IF(DASHBOARD!G33="⚠ REVISAR",15,"") | B35: =IF(DASHBOARD!G33="⚠ REVISAR",DASHBOARD!A33,"") | C35: =IF(DASHBOARD!G33="⚠ REVISAR",DASHBOARD!C33,"") | D35: =IF(DASHBOARD!G33="⚠ REVISAR",DASHBOARD!D33,"") | E35: =IF(DASHBOARD!G33="⚠ REVISAR",DASHBOARD!E33,"")
A36: =IF(DASHBOARD!G34="⚠ REVISAR",16,"") | B36: =IF(DASHBOARD!G34="⚠ REVISAR",DASHBOARD!A34,"") | C36: =IF(DASHBOARD!G34="⚠ REVISAR",DASHBOARD!C34,"") | D36: =IF(DASHBOARD!G34="⚠ REVISAR",DASHBOARD!D34,"") | E36: =IF(DASHBOARD!G34="⚠ REVISAR",DASHBOARD!E34,"")
A37: =IF(DASHBOARD!G35="⚠ REVISAR",17,"") | B37: =IF(DASHBOARD!G35="⚠ REVISAR",DASHBOARD!A35,"") | C37: =IF(DASHBOARD!G35="⚠ REVISAR",DASHBOARD!C35,"") | D37: =IF(DASHBOARD!G35="⚠ REVISAR",DASHBOARD!D35,"") | E37: =IF(DASHBOARD!G35="⚠ REVISAR",DASHBOARD!E35,"")
A38: =IF(DASHBOARD!G36="⚠ REVISAR",18,"") | B38: =IF(DASHBOARD!G36="⚠ REVISAR",DASHBOARD!A36,"") | C38: =IF(DASHBOARD!G36="⚠ REVISAR",DASHBOARD!C36,"") | D38: =IF(DASHBOARD!G36="⚠ REVISAR",DASHBOARD!D36,"") | E38: =IF(DASHBOARD!G36="⚠ REVISAR",DASHBOARD!E36,"")
A39: =IF(DASHBOARD!G37="⚠ REVISAR",19,"") | B39: =IF(DASHBOARD!G37="⚠ REVISAR",DASHBOARD!A37,"") | C39: =IF(DASHBOARD!G37="⚠ REVISAR",DASHBOARD!C37,"") | D39: =IF(DASHBOARD!G37="⚠ REVISAR",DASHBOARD!D37,"") | E39: =IF(DASHBOARD!G37="⚠ REVISAR",DASHBOARD!E37,"")
A40: =IF(DASHBOARD!G38="⚠ REVISAR",20,"") | B40: =IF(DASHBOARD!G38="⚠ REVISAR",DASHBOARD!A38,"") | C40: =IF(DASHBOARD!G38="⚠ REVISAR",DASHBOARD!C38,"") | D40: =IF(DASHBOARD!G38="⚠ REVISAR",DASHBOARD!D38,"") | E40: =IF(DASHBOARD!G38="⚠ REVISAR",DASHBOARD!E38,"")
A41: =IF(DASHBOARD!G39="⚠ REVISAR",21,"") | B41: =IF(DASHBOARD!G39="⚠ REVISAR",DASHBOARD!A39,"") | C41: =IF(DASHBOARD!G39="⚠ REVISAR",DASHBOARD!C39,"") | D41: =IF(DASHBOARD!G39="⚠ REVISAR",DASHBOARD!D39,"") | E41: =IF(DASHBOARD!G39="⚠ REVISAR",DASHBOARD!E39,"")
A42: =IF(DASHBOARD!G40="⚠ REVISAR",22,"") | B42: =IF(DASHBOARD!G40="⚠ REVISAR",DASHBOARD!A40,"") | C42: =IF(DASHBOARD!G40="⚠ REVISAR",DASHBOARD!C40,"") | D42: =IF(DASHBOARD!G40="⚠ REVISAR",DASHBOARD!D40,"") | E42: =IF(DASHBOARD!G40="⚠ REVISAR",DASHBOARD!E40,"")
A43: =IF(DASHBOARD!G41="⚠ REVISAR",23,"") | B43: =IF(DASHBOARD!G41="⚠ REVISAR",DASHBOARD!A41,"") | C43: =IF(DASHBOARD!G41="⚠ REVISAR",DASHBOARD!C41,"") | D43: =IF(DASHBOARD!G41="⚠ REVISAR",DASHBOARD!D41,"") | E43: =IF(DASHBOARD!G41="⚠ REVISAR",DASHBOARD!E41,"")
A44: =IF(DASHBOARD!G42="⚠ REVISAR",24,"") | B44: =IF(DASHBOARD!G42="⚠ REVISAR",DASHBOARD!A42,"") | C44: =IF(DASHBOARD!G42="⚠ REVISAR",DASHBOARD!C42,"") | D44: =IF(DASHBOARD!G42="⚠ REVISAR",DASHBOARD!D42,"") | E44: =IF(DASHBOARD!G42="⚠ REVISAR",DASHBOARD!E42,"")
A45: =IF(DASHBOARD!G43="⚠ REVISAR",25,"") | B45: =IF(DASHBOARD!G43="⚠ REVISAR",DASHBOARD!A43,"") | C45: =IF(DASHBOARD!G43="⚠ REVISAR",DASHBOARD!C43,"") | D45: =IF(DASHBOARD!G43="⚠ REVISAR",DASHBOARD!D43,"") | E45: =IF(DASHBOARD!G43="⚠ REVISAR",DASHBOARD!E43,"")
A46: =IF(DASHBOARD!G44="⚠ REVISAR",26,"") | B46: =IF(DASHBOARD!G44="⚠ REVISAR",DASHBOARD!A44,"") | C46: =IF(DASHBOARD!G44="⚠ REVISAR",DASHBOARD!C44,"") | D46: =IF(DASHBOARD!G44="⚠ REVISAR",DASHBOARD!D44,"") | E46: =IF(DASHBOARD!G44="⚠ REVISAR",DASHBOARD!E44,"")
A47: =IF(DASHBOARD!G45="⚠ REVISAR",27,"") | B47: =IF(DASHBOARD!G45="⚠ REVISAR",DASHBOARD!A45,"") | C47: =IF(DASHBOARD!G45="⚠ REVISAR",DASHBOARD!C45,"") | D47: =IF(DASHBOARD!G45="⚠ REVISAR",DASHBOARD!D45,"") | E47: =IF(DASHBOARD!G45="⚠ REVISAR",DASHBOARD!E45,"")
A48: =IF(DASHBOARD!G46="⚠ REVISAR",28,"") | B48: =IF(DASHBOARD!G46="⚠ REVISAR",DASHBOARD!A46,"") | C48: =IF(DASHBOARD!G46="⚠ REVISAR",DASHBOARD!C46,"") | D48: =IF(DASHBOARD!G46="⚠ REVISAR",DASHBOARD!D46,"") | E48: =IF(DASHBOARD!G46="⚠ REVISAR",DASHBOARD!E46,"")
A49: =IF(DASHBOARD!G47="⚠ REVISAR",29,"") | B49: =IF(DASHBOARD!G47="⚠ REVISAR",DASHBOARD!A47,"") | C49: =IF(DASHBOARD!G47="⚠ REVISAR",DASHBOARD!C47,"") | D49: =IF(DASHBOARD!G47="⚠ REVISAR",DASHBOARD!D47,"") | E49: =IF(DASHBOARD!G47="⚠ REVISAR",DASHBOARD!E47,"")
A50: =IF(DASHBOARD!G48="⚠ REVISAR",30,"") | B50: =IF(DASHBOARD!G48="⚠ REVISAR",DASHBOARD!A48,"") | C50: =IF(DASHBOARD!G48="⚠ REVISAR",DASHBOARD!C48,"") | D50: =IF(DASHBOARD!G48="⚠ REVISAR",DASHBOARD!D48,"") | E50: =IF(DASHBOARD!G48="⚠ REVISAR",DASHBOARD!E48,"")
A51: =IF(DASHBOARD!G49="⚠ REVISAR",31,"") | B51: =IF(DASHBOARD!G49="⚠ REVISAR",DASHBOARD!A49,"") | C51: =IF(DASHBOARD!G49="⚠ REVISAR",DASHBOARD!C49,"") | D51: =IF(DASHBOARD!G49="⚠ REVISAR",DASHBOARD!D49,"") | E51: =IF(DASHBOARD!G49="⚠ REVISAR",DASHBOARD!E49,"")
A52: =IF(DASHBOARD!G50="⚠ REVISAR",32,"") | B52: =IF(DASHBOARD!G50="⚠ REVISAR",DASHBOARD!A50,"") | C52: =IF(DASHBOARD!G50="⚠ REVISAR",DASHBOARD!C50,"") | D52: =IF(DASHBOARD!G50="⚠ REVISAR",DASHBOARD!D50,"") | E52: =IF(DASHBOARD!G50="⚠ REVISAR",DASHBOARD!E50,"")
A53: =IF(DASHBOARD!G51="⚠ REVISAR",33,"") | B53: =IF(DASHBOARD!G51="⚠ REVISAR",DASHBOARD!A51,"") | C53: =IF(DASHBOARD!G51="⚠ REVISAR",DASHBOARD!C51,"") | D53: =IF(DASHBOARD!G51="⚠ REVISAR",DASHBOARD!D51,"") | E53: =IF(DASHBOARD!G51="⚠ REVISAR",DASHBOARD!E51,"")
A54: =IF(DASHBOARD!G52="⚠ REVISAR",34,"") | B54: =IF(DASHBOARD!G52="⚠ REVISAR",DASHBOARD!A52,"") | C54: =IF(DASHBOARD!G52="⚠ REVISAR",DASHBOARD!C52,"") | D54: =IF(DASHBOARD!G52="⚠ REVISAR",DASHBOARD!D52,"") | E54: =IF(DASHBOARD!G52="⚠ REVISAR",DASHBOARD!E52,"")
A55: =IF(DASHBOARD!G53="⚠ REVISAR",35,"") | B55: =IF(DASHBOARD!G53="⚠ REVISAR",DASHBOARD!A53,"") | C55: =IF(DASHBOARD!G53="⚠ REVISAR",DASHBOARD!C53,"") | D55: =IF(DASHBOARD!G53="⚠ REVISAR",DASHBOARD!D53,"") | E55: =IF(DASHBOARD!G53="⚠ REVISAR",DASHBOARD!E53,"")
A56: =IF(DASHBOARD!G54="⚠ REVISAR",36,"") | B56: =IF(DASHBOARD!G54="⚠ REVISAR",DASHBOARD!A54,"") | C56: =IF(DASHBOARD!G54="⚠ REVISAR",DASHBOARD!C54,"") | D56: =IF(DASHBOARD!G54="⚠ REVISAR",DASHBOARD!D54,"") | E56: =IF(DASHBOARD!G54="⚠ REVISAR",DASHBOARD!E54,"")
A57: =IF(DASHBOARD!G55="⚠ REVISAR",37,"") | B57: =IF(DASHBOARD!G55="⚠ REVISAR",DASHBOARD!A55,"") | C57: =IF(DASHBOARD!G55="⚠ REVISAR",DASHBOARD!C55,"") | D57: =IF(DASHBOARD!G55="⚠ REVISAR",DASHBOARD!D55,"") | E57: =IF(DASHBOARD!G55="⚠ REVISAR",DASHBOARD!E55,"")
A58: =IF(DASHBOARD!G56="⚠ REVISAR",38,"") | B58: =IF(DASHBOARD!G56="⚠ REVISAR",DASHBOARD!A56,"") | C58: =IF(DASHBOARD!G56="⚠ REVISAR",DASHBOARD!C56,"") | D58: =IF(DASHBOARD!G56="⚠ REVISAR",DASHBOARD!D56,"") | E58: =IF(DASHBOARD!G56="⚠ REVISAR",DASHBOARD!E56,"")
A59: =IF(DASHBOARD!G57="⚠ REVISAR",39,"") | B59: =IF(DASHBOARD!G57="⚠ REVISAR",DASHBOARD!A57,"") | C59: =IF(DASHBOARD!G57="⚠ REVISAR",DASHBOARD!C57,"") | D59: =IF(DASHBOARD!G57="⚠ REVISAR",DASHBOARD!D57,"") | E59: =IF(DASHBOARD!G57="⚠ REVISAR",DASHBOARD!E57,"")
A60: =IF(DASHBOARD!G58="⚠ REVISAR",40,"") | B60: =IF(DASHBOARD!G58="⚠ REVISAR",DASHBOARD!A58,"") | C60: =IF(DASHBOARD!G58="⚠ REVISAR",DASHBOARD!C58,"") | D60: =IF(DASHBOARD!G58="⚠ REVISAR",DASHBOARD!D58,"") | E60: =IF(DASHBOARD!G58="⚠ REVISAR",DASHBOARD!E58,"")
A61: =IF(DASHBOARD!G59="⚠ REVISAR",41,"") | B61: =IF(DASHBOARD!G59="⚠ REVISAR",DASHBOARD!A59,"") | C61: =IF(DASHBOARD!G59="⚠ REVISAR",DASHBOARD!C59,"") | D61: =IF(DASHBOARD!G59="⚠ REVISAR",DASHBOARD!D59,"") | E61: =IF(DASHBOARD!G59="⚠ REVISAR",DASHBOARD!E59,"")
A62: =IF(DASHBOARD!G60="⚠ REVISAR",42,"") | B62: =IF(DASHBOARD!G60="⚠ REVISAR",DASHBOARD!A60,"") | C62: =IF(DASHBOARD!G60="⚠ REVISAR",DASHBOARD!C60,"") | D62: =IF(DASHBOARD!G60="⚠ REVISAR",DASHBOARD!D60,"") | E62: =IF(DASHBOARD!G60="⚠ REVISAR",DASHBOARD!E60,"")
A63: =IF(DASHBOARD!G61="⚠ REVISAR",43,"") | B63: =IF(DASHBOARD!G61="⚠ REVISAR",DASHBOARD!A61,"") | C63: =IF(DASHBOARD!G61="⚠ REVISAR",DASHBOARD!C61,"") | D63: =IF(DASHBOARD!G61="⚠ REVISAR",DASHBOARD!D61,"") | E63: =IF(DASHBOARD!G61="⚠ REVISAR",DASHBOARD!E61,"")
A64: =IF(DASHBOARD!G62="⚠ REVISAR",44,"") | B64: =IF(DASHBOARD!G62="⚠ REVISAR",DASHBOARD!A62,"") | C64: =IF(DASHBOARD!G62="⚠ REVISAR",DASHBOARD!C62,"") | D64: =IF(DASHBOARD!G62="⚠ REVISAR",DASHBOARD!D62,"") | E64: =IF(DASHBOARD!G62="⚠ REVISAR",DASHBOARD!E62,"")
A65: =IF(DASHBOARD!G63="⚠ REVISAR",45,"") | B65: =IF(DASHBOARD!G63="⚠ REVISAR",DASHBOARD!A63,"") | C65: =IF(DASHBOARD!G63="⚠ REVISAR",DASHBOARD!C63,"") | D65: =IF(DASHBOARD!G63="⚠ REVISAR",DASHBOARD!D63,"") | E65: =IF(DASHBOARD!G63="⚠ REVISAR",DASHBOARD!E63,"")
A66: =IF(DASHBOARD!G64="⚠ REVISAR",46,"") | B66: =IF(DASHBOARD!G64="⚠ REVISAR",DASHBOARD!A64,"") | C66: =IF(DASHBOARD!G64="⚠ REVISAR",DASHBOARD!C64,"") | D66: =IF(DASHBOARD!G64="⚠ REVISAR",DASHBOARD!D64,"") | E66: =IF(DASHBOARD!G64="⚠ REVISAR",DASHBOARD!E64,"")
A67: =IF(DASHBOARD!G65="⚠ REVISAR",47,"") | B67: =IF(DASHBOARD!G65="⚠ REVISAR",DASHBOARD!A65,"") | C67: =IF(DASHBOARD!G65="⚠ REVISAR",DASHBOARD!C65,"") | D67: =IF(DASHBOARD!G65="⚠ REVISAR",DASHBOARD!D65,"") | E67: =IF(DASHBOARD!G65="⚠ REVISAR",DASHBOARD!E65,"")
A68: =IF(DASHBOARD!G66="⚠ REVISAR",48,"") | B68: =IF(DASHBOARD!G66="⚠ REVISAR",DASHBOARD!A66,"") | C68: =IF(DASHBOARD!G66="⚠ REVISAR",DASHBOARD!C66,"") | D68: =IF(DASHBOARD!G66="⚠ REVISAR",DASHBOARD!D66,"") | E68: =IF(DASHBOARD!G66="⚠ REVISAR",DASHBOARD!E66,"")
A69: =IF(DASHBOARD!G67="⚠ REVISAR",49,"") | B69: =IF(DASHBOARD!G67="⚠ REVISAR",DASHBOARD!A67,"") | C69: =IF(DASHBOARD!G67="⚠ REVISAR",DASHBOARD!C67,"") | D69: =IF(DASHBOARD!G67="⚠ REVISAR",DASHBOARD!D67,"") | E69: =IF(DASHBOARD!G67="⚠ REVISAR",DASHBOARD!E67,"")
A70: =IF(DASHBOARD!G68="⚠ REVISAR",50,"") | B70: =IF(DASHBOARD!G68="⚠ REVISAR",DASHBOARD!A68,"") | C70: =IF(DASHBOARD!G68="⚠ REVISAR",DASHBOARD!C68,"") | D70: =IF(DASHBOARD!G68="⚠ REVISAR",DASHBOARD!D68,"") | E70: =IF(DASHBOARD!G68="⚠ REVISAR",DASHBOARD!E68,"")
A71: =IF(DASHBOARD!G69="⚠ REVISAR",51,"") | B71: =IF(DASHBOARD!G69="⚠ REVISAR",DASHBOARD!A69,"") | C71: =IF(DASHBOARD!G69="⚠ REVISAR",DASHBOARD!C69,"") | D71: =IF(DASHBOARD!G69="⚠ REVISAR",DASHBOARD!D69,"") | E71: =IF(DASHBOARD!G69="⚠ REVISAR",DASHBOARD!E69,"")
A72: =IF(DASHBOARD!G70="⚠ REVISAR",52,"") | B72: =IF(DASHBOARD!G70="⚠ REVISAR",DASHBOARD!A70,"") | C72: =IF(DASHBOARD!G70="⚠ REVISAR",DASHBOARD!C70,"") | D72: =IF(DASHBOARD!G70="⚠ REVISAR",DASHBOARD!D70,"") | E72: =IF(DASHBOARD!G70="⚠ REVISAR",DASHBOARD!E70,"")
A73: =IF(DASHBOARD!G71="⚠ REVISAR",53,"") | B73: =IF(DASHBOARD!G71="⚠ REVISAR",DASHBOARD!A71,"") | C73: =IF(DASHBOARD!G71="⚠ REVISAR",DASHBOARD!C71,"") | D73: =IF(DASHBOARD!G71="⚠ REVISAR",DASHBOARD!D71,"") | E73: =IF(DASHBOARD!G71="⚠ REVISAR",DASHBOARD!E71,"")
A74: =IF(DASHBOARD!G72="⚠ REVISAR",54,"") | B74: =IF(DASHBOARD!G72="⚠ REVISAR",DASHBOARD!A72,"") | C74: =IF(DASHBOARD!G72="⚠ REVISAR",DASHBOARD!C72,"") | D74: =IF(DASHBOARD!G72="⚠ REVISAR",DASHBOARD!D72,"") | E74: =IF(DASHBOARD!G72="⚠ REVISAR",DASHBOARD!E72,"")
A75: =IF(DASHBOARD!G73="⚠ REVISAR",55,"") | B75: =IF(DASHBOARD!G73="⚠ REVISAR",DASHBOARD!A73,"") | C75: =IF(DASHBOARD!G73="⚠ REVISAR",DASHBOARD!C73,"") | D75: =IF(DASHBOARD!G73="⚠ REVISAR",DASHBOARD!D73,"") | E75: =IF(DASHBOARD!G73="⚠ REVISAR",DASHBOARD!E73,"")
A76: =IF(DASHBOARD!G74="⚠ REVISAR",56,"") | B76: =IF(DASHBOARD!G74="⚠ REVISAR",DASHBOARD!A74,"") | C76: =IF(DASHBOARD!G74="⚠ REVISAR",DASHBOARD!C74,"") | D76: =IF(DASHBOARD!G74="⚠ REVISAR",DASHBOARD!D74,"") | E76: =IF(DASHBOARD!G74="⚠ REVISAR",DASHBOARD!E74,"")
A77: =IF(DASHBOARD!G75="⚠ REVISAR",57,"") | B77: =IF(DASHBOARD!G75="⚠ REVISAR",DASHBOARD!A75,"") | C77: =IF(DASHBOARD!G75="⚠ REVISAR",DASHBOARD!C75,"") | D77: =IF(DASHBOARD!G75="⚠ REVISAR",DASHBOARD!D75,"") | E77: =IF(DASHBOARD!G75="⚠ REVISAR",DASHBOARD!E75,"")
A78: =IF(DASHBOARD!G76="⚠ REVISAR",58,"") | B78: =IF(DASHBOARD!G76="⚠ REVISAR",DASHBOARD!A76,"") | C78: =IF(DASHBOARD!G76="⚠ REVISAR",DASHBOARD!C76,"") | D78: =IF(DASHBOARD!G76="⚠ REVISAR",DASHBOARD!D76,"") | E78: =IF(DASHBOARD!G76="⚠ REVISAR",DASHBOARD!E76,"")
A79: =IF(DASHBOARD!G77="⚠ REVISAR",59,"") | B79: =IF(DASHBOARD!G77="⚠ REVISAR",DASHBOARD!A77,"") | C79: =IF(DASHBOARD!G77="⚠ REVISAR",DASHBOARD!C77,"") | D79: =IF(DASHBOARD!G77="⚠ REVISAR",DASHBOARD!D77,"") | E79: =IF(DASHBOARD!G77="⚠ REVISAR",DASHBOARD!E77,"")
A80: =IF(DASHBOARD!G78="⚠ REVISAR",60,"") | B80: =IF(DASHBOARD!G78="⚠ REVISAR",DASHBOARD!A78,"") | C80: =IF(DASHBOARD!G78="⚠ REVISAR",DASHBOARD!C78,"") | D80: =IF(DASHBOARD!G78="⚠ REVISAR",DASHBOARD!D78,"") | E80: =IF(DASHBOARD!G78="⚠ REVISAR",DASHBOARD!E78,"")
A81: =IF(DASHBOARD!G79="⚠ REVISAR",61,"") | B81: =IF(DASHBOARD!G79="⚠ REVISAR",DASHBOARD!A79,"") | C81: =IF(DASHBOARD!G79="⚠ REVISAR",DASHBOARD!C79,"") | D81: =IF(DASHBOARD!G79="⚠ REVISAR",DASHBOARD!D79,"") | E81: =IF(DASHBOARD!G79="⚠ REVISAR",DASHBOARD!E79,"")
A82: =IF(DASHBOARD!G80="⚠ REVISAR",62,"") | B82: =IF(DASHBOARD!G80="⚠ REVISAR",DASHBOARD!A80,"") | C82: =IF(DASHBOARD!G80="⚠ REVISAR",DASHBOARD!C80,"") | D82: =IF(DASHBOARD!G80="⚠ REVISAR",DASHBOARD!D80,"") | E82: =IF(DASHBOARD!G80="⚠ REVISAR",DASHBOARD!E80,"")
A83: =IF(DASHBOARD!G81="⚠ REVISAR",63,"") | B83: =IF(DASHBOARD!G81="⚠ REVISAR",DASHBOARD!A81,"") | C83: =IF(DASHBOARD!G81="⚠ REVISAR",DASHBOARD!C81,"") | D83: =IF(DASHBOARD!G81="⚠ REVISAR",DASHBOARD!D81,"") | E83: =IF(DASHBOARD!G81="⚠ REVISAR",DASHBOARD!E81,"")
A84: =IF(DASHBOARD!G82="⚠ REVISAR",64,"") | B84: =IF(DASHBOARD!G82="⚠ REVISAR",DASHBOARD!A82,"") | C84: =IF(DASHBOARD!G82="⚠ REVISAR",DASHBOARD!C82,"") | D84: =IF(DASHBOARD!G82="⚠ REVISAR",DASHBOARD!D82,"") | E84: =IF(DASHBOARD!G82="⚠ REVISAR",DASHBOARD!E82,"")
A85: =IF(DASHBOARD!G83="⚠ REVISAR",65,"") | B85: =IF(DASHBOARD!G83="⚠ REVISAR",DASHBOARD!A83,"") | C85: =IF(DASHBOARD!G83="⚠ REVISAR",DASHBOARD!C83,"") | D85: =IF(DASHBOARD!G83="⚠ REVISAR",DASHBOARD!D83,"") | E85: =IF(DASHBOARD!G83="⚠ REVISAR",DASHBOARD!E83,"")
A86: =IF(DASHBOARD!G84="⚠ REVISAR",66,"") | B86: =IF(DASHBOARD!G84="⚠ REVISAR",DASHBOARD!A84,"") | C86: =IF(DASHBOARD!G84="⚠ REVISAR",DASHBOARD!C84,"") | D86: =IF(DASHBOARD!G84="⚠ REVISAR",DASHBOARD!D84,"") | E86: =IF(DASHBOARD!G84="⚠ REVISAR",DASHBOARD!E84,"")
A87: =IF(DASHBOARD!G85="⚠ REVISAR",67,"") | B87: =IF(DASHBOARD!G85="⚠ REVISAR",DASHBOARD!A85,"") | C87: =IF(DASHBOARD!G85="⚠ REVISAR",DASHBOARD!C85,"") | D87: =IF(DASHBOARD!G85="⚠ REVISAR",DASHBOARD!D85,"") | E87: =IF(DASHBOARD!G85="⚠ REVISAR",DASHBOARD!E85,"")
A88: =IF(DASHBOARD!G86="⚠ REVISAR",68,"") | B88: =IF(DASHBOARD!G86="⚠ REVISAR",DASHBOARD!A86,"") | C88: =IF(DASHBOARD!G86="⚠ REVISAR",DASHBOARD!C86,"") | D88: =IF(DASHBOARD!G86="⚠ REVISAR",DASHBOARD!D86,"") | E88: =IF(DASHBOARD!G86="⚠ REVISAR",DASHBOARD!E86,"")
A89: =IF(DASHBOARD!G87="⚠ REVISAR",69,"") | B89: =IF(DASHBOARD!G87="⚠ REVISAR",DASHBOARD!A87,"") | C89: =IF(DASHBOARD!G87="⚠ REVISAR",DASHBOARD!C87,"") | D89: =IF(DASHBOARD!G87="⚠ REVISAR",DASHBOARD!D87,"") | E89: =IF(DASHBOARD!G87="⚠ REVISAR",DASHBOARD!E87,"")
A90: =IF(DASHBOARD!G88="⚠ REVISAR",70,"") | B90: =IF(DASHBOARD!G88="⚠ REVISAR",DASHBOARD!A88,"") | C90: =IF(DASHBOARD!G88="⚠ REVISAR",DASHBOARD!C88,"") | D90: =IF(DASHBOARD!G88="⚠ REVISAR",DASHBOARD!D88,"") | E90: =IF(DASHBOARD!G88="⚠ REVISAR",DASHBOARD!E88,"")
A91: =IF(DASHBOARD!G89="⚠ REVISAR",71,"") | B91: =IF(DASHBOARD!G89="⚠ REVISAR",DASHBOARD!A89,"") | C91: =IF(DASHBOARD!G89="⚠ REVISAR",DASHBOARD!C89,"") | D91: =IF(DASHBOARD!G89="⚠ REVISAR",DASHBOARD!D89,"") | E91: =IF(DASHBOARD!G89="⚠ REVISAR",DASHBOARD!E89,"")
A92: =IF(DASHBOARD!G90="⚠ REVISAR",72,"") | B92: =IF(DASHBOARD!G90="⚠ REVISAR",DASHBOARD!A90,"") | C92: =IF(DASHBOARD!G90="⚠ REVISAR",DASHBOARD!C90,"") | D92: =IF(DASHBOARD!G90="⚠ REVISAR",DASHBOARD!D90,"") | E92: =IF(DASHBOARD!G90="⚠ REVISAR",DASHBOARD!E90,"")
A93: =IF(DASHBOARD!G91="⚠ REVISAR",73,"") | B93: =IF(DASHBOARD!G91="⚠ REVISAR",DASHBOARD!A91,"") | C93: =IF(DASHBOARD!G91="⚠ REVISAR",DASHBOARD!C91,"") | D93: =IF(DASHBOARD!G91="⚠ REVISAR",DASHBOARD!D91,"") | E93: =IF(DASHBOARD!G91="⚠ REVISAR",DASHBOARD!E91,"")
A94: =IF(DASHBOARD!G92="⚠ REVISAR",74,"") | B94: =IF(DASHBOARD!G92="⚠ REVISAR",DASHBOARD!A92,"") | C94: =IF(DASHBOARD!G92="⚠ REVISAR",DASHBOARD!C92,"") | D94: =IF(DASHBOARD!G92="⚠ REVISAR",DASHBOARD!D92,"") | E94: =IF(DASHBOARD!G92="⚠ REVISAR",DASHBOARD!E92,"")
A95: =IF(DASHBOARD!G93="⚠ REVISAR",75,"") | B95: =IF(DASHBOARD!G93="⚠ REVISAR",DASHBOARD!A93,"") | C95: =IF(DASHBOARD!G93="⚠ REVISAR",DASHBOARD!C93,"") | D95: =IF(DASHBOARD!G93="⚠ REVISAR",DASHBOARD!D93,"") | E95: =IF(DASHBOARD!G93="⚠ REVISAR",DASHBOARD!E93,"")
A96: =IF(DASHBOARD!G94="⚠ REVISAR",76,"") | B96: =IF(DASHBOARD!G94="⚠ REVISAR",DASHBOARD!A94,"") | C96: =IF(DASHBOARD!G94="⚠ REVISAR",DASHBOARD!C94,"") | D96: =IF(DASHBOARD!G94="⚠ REVISAR",DASHBOARD!D94,"") | E96: =IF(DASHBOARD!G94="⚠ REVISAR",DASHBOARD!E94,"")
A97: =IF(DASHBOARD!G95="⚠ REVISAR",77,"") | B97: =IF(DASHBOARD!G95="⚠ REVISAR",DASHBOARD!A95,"") | C97: =IF(DASHBOARD!G95="⚠ REVISAR",DASHBOARD!C95,"") | D97: =IF(DASHBOARD!G95="⚠ REVISAR",DASHBOARD!D95,"") | E97: =IF(DASHBOARD!G95="⚠ REVISAR",DASHBOARD!E95,"")
A98: =IF(DASHBOARD!G96="⚠ REVISAR",78,"") | B98: =IF(DASHBOARD!G96="⚠ REVISAR",DASHBOARD!A96,"") | C98: =IF(DASHBOARD!G96="⚠ REVISAR",DASHBOARD!C96,"") | D98: =IF(DASHBOARD!G96="⚠ REVISAR",DASHBOARD!D96,"") | E98: =IF(DASHBOARD!G96="⚠ REVISAR",DASHBOARD!E96,"")
A99: =IF(DASHBOARD!G97="⚠ REVISAR",79,"") | B99: =IF(DASHBOARD!G97="⚠ REVISAR",DASHBOARD!A97,"") | C99: =IF(DASHBOARD!G97="⚠ REVISAR",DASHBOARD!C97,"") | D99: =IF(DASHBOARD!G97="⚠ REVISAR",DASHBOARD!D97,"") | E99: =IF(DASHBOARD!G97="⚠ REVISAR",DASHBOARD!E97,"")
A100: =IF(DASHBOARD!G98="⚠ REVISAR",80,"") | B100: =IF(DASHBOARD!G98="⚠ REVISAR",DASHBOARD!A98,"") | C100: =IF(DASHBOARD!G98="⚠ REVISAR",DASHBOARD!C98,"") | D100: =IF(DASHBOARD!G98="⚠ REVISAR",DASHBOARD!D98,"") | E100: =IF(DASHBOARD!G98="⚠ REVISAR",DASHBOARD!E98,"")
A101: =IF(DASHBOARD!G99="⚠ REVISAR",81,"") | B101: =IF(DASHBOARD!G99="⚠ REVISAR",DASHBOARD!A99,"") | C101: =IF(DASHBOARD!G99="⚠ REVISAR",DASHBOARD!C99,"") | D101: =IF(DASHBOARD!G99="⚠ REVISAR",DASHBOARD!D99,"") | E101: =IF(DASHBOARD!G99="⚠ REVISAR",DASHBOARD!E99,"")
A102: =IF(DASHBOARD!G100="⚠ REVISAR",82,"") | B102: =IF(DASHBOARD!G100="⚠ REVISAR",DASHBOARD!A100,"") | C102: =IF(DASHBOARD!G100="⚠ REVISAR",DASHBOARD!C100,"") | D102: =IF(DASHBOARD!G100="⚠ REVISAR",DASHBOARD!D100,"") | E102: =IF(DASHBOARD!G100="⚠ REVISAR",DASHBOARD!E100,"")
A103: =IF(DASHBOARD!G101="⚠ REVISAR",83,"") | B103: =IF(DASHBOARD!G101="⚠ REVISAR",DASHBOARD!A101,"") | C103: =IF(DASHBOARD!G101="⚠ REVISAR",DASHBOARD!C101,"") | D103: =IF(DASHBOARD!G101="⚠ REVISAR",DASHBOARD!D101,"") | E103: =IF(DASHBOARD!G101="⚠ REVISAR",DASHBOARD!E101,"")
...

Sheet REPORTE_APROBADOS
A1: LISTA DE ESTUDIANTES APROBADOS — AÑO LECTIVO 2026
A2: Escuela Cerro Cacicón · Prof. Elmer Tugri · Premedia Multigrado
A4: ESTUDIANTES APROBADOS — 7° GRADO
A5: No. | B5: APELLIDO, NOMBRE | C5: INGLÉS FINAL | D5: TECNOLOGÍA FINAL | E5: NOTA PROMEDIO
A6: =IF(RESUMEN_7°!S5="✓ APROBADO",1,"") | B6: =IF(RESUMEN_7°!S5="✓ APROBADO",RESUMEN_7°!B5,"") | C6: =IF(RESUMEN_7°!S5="✓ APROBADO",RESUMEN_7°!F5,"") | D6: =IF(RESUMEN_7°!S5="✓ APROBADO",RESUMEN_7°!R5,"") | E6: =IF(RESUMEN_7°!S5="✓ APROBADO",IFERROR(ROUND(AVERAGE(RESUMEN_7°!F5,RESUMEN_7°!R5),1),""),"")
A7: =IF(RESUMEN_7°!S6="✓ APROBADO",2,"") | B7: =IF(RESUMEN_7°!S6="✓ APROBADO",RESUMEN_7°!B6,"") | C7: =IF(RESUMEN_7°!S6="✓ APROBADO",RESUMEN_7°!F6,"") | D7: =IF(RESUMEN_7°!S6="✓ APROBADO",RESUMEN_7°!R6,"") | E7: =IF(RESUMEN_7°!S6="✓ APROBADO",IFERROR(ROUND(AVERAGE(RESUMEN_7°!F6,RESUMEN_7°!R6),1),""),"")
A8: =IF(RESUMEN_7°!S7="✓ APROBADO",3,"") | B8: =IF(RESUMEN_7°!S7="✓ APROBADO",RESUMEN_7°!B7,"") | C8: =IF(RESUMEN_7°!S7="✓ APROBADO",RESUMEN_7°!F7,"") | D8: =IF(RESUMEN_7°!S7="✓ APROBADO",RESUMEN_7°!R7,"") | E8: =IF(RESUMEN_7°!S7="✓ APROBADO",IFERROR(ROUND(AVERAGE(RESUMEN_7°!F7,RESUMEN_7°!R7),1),""),"")
A9: =IF(RESUMEN_7°!S8="✓ APROBADO",4,"") | B9: =IF(RESUMEN_7°!S8="✓ APROBADO",RESUMEN_7°!B8,"") | C9: =IF(RESUMEN_7°!S8="✓ APROBADO",RESUMEN_7°!F8,"") | D9: =IF(RESUMEN_7°!S8="✓ APROBADO",RESUMEN_7°!R8,"") | E9: =IF(RESUMEN_7°!S8="✓ APROBADO",IFERROR(ROUND(AVERAGE(RESUMEN_7°!F8,RESUMEN_7°!R8),1),""),"")
A10: =IF(RESUMEN_7°!S9="✓ APROBADO",5,"") | B10: =IF(RESUMEN_7°!S9="✓ APROBADO",RESUMEN_7°!B9,"") | C10: =IF(RESUMEN_7°!S9="✓ APROBADO",RESUMEN_7°!F9,"") | D10: =IF(RESUMEN_7°!S9="✓ APROBADO",RESUMEN_7°!R9,"") | E10: =IF(RESUMEN_7°!S9="✓ APROBADO",IFERROR(ROUND(AVERAGE(RESUMEN_7°!F9,RESUMEN_7°!R9),1),""),"")
A11: =IF(RESUMEN_7°!S10="✓ APROBADO",6,"") | B11: =IF(RESUMEN_7°!S10="✓ APROBADO",RESUMEN_7°!B10,"") | C11: =IF(RESUMEN_7°!S10="✓ APROBADO",RESUMEN_7°!F10,"") | D11: =IF(RESUMEN_7°!S10="✓ APROBADO",RESUMEN_7°!R10,"") | E11: =IF(RESUMEN_7°!S10="✓ APROBADO",IFERROR(ROUND(AVERAGE(RESUMEN_7°!F10,RESUMEN_7°!R10),1),""),"")
A12: =IF(RESUMEN_7°!S11="✓ APROBADO",7,"") | B12: =IF(RESUMEN_7°!S11="✓ APROBADO",RESUMEN_7°!B11,"") | C12: =IF(RESUMEN_7°!S11="✓ APROBADO",RESUMEN_7°!F11,"") | D12: =IF(RESUMEN_7°!S11="✓ APROBADO",RESUMEN_7°!R11,"") | E12: =IF(RESUMEN_7°!S11="✓ APROBADO",IFERROR(ROUND(AVERAGE(RESUMEN_7°!F11,RESUMEN_7°!R11),1),""),"")
A13: =IF(RESUMEN_7°!S12="✓ APROBADO",8,"") | B13: =IF(RESUMEN_7°!S12="✓ APROBADO",RESUMEN_7°!B12,"") | C13: =IF(RESUMEN_7°!S12="✓ APROBADO",RESUMEN_7°!F12,"") | D13: =IF(RESUMEN_7°!S12="✓ APROBADO",RESUMEN_7°!R12,"") | E13: =IF(RESUMEN_7°!S12="✓ APROBADO",IFERROR(ROUND(AVERAGE(RESUMEN_7°!F12,RESUMEN_7°!R12),1),""),"")
A14: =IF(RESUMEN_7°!S13="✓ APROBADO",9,"") | B14: =IF(RESUMEN_7°!S13="✓ APROBADO",RESUMEN_7°!B13,"") | C14: =IF(RESUMEN_7°!S13="✓ APROBADO",RESUMEN_7°!F13,"") | D14: =IF(RESUMEN_7°!S13="✓ APROBADO",RESUMEN_7°!R13,"") | E14: =IF(RESUMEN_7°!S13="✓ APROBADO",IFERROR(ROUND(AVERAGE(RESUMEN_7°!F13,RESUMEN_7°!R13),1),""),"")
A15: =IF(RESUMEN_7°!S14="✓ APROBADO",10,"") | B15: =IF(RESUMEN_7°!S14="✓ APROBADO",RESUMEN_7°!B14,"") | C15: =IF(RESUMEN_7°!S14="✓ APROBADO",RESUMEN_7°!F14,"") | D15: =IF(RESUMEN_7°!S14="✓ APROBADO",RESUMEN_7°!R14,"") | E15: =IF(RESUMEN_7°!S14="✓ APROBADO",IFERROR(ROUND(AVERAGE(RESUMEN_7°!F14,RESUMEN_7°!R14),1),""),"")
A16: =IF(RESUMEN_7°!S15="✓ APROBADO",11,"") | B16: =IF(RESUMEN_7°!S15="✓ APROBADO",RESUMEN_7°!B15,"") | C16: =IF(RESUMEN_7°!S15="✓ APROBADO",RESUMEN_7°!F15,"") | D16: =IF(RESUMEN_7°!S15="✓ APROBADO",RESUMEN_7°!R15,"") | E16: =IF(RESUMEN_7°!S15="✓ APROBADO",IFERROR(ROUND(AVERAGE(RESUMEN_7°!F15,RESUMEN_7°!R15),1),""),"")
A17: =IF(RESUMEN_7°!S16="✓ APROBADO",12,"") | B17: =IF(RESUMEN_7°!S16="✓ APROBADO",RESUMEN_7°!B16,"") | C17: =IF(RESUMEN_7°!S16="✓ APROBADO",RESUMEN_7°!F16,"") | D17: =IF(RESUMEN_7°!S16="✓ APROBADO",RESUMEN_7°!R16,"") | E17: =IF(RESUMEN_7°!S16="✓ APROBADO",IFERROR(ROUND(AVERAGE(RESUMEN_7°!F16,RESUMEN_7°!R16),1),""),"")
A18: =IF(RESUMEN_7°!S17="✓ APROBADO",13,"") | B18: =IF(RESUMEN_7°!S17="✓ APROBADO",RESUMEN_7°!B17,"") | C18: =IF(RESUMEN_7°!S17="✓ APROBADO",RESUMEN_7°!F17,"") | D18: =IF(RESUMEN_7°!S17="✓ APROBADO",RESUMEN_7°!R17,"") | E18: =IF(RESUMEN_7°!S17="✓ APROBADO",IFERROR(ROUND(AVERAGE(RESUMEN_7°!F17,RESUMEN_7°!R17),1),""),"")
A19: =IF(RESUMEN_7°!S18="✓ APROBADO",14,"") | B19: =IF(RESUMEN_7°!S18="✓ APROBADO",RESUMEN_7°!B18,"") | C19: =IF(RESUMEN_7°!S18="✓ APROBADO",RESUMEN_7°!F18,"") | D19: =IF(RESUMEN_7°!S18="✓ APROBADO",RESUMEN_7°!R18,"") | E19: =IF(RESUMEN_7°!S18="✓ APROBADO",IFERROR(ROUND(AVERAGE(RESUMEN_7°!F18,RESUMEN_7°!R18),1),""),"")
A20: =IF(RESUMEN_7°!S19="✓ APROBADO",15,"") | B20: =IF(RESUMEN_7°!S19="✓ APROBADO",RESUMEN_7°!B19,"") | C20: =IF(RESUMEN_7°!S19="✓ APROBADO",RESUMEN_7°!F19,"") | D20: =IF(RESUMEN_7°!S19="✓ APROBADO",RESUMEN_7°!R19,"") | E20: =IF(RESUMEN_7°!S19="✓ APROBADO",IFERROR(ROUND(AVERAGE(RESUMEN_7°!F19,RESUMEN_7°!R19),1),""),"")
A21: =IF(RESUMEN_7°!S20="✓ APROBADO",16,"") | B21: =IF(RESUMEN_7°!S20="✓ APROBADO",RESUMEN_7°!B20,"") | C21: =IF(RESUMEN_7°!S20="✓ APROBADO",RESUMEN_7°!F20,"") | D21: =IF(RESUMEN_7°!S20="✓ APROBADO",RESUMEN_7°!R20,"") | E21: =IF(RESUMEN_7°!S20="✓ APROBADO",IFERROR(ROUND(AVERAGE(RESUMEN_7°!F20,RESUMEN_7°!R20),1),""),"")
A22: =IF(RESUMEN_7°!S21="✓ APROBADO",17,"") | B22: =IF(RESUMEN_7°!S21="✓ APROBADO",RESUMEN_7°!B21,"") | C22: =IF(RESUMEN_7°!S21="✓ APROBADO",RESUMEN_7°!F21,"") | D22: =IF(RESUMEN_7°!S21="✓ APROBADO",RESUMEN_7°!R21,"") | E22: =IF(RESUMEN_7°!S21="✓ APROBADO",IFERROR(ROUND(AVERAGE(RESUMEN_7°!F21,RESUMEN_7°!R21),1),""),"")
A23: =IF(RESUMEN_7°!S22="✓ APROBADO",18,"") | B23: =IF(RESUMEN_7°!S22="✓ APROBADO",RESUMEN_7°!B22,"") | C23: =IF(RESUMEN_7°!S22="✓ APROBADO",RESUMEN_7°!F22,"") | D23: =IF(RESUMEN_7°!S22="✓ APROBADO",RESUMEN_7°!R22,"") | E23: =IF(RESUMEN_7°!S22="✓ APROBADO",IFERROR(ROUND(AVERAGE(RESUMEN_7°!F22,RESUMEN_7°!R22),1),""),"")
A24: =IF(RESUMEN_7°!S23="✓ APROBADO",19,"") | B24: =IF(RESUMEN_7°!S23="✓ APROBADO",RESUMEN_7°!B23,"") | C24: =IF(RESUMEN_7°!S23="✓ APROBADO",RESUMEN_7°!F23,"") | D24: =IF(RESUMEN_7°!S23="✓ APROBADO",RESUMEN_7°!R23,"") | E24: =IF(RESUMEN_7°!S23="✓ APROBADO",IFERROR(ROUND(AVERAGE(RESUMEN_7°!F23,RESUMEN_7°!R23),1),""),"")
A25: =IF(RESUMEN_7°!S24="✓ APROBADO",20,"") | B25: =IF(RESUMEN_7°!S24="✓ APROBADO",RESUMEN_7°!B24,"") | C25: =IF(RESUMEN_7°!S24="✓ APROBADO",RESUMEN_7°!F24,"") | D25: =IF(RESUMEN_7°!S24="✓ APROBADO",RESUMEN_7°!R24,"") | E25: =IF(RESUMEN_7°!S24="✓ APROBADO",IFERROR(ROUND(AVERAGE(RESUMEN_7°!F24,RESUMEN_7°!R24),1),""),"")
A26: =IF(RESUMEN_7°!S25="✓ APROBADO",21,"") | B26: =IF(RESUMEN_7°!S25="✓ APROBADO",RESUMEN_7°!B25,"") | C26: =IF(RESUMEN_7°!S25="✓ APROBADO",RESUMEN_7°!F25,"") | D26: =IF(RESUMEN_7°!S25="✓ APROBADO",RESUMEN_7°!R25,"") | E26: =IF(RESUMEN_7°!S25="✓ APROBADO",IFERROR(ROUND(AVERAGE(RESUMEN_7°!F25,RESUMEN_7°!R25),1),""),"")
A27: =IF(RESUMEN_7°!S26="✓ APROBADO",22,"") | B27: =IF(RESUMEN_7°!S26="✓ APROBADO",RESUMEN_7°!B26,"") | C27: =IF(RESUMEN_7°!S26="✓ APROBADO",RESUMEN_7°!F26,"") | D27: =IF(RESUMEN_7°!S26="✓ APROBADO",RESUMEN_7°!R26,"") | E27: =IF(RESUMEN_7°!S26="✓ APROBADO",IFERROR(ROUND(AVERAGE(RESUMEN_7°!F26,RESUMEN_7°!R26),1),""),"")
A28: =IF(RESUMEN_7°!S27="✓ APROBADO",23,"") | B28: =IF(RESUMEN_7°!S27="✓ APROBADO",RESUMEN_7°!B27,"") | C28: =IF(RESUMEN_7°!S27="✓ APROBADO",RESUMEN_7°!F27,"") | D28: =IF(RESUMEN_7°!S27="✓ APROBADO",RESUMEN_7°!R27,"") | E28: =IF(RESUMEN_7°!S27="✓ APROBADO",IFERROR(ROUND(AVERAGE(RESUMEN_7°!F27,RESUMEN_7°!R27),1),""),"")
A29: =IF(RESUMEN_7°!S28="✓ APROBADO",24,"") | B29: =IF(RESUMEN_7°!S28="✓ APROBADO",RESUMEN_7°!B28,"") | C29: =IF(RESUMEN_7°!S28="✓ APROBADO",RESUMEN_7°!F28,"") | D29: =IF(RESUMEN_7°!S28="✓ APROBADO",RESUMEN_7°!R28,"") | E29: =IF(RESUMEN_7°!S28="✓ APROBADO",IFERROR(ROUND(AVERAGE(RESUMEN_7°!F28,RESUMEN_7°!R28),1),""),"")
A30: =IF(RESUMEN_7°!S29="✓ APROBADO",25,"") | B30: =IF(RESUMEN_7°!S29="✓ APROBADO",RESUMEN_7°!B29,"") | C30: =IF(RESUMEN_7°!S29="✓ APROBADO",RESUMEN_7°!F29,"") | D30: =IF(RESUMEN_7°!S29="✓ APROBADO",RESUMEN_7°!R29,"") | E30: =IF(RESUMEN_7°!S29="✓ APROBADO",IFERROR(ROUND(AVERAGE(RESUMEN_7°!F29,RESUMEN_7°!R29),1),""),"")
A31: =IF(RESUMEN_7°!S30="✓ APROBADO",26,"") | B31: =IF(RESUMEN_7°!S30="✓ APROBADO",RESUMEN_7°!B30,"") | C31: =IF(RESUMEN_7°!S30="✓ APROBADO",RESUMEN_7°!F30,"") | D31: =IF(RESUMEN_7°!S30="✓ APROBADO",RESUMEN_7°!R30,"") | E31: =IF(RESUMEN_7°!S30="✓ APROBADO",IFERROR(ROUND(AVERAGE(RESUMEN_7°!F30,RESUMEN_7°!R30),1),""),"")
A32: =IF(RESUMEN_7°!S31="✓ APROBADO",27,"") | B32: =IF(RESUMEN_7°!S31="✓ APROBADO",RESUMEN_7°!B31,"") | C32: =IF(RESUMEN_7°!S31="✓ APROBADO",RESUMEN_7°!F31,"") | D32: =IF(RESUMEN_7°!S31="✓ APROBADO",RESUMEN_7°!R31,"") | E32: =IF(RESUMEN_7°!S31="✓ APROBADO",IFERROR(ROUND(AVERAGE(RESUMEN_7°!F31,RESUMEN_7°!R31),1),""),"")
A33: =IF(RESUMEN_7°!S32="✓ APROBADO",28,"") | B33: =IF(RESUMEN_7°!S32="✓ APROBADO",RESUMEN_7°!B32,"") | C33: =IF(RESUMEN_7°!S32="✓ APROBADO",RESUMEN_7°!F32,"") | D33: =IF(RESUMEN_7°!S32="✓ APROBADO",RESUMEN_7°!R32,"") | E33: =IF(RESUMEN_7°!S32="✓ APROBADO",IFERROR(ROUND(AVERAGE(RESUMEN_7°!F32,RESUMEN_7°!R32),1),""),"")
A34: =IF(RESUMEN_7°!S33="✓ APROBADO",29,"") | B34: =IF(RESUMEN_7°!S33="✓ APROBADO",RESUMEN_7°!B33,"") | C34: =IF(RESUMEN_7°!S33="✓ APROBADO",RESUMEN_7°!F33,"") | D34: =IF(RESUMEN_7°!S33="✓ APROBADO",RESUMEN_7°!R33,"") | E34: =IF(RESUMEN_7°!S33="✓ APROBADO",IFERROR(ROUND(AVERAGE(RESUMEN_7°!F33,RESUMEN_7°!R33),1),""),"")
A35: =IF(RESUMEN_7°!S34="✓ APROBADO",30,"") | B35: =IF(RESUMEN_7°!S34="✓ APROBADO",RESUMEN_7°!B34,"") | C35: =IF(RESUMEN_7°!S34="✓ APROBADO",RESUMEN_7°!F34,"") | D35: =IF(RESUMEN_7°!S34="✓ APROBADO",RESUMEN_7°!R34,"") | E35: =IF(RESUMEN_7°!S34="✓ APROBADO",IFERROR(ROUND(AVERAGE(RESUMEN_7°!F34,RESUMEN_7°!R34),1),""),"")
A36: =IF(RESUMEN_7°!S35="✓ APROBADO",31,"") | B36: =IF(RESUMEN_7°!S35="✓ APROBADO",RESUMEN_7°!B35,"") | C36: =IF(RESUMEN_7°!S35="✓ APROBADO",RESUMEN_7°!F35,"") | D36: =IF(RESUMEN_7°!S35="✓ APROBADO",RESUMEN_7°!R35,"") | E36: =IF(RESUMEN_7°!S35="✓ APROBADO",IFERROR(ROUND(AVERAGE(RESUMEN_7°!F35,RESUMEN_7°!R35),1),""),"")
A37: =IF(RESUMEN_7°!S36="✓ APROBADO",32,"") | B37: =IF(RESUMEN_7°!S36="✓ APROBADO",RESUMEN_7°!B36,"") | C37: =IF(RESUMEN_7°!S36="✓ APROBADO",RESUMEN_7°!F36,"") | D37: =IF(RESUMEN_7°!S36="✓ APROBADO",RESUMEN_7°!R36,"") | E37: =IF(RESUMEN_7°!S36="✓ APROBADO",IFERROR(ROUND(AVERAGE(RESUMEN_7°!F36,RESUMEN_7°!R36),1),""),"")
A38: =IF(RESUMEN_7°!S37="✓ APROBADO",33,"") | B38: =IF(RESUMEN_7°!S37="✓ APROBADO",RESUMEN_7°!B37,"") | C38: =IF(RESUMEN_7°!S37="✓ APROBADO",RESUMEN_7°!F37,"") | D38: =IF(RESUMEN_7°!S37="✓ APROBADO",RESUMEN_7°!R37,"") | E38: =IF(RESUMEN_7°!S37="✓ APROBADO",IFERROR(ROUND(AVERAGE(RESUMEN_7°!F37,RESUMEN_7°!R37),1),""),"")
A39: =IF(RESUMEN_7°!S38="✓ APROBADO",34,"") | B39: =IF(RESUMEN_7°!S38="✓ APROBADO",RESUMEN_7°!B38,"") | C39: =IF(RESUMEN_7°!S38="✓ APROBADO",RESUMEN_7°!F38,"") | D39: =IF(RESUMEN_7°!S38="✓ APROBADO",RESUMEN_7°!R38,"") | E39: =IF(RESUMEN_7°!S38="✓ APROBADO",IFERROR(ROUND(AVERAGE(RESUMEN_7°!F38,RESUMEN_7°!R38),1),""),"")
A40: =IF(RESUMEN_7°!S39="✓ APROBADO",35,"") | B40: =IF(RESUMEN_7°!S39="✓ APROBADO",RESUMEN_7°!B39,"") | C40: =IF(RESUMEN_7°!S39="✓ APROBADO",RESUMEN_7°!F39,"") | D40: =IF(RESUMEN_7°!S39="✓ APROBADO",RESUMEN_7°!R39,"") | E40: =IF(RESUMEN_7°!S39="✓ APROBADO",IFERROR(ROUND(AVERAGE(RESUMEN_7°!F39,RESUMEN_7°!R39),1),""),"")
A41: =IF(RESUMEN_7°!S40="✓ APROBADO",36,"") | B41: =IF(RESUMEN_7°!S40="✓ APROBADO",RESUMEN_7°!B40,"") | C41: =IF(RESUMEN_7°!S40="✓ APROBADO",RESUMEN_7°!F40,"") | D41: =IF(RESUMEN_7°!S40="✓ APROBADO",RESUMEN_7°!R40,"") | E41: =IF(RESUMEN_7°!S40="✓ APROBADO",IFERROR(ROUND(AVERAGE(RESUMEN_7°!F40,RESUMEN_7°!R40),1),""),"")
A42: =IF(RESUMEN_7°!S41="✓ APROBADO",37,"") | B42: =IF(RESUMEN_7°!S41="✓ APROBADO",RESUMEN_7°!B41,"") | C42: =IF(RESUMEN_7°!S41="✓ APROBADO",RESUMEN_7°!F41,"") | D42: =IF(RESUMEN_7°!S41="✓ APROBADO",RESUMEN_7°!R41,"") | E42: =IF(RESUMEN_7°!S41="✓ APROBADO",IFERROR(ROUND(AVERAGE(RESUMEN_7°!F41,RESUMEN_7°!R41),1),""),"")
A43: =IF(RESUMEN_7°!S42="✓ APROBADO",38,"") | B43: =IF(RESUMEN_7°!S42="✓ APROBADO",RESUMEN_7°!B42,"") | C43: =IF(RESUMEN_7°!S42="✓ APROBADO",RESUMEN_7°!F42,"") | D43: =IF(RESUMEN_7°!S42="✓ APROBADO",RESUMEN_7°!R42,"") | E43: =IF(RESUMEN_7°!S42="✓ APROBADO",IFERROR(ROUND(AVERAGE(RESUMEN_7°!F42,RESUMEN_7°!R42),1),""),"")
A44: =IF(RESUMEN_7°!S43="✓ APROBADO",39,"") | B44: =IF(RESUMEN_7°!S43="✓ APROBADO",RESUMEN_7°!B43,"") | C44: =IF(RESUMEN_7°!S43="✓ APROBADO",RESUMEN_7°!F43,"") | D44: =IF(RESUMEN_7°!S43="✓ APROBADO",RESUMEN_7°!R43,"") | E44: =IF(RESUMEN_7°!S43="✓ APROBADO",IFERROR(ROUND(AVERAGE(RESUMEN_7°!F43,RESUMEN_7°!R43),1),""),"")
A45: =IF(RESUMEN_7°!S44="✓ APROBADO",40,"") | B45: =IF(RESUMEN_7°!S44="✓ APROBADO",RESUMEN_7°!B44,"") | C45: =IF(RESUMEN_7°!S44="✓ APROBADO",RESUMEN_7°!F44,"") | D45: =IF(RESUMEN_7°!S44="✓ APROBADO",RESUMEN_7°!R44,"") | E45: =IF(RESUMEN_7°!S44="✓ APROBADO",IFERROR(ROUND(AVERAGE(RESUMEN_7°!F44,RESUMEN_7°!R44),1),""),"")
A46: Total aprobados 7°: | C46: =COUNTIF(RESUMEN_7°!S5:'RESUMEN_7°'!S44,"✓ APROBADO")
A48: ESTUDIANTES APROBADOS — 8° GRADO
A49: No. | B49: APELLIDO, NOMBRE | C49: INGLÉS FINAL | D49: TECNOLOGÍA FINAL | E49: NOTA PROMEDIO
A50: =IF(RESUMEN_8°!S5="✓ APROBADO",1,"") | B50: =IF(RESUMEN_8°!S5="✓ APROBADO",RESUMEN_8°!B5,"") | C50: =IF(RESUMEN_8°!S5="✓ APROBADO",RESUMEN_8°!F5,"") | D50: =IF(RESUMEN_8°!S5="✓ APROBADO",RESUMEN_8°!R5,"") | E50: =IF(RESUMEN_8°!S5="✓ APROBADO",IFERROR(ROUND(AVERAGE(RESUMEN_8°!F5,RESUMEN_8°!R5),1),""),"")
A51: =IF(RESUMEN_8°!S6="✓ APROBADO",2,"") | B51: =IF(RESUMEN_8°!S6="✓ APROBADO",RESUMEN_8°!B6,"") | C51: =IF(RESUMEN_8°!S6="✓ APROBADO",RESUMEN_8°!F6,"") | D51: =IF(RESUMEN_8°!S6="✓ APROBADO",RESUMEN_8°!R6,"") | E51: =IF(RESUMEN_8°!S6="✓ APROBADO",IFERROR(ROUND(AVERAGE(RESUMEN_8°!F6,RESUMEN_8°!R6),1),""),"")
A52: =IF(RESUMEN_8°!S7="✓ APROBADO",3,"") | B52: =IF(RESUMEN_8°!S7="✓ APROBADO",RESUMEN_8°!B7,"") | C52: =IF(RESUMEN_8°!S7="✓ APROBADO",RESUMEN_8°!F7,"") | D52: =IF(RESUMEN_8°!S7="✓ APROBADO",RESUMEN_8°!R7,"") | E52: =IF(RESUMEN_8°!S7="✓ APROBADO",IFERROR(ROUND(AVERAGE(RESUMEN_8°!F7,RESUMEN_8°!R7),1),""),"")
A53: =IF(RESUMEN_8°!S8="✓ APROBADO",4,"") | B53: =IF(RESUMEN_8°!S8="✓ APROBADO",RESUMEN_8°!B8,"") | C53: =IF(RESUMEN_8°!S8="✓ APROBADO",RESUMEN_8°!F8,"") | D53: =IF(RESUMEN_8°!S8="✓ APROBADO",RESUMEN_8°!R8,"") | E53: =IF(RESUMEN_8°!S8="✓ APROBADO",IFERROR(ROUND(AVERAGE(RESUMEN_8°!F8,RESUMEN_8°!R8),1),""),"")
A54: =IF(RESUMEN_8°!S9="✓ APROBADO",5,"") | B54: =IF(RESUMEN_8°!S9="✓ APROBADO",RESUMEN_8°!B9,"") | C54: =IF(RESUMEN_8°!S9="✓ APROBADO",RESUMEN_8°!F9,"") | D54: =IF(RESUMEN_8°!S9="✓ APROBADO",RESUMEN_8°!R9,"") | E54: =IF(RESUMEN_8°!S9="✓ APROBADO",IFERROR(ROUND(AVERAGE(RESUMEN_8°!F9,RESUMEN_8°!R9),1),""),"")
A55: =IF(RESUMEN_8°!S10="✓ APROBADO",6,"") | B55: =IF(RESUMEN_8°!S10="✓ APROBADO",RESUMEN_8°!B10,"") | C55: =IF(RESUMEN_8°!S10="✓ APROBADO",RESUMEN_8°!F10,"") | D55: =IF(RESUMEN_8°!S10="✓ APROBADO",RESUMEN_8°!R10,"") | E55: =IF(RESUMEN_8°!S10="✓ APROBADO",IFERROR(ROUND(AVERAGE(RESUMEN_8°!F10,RESUMEN_8°!R10),1),""),"")
A56: =IF(RESUMEN_8°!S11="✓ APROBADO",7,"") | B56: =IF(RESUMEN_8°!S11="✓ APROBADO",RESUMEN_8°!B11,"") | C56: =IF(RESUMEN_8°!S11="✓ APROBADO",RESUMEN_8°!F11,"") | D56: =IF(RESUMEN_8°!S11="✓ APROBADO",RESUMEN_8°!R11,"") | E56: =IF(RESUMEN_8°!S11="✓ APROBADO",IFERROR(ROUND(AVERAGE(RESUMEN_8°!F11,RESUMEN_8°!R11),1),""),"")
A57: =IF(RESUMEN_8°!S12="✓ APROBADO",8,"") | B57: =IF(RESUMEN_8°!S12="✓ APROBADO",RESUMEN_8°!B12,"") | C57: =IF(RESUMEN_8°!S12="✓ APROBADO",RESUMEN_8°!F12,"") | D57: =IF(RESUMEN_8°!S12="✓ APROBADO",RESUMEN_8°!R12,"") | E57: =IF(RESUMEN_8°!S12="✓ APROBADO",IFERROR(ROUND(AVERAGE(RESUMEN_8°!F12,RESUMEN_8°!R12),1),""),"")
A58: =IF(RESUMEN_8°!S13="✓ APROBADO",9,"") | B58: =IF(RESUMEN_8°!S13="✓ APROBADO",RESUMEN_8°!B13,"") | C58: =IF(RESUMEN_8°!S13="✓ APROBADO",RESUMEN_8°!F13,"") | D58: =IF(RESUMEN_8°!S13="✓ APROBADO",RESUMEN_8°!R13,"") | E58: =IF(RESUMEN_8°!S13="✓ APROBADO",IFERROR(ROUND(AVERAGE(RESUMEN_8°!F13,RESUMEN_8°!R13),1),""),"")
A59: =IF(RESUMEN_8°!S14="✓ APROBADO",10,"") | B59: =IF(RESUMEN_8°!S14="✓ APROBADO",RESUMEN_8°!B14,"") | C59: =IF(RESUMEN_8°!S14="✓ APROBADO",RESUMEN_8°!F14,"") | D59: =IF(RESUMEN_8°!S14="✓ APROBADO",RESUMEN_8°!R14,"") | E59: =IF(RESUMEN_8°!S14="✓ APROBADO",IFERROR(ROUND(AVERAGE(RESUMEN_8°!F14,RESUMEN_8°!R14),1),""),"")
A60: =IF(RESUMEN_8°!S15="✓ APROBADO",11,"") | B60: =IF(RESUMEN_8°!S15="✓ APROBADO",RESUMEN_8°!B15,"") | C60: =IF(RESUMEN_8°!S15="✓ APROBADO",RESUMEN_8°!F15,"") | D60: =IF(RESUMEN_8°!S15="✓ APROBADO",RESUMEN_8°!R15,"") | E60: =IF(RESUMEN_8°!S15="✓ APROBADO",IFERROR(ROUND(AVERAGE(RESUMEN_8°!F15,RESUMEN_8°!R15),1),""),"")
A61: =IF(RESUMEN_8°!S16="✓ APROBADO",12,"") | B61: =IF(RESUMEN_8°!S16="✓ APROBADO",RESUMEN_8°!B16,"") | C61: =IF(RESUMEN_8°!S16="✓ APROBADO",RESUMEN_8°!F16,"") | D61: =IF(RESUMEN_8°!S16="✓ APROBADO",RESUMEN_8°!R16,"") | E61: =IF(RESUMEN_8°!S16="✓ APROBADO",IFERROR(ROUND(AVERAGE(RESUMEN_8°!F16,RESUMEN_8°!R16),1),""),"")
A62: =IF(RESUMEN_8°!S17="✓ APROBADO",13,"") | B62: =IF(RESUMEN_8°!S17="✓ APROBADO",RESUMEN_8°!B17,"") | C62: =IF(RESUMEN_8°!S17="✓ APROBADO",RESUMEN_8°!F17,"") | D62: =IF(RESUMEN_8°!S17="✓ APROBADO",RESUMEN_8°!R17,"") | E62: =IF(RESUMEN_8°!S17="✓ APROBADO",IFERROR(ROUND(AVERAGE(RESUMEN_8°!F17,RESUMEN_8°!R17),1),""),"")
A63: =IF(RESUMEN_8°!S18="✓ APROBADO",14,"") | B63: =IF(RESUMEN_8°!S18="✓ APROBADO",RESUMEN_8°!B18,"") | C63: =IF(RESUMEN_8°!S18="✓ APROBADO",RESUMEN_8°!F18,"") | D63: =IF(RESUMEN_8°!S18="✓ APROBADO",RESUMEN_8°!R18,"") | E63: =IF(RESUMEN_8°!S18="✓ APROBADO",IFERROR(ROUND(AVERAGE(RESUMEN_8°!F18,RESUMEN_8°!R18),1),""),"")
A64: =IF(RESUMEN_8°!S19="✓ APROBADO",15,"") | B64: =IF(RESUMEN_8°!S19="✓ APROBADO",RESUMEN_8°!B19,"") | C64: =IF(RESUMEN_8°!S19="✓ APROBADO",RESUMEN_8°!F19,"") | D64: =IF(RESUMEN_8°!S19="✓ APROBADO",RESUMEN_8°!R19,"") | E64: =IF(RESUMEN_8°!S19="✓ APROBADO",IFERROR(ROUND(AVERAGE(RESUMEN_8°!F19,RESUMEN_8°!R19),1),""),"")
A65: =IF(RESUMEN_8°!S20="✓ APROBADO",16,"") | B65: =IF(RESUMEN_8°!S20="✓ APROBADO",RESUMEN_8°!B20,"") | C65: =IF(RESUMEN_8°!S20="✓ APROBADO",RESUMEN_8°!F20,"") | D65: =IF(RESUMEN_8°!S20="✓ APROBADO",RESUMEN_8°!R20,"") | E65: =IF(RESUMEN_8°!S20="✓ APROBADO",IFERROR(ROUND(AVERAGE(RESUMEN_8°!F20,RESUMEN_8°!R20),1),""),"")
A66: =IF(RESUMEN_8°!S21="✓ APROBADO",17,"") | B66: =IF(RESUMEN_8°!S21="✓ APROBADO",RESUMEN_8°!B21,"") | C66: =IF(RESUMEN_8°!S21="✓ APROBADO",RESUMEN_8°!F21,"") | D66: =IF(RESUMEN_8°!S21="✓ APROBADO",RESUMEN_8°!R21,"") | E66: =IF(RESUMEN_8°!S21="✓ APROBADO",IFERROR(ROUND(AVERAGE(RESUMEN_8°!F21,RESUMEN_8°!R21),1),""),"")
A67: =IF(RESUMEN_8°!S22="✓ APROBADO",18,"") | B67: =IF(RESUMEN_8°!S22="✓ APROBADO",RESUMEN_8°!B22,"") | C67: =IF(RESUMEN_8°!S22="✓ APROBADO",RESUMEN_8°!F22,"") | D67: =IF(RESUMEN_8°!S22="✓ APROBADO",RESUMEN_8°!R22,"") | E67: =IF(RESUMEN_8°!S22="✓ APROBADO",IFERROR(ROUND(AVERAGE(RESUMEN_8°!F22,RESUMEN_8°!R22),1),""),"")
A68: =IF(RESUMEN_8°!S23="✓ APROBADO",19,"") | B68: =IF(RESUMEN_8°!S23="✓ APROBADO",RESUMEN_8°!B23,"") | C68: =IF(RESUMEN_8°!S23="✓ APROBADO",RESUMEN_8°!F23,"") | D68: =IF(RESUMEN_8°!S23="✓ APROBADO",RESUMEN_8°!R23,"") | E68: =IF(RESUMEN_8°!S23="✓ APROBADO",IFERROR(ROUND(AVERAGE(RESUMEN_8°!F23,RESUMEN_8°!R23),1),""),"")
A69: =IF(RESUMEN_8°!S24="✓ APROBADO",20,"") | B69: =IF(RESUMEN_8°!S24="✓ APROBADO",RESUMEN_8°!B24,"") | C69: =IF(RESUMEN_8°!S24="✓ APROBADO",RESUMEN_8°!F24,"") | D69: =IF(RESUMEN_8°!S24="✓ APROBADO",RESUMEN_8°!R24,"") | E69: =IF(RESUMEN_8°!S24="✓ APROBADO",IFERROR(ROUND(AVERAGE(RESUMEN_8°!F24,RESUMEN_8°!R24),1),""),"")
A70: =IF(RESUMEN_8°!S25="✓ APROBADO",21,"") | B70: =IF(RESUMEN_8°!S25="✓ APROBADO",RESUMEN_8°!B25,"") | C70: =IF(RESUMEN_8°!S25="✓ APROBADO",RESUMEN_8°!F25,"") | D70: =IF(RESUMEN_8°!S25="✓ APROBADO",RESUMEN_8°!R25,"") | E70: =IF(RESUMEN_8°!S25="✓ APROBADO",IFERROR(ROUND(AVERAGE(RESUMEN_8°!F25,RESUMEN_8°!R25),1),""),"")
A71: =IF(RESUMEN_8°!S26="✓ APROBADO",22,"") | B71: =IF(RESUMEN_8°!S26="✓ APROBADO",RESUMEN_8°!B26,"") | C71: =IF(RESUMEN_8°!S26="✓ APROBADO",RESUMEN_8°!F26,"") | D71: =IF(RESUMEN_8°!S26="✓ APROBADO",RESUMEN_8°!R26,"") | E71: =IF(RESUMEN_8°!S26="✓ APROBADO",IFERROR(ROUND(AVERAGE(RESUMEN_8°!F26,RESUMEN_8°!R26),1),""),"")
A72: =IF(RESUMEN_8°!S27="✓ APROBADO",23,"") | B72: =IF(RESUMEN_8°!S27="✓ APROBADO",RESUMEN_8°!B27,"") | C72: =IF(RESUMEN_8°!S27="✓ APROBADO",RESUMEN_8°!F27,"") | D72: =IF(RESUMEN_8°!S27="✓ APROBADO",RESUMEN_8°!R27,"") | E72: =IF(RESUMEN_8°!S27="✓ APROBADO",IFERROR(ROUND(AVERAGE(RESUMEN_8°!F27,RESUMEN_8°!R27),1),""),"")
A73: =IF(RESUMEN_8°!S28="✓ APROBADO",24,"") | B73: =IF(RESUMEN_8°!S28="✓ APROBADO",RESUMEN_8°!B28,"") | C73: =IF(RESUMEN_8°!S28="✓ APROBADO",RESUMEN_8°!F28,"") | D73: =IF(RESUMEN_8°!S28="✓ APROBADO",RESUMEN_8°!R28,"") | E73: =IF(RESUMEN_8°!S28="✓ APROBADO",IFERROR(ROUND(AVERAGE(RESUMEN_8°!F28,RESUMEN_8°!R28),1),""),"")
A74: =IF(RESUMEN_8°!S29="✓ APROBADO",25,"") | B74: =IF(RESUMEN_8°!S29="✓ APROBADO",RESUMEN_8°!B29,"") | C74: =IF(RESUMEN_8°!S29="✓ APROBADO",RESUMEN_8°!F29,"") | D74: =IF(RESUMEN_8°!S29="✓ APROBADO",RESUMEN_8°!R29,"") | E74: =IF(RESUMEN_8°!S29="✓ APROBADO",IFERROR(ROUND(AVERAGE(RESUMEN_8°!F29,RESUMEN_8°!R29),1),""),"")
A75: =IF(RESUMEN_8°!S30="✓ APROBADO",26,"") | B75: =IF(RESUMEN_8°!S30="✓ APROBADO",RESUMEN_8°!B30,"") | C75: =IF(RESUMEN_8°!S30="✓ APROBADO",RESUMEN_8°!F30,"") | D75: =IF(RESUMEN_8°!S30="✓ APROBADO",RESUMEN_8°!R30,"") | E75: =IF(RESUMEN_8°!S30="✓ APROBADO",IFERROR(ROUND(AVERAGE(RESUMEN_8°!F30,RESUMEN_8°!R30),1),""),"")
A76: =IF(RESUMEN_8°!S31="✓ APROBADO",27,"") | B76: =IF(RESUMEN_8°!S31="✓ APROBADO",RESUMEN_8°!B31,"") | C76: =IF(RESUMEN_8°!S31="✓ APROBADO",RESUMEN_8°!F31,"") | D76: =IF(RESUMEN_8°!S31="✓ APROBADO",RESUMEN_8°!R31,"") | E76: =IF(RESUMEN_8°!S31="✓ APROBADO",IFERROR(ROUND(AVERAGE(RESUMEN_8°!F31,RESUMEN_8°!R31),1),""),"")
A77: =IF(RESUMEN_8°!S32="✓ APROBADO",28,"") | B77: =IF(RESUMEN_8°!S32="✓ APROBADO",RESUMEN_8°!B32,"") | C77: =IF(RESUMEN_8°!S32="✓ APROBADO",RESUMEN_8°!F32,"") | D77: =IF(RESUMEN_8°!S32="✓ APROBADO",RESUMEN_8°!R32,"") | E77: =IF(RESUMEN_8°!S32="✓ APROBADO",IFERROR(ROUND(AVERAGE(RESUMEN_8°!F32,RESUMEN_8°!R32),1),""),"")
A78: =IF(RESUMEN_8°!S33="✓ APROBADO",29,"") | B78: =IF(RESUMEN_8°!S33="✓ APROBADO",RESUMEN_8°!B33,"") | C78: =IF(RESUMEN_8°!S33="✓ APROBADO",RESUMEN_8°!F33,"") | D78: =IF(RESUMEN_8°!S33="✓ APROBADO",RESUMEN_8°!R33,"") | E78: =IF(RESUMEN_8°!S33="✓ APROBADO",IFERROR(ROUND(AVERAGE(RESUMEN_8°!F33,RESUMEN_8°!R33),1),""),"")
A79: =IF(RESUMEN_8°!S34="✓ APROBADO",30,"") | B79: =IF(RESUMEN_8°!S34="✓ APROBADO",RESUMEN_8°!B34,"") | C79: =IF(RESUMEN_8°!S34="✓ APROBADO",RESUMEN_8°!F34,"") | D79: =IF(RESUMEN_8°!S34="✓ APROBADO",RESUMEN_8°!R34,"") | E79: =IF(RESUMEN_8°!S34="✓ APROBADO",IFERROR(ROUND(AVERAGE(RESUMEN_8°!F34,RESUMEN_8°!R34),1),""),"")
A80: =IF(RESUMEN_8°!S35="✓ APROBADO",31,"") | B80: =IF(RESUMEN_8°!S35="✓ APROBADO",RESUMEN_8°!B35,"") | C80: =IF(RESUMEN_8°!S35="✓ APROBADO",RESUMEN_8°!F35,"") | D80: =IF(RESUMEN_8°!S35="✓ APROBADO",RESUMEN_8°!R35,"") | E80: =IF(RESUMEN_8°!S35="✓ APROBADO",IFERROR(ROUND(AVERAGE(RESUMEN_8°!F35,RESUMEN_8°!R35),1),""),"")
A81: =IF(RESUMEN_8°!S36="✓ APROBADO",32,"") | B81: =IF(RESUMEN_8°!S36="✓ APROBADO",RESUMEN_8°!B36,"") | C81: =IF(RESUMEN_8°!S36="✓ APROBADO",RESUMEN_8°!F36,"") | D81: =IF(RESUMEN_8°!S36="✓ APROBADO",RESUMEN_8°!R36,"") | E81: =IF(RESUMEN_8°!S36="✓ APROBADO",IFERROR(ROUND(AVERAGE(RESUMEN_8°!F36,RESUMEN_8°!R36),1),""),"")
A82: =IF(RESUMEN_8°!S37="✓ APROBADO",33,"") | B82: =IF(RESUMEN_8°!S37="✓ APROBADO",RESUMEN_8°!B37,"") | C82: =IF(RESUMEN_8°!S37="✓ APROBADO",RESUMEN_8°!F37,"") | D82: =IF(RESUMEN_8°!S37="✓ APROBADO",RESUMEN_8°!R37,"") | E82: =IF(RESUMEN_8°!S37="✓ APROBADO",IFERROR(ROUND(AVERAGE(RESUMEN_8°!F37,RESUMEN_8°!R37),1),""),"")
A83: =IF(RESUMEN_8°!S38="✓ APROBADO",34,"") | B83: =IF(RESUMEN_8°!S38="✓ APROBADO",RESUMEN_8°!B38,"") | C83: =IF(RESUMEN_8°!S38="✓ APROBADO",RESUMEN_8°!F38,"") | D83: =IF(RESUMEN_8°!S38="✓ APROBADO",RESUMEN_8°!R38,"") | E83: =IF(RESUMEN_8°!S38="✓ APROBADO",IFERROR(ROUND(AVERAGE(RESUMEN_8°!F38,RESUMEN_8°!R38),1),""),"")
A84: =IF(RESUMEN_8°!S39="✓ APROBADO",35,"") | B84: =IF(RESUMEN_8°!S39="✓ APROBADO",RESUMEN_8°!B39,"") | C84: =IF(RESUMEN_8°!S39="✓ APROBADO",RESUMEN_8°!F39,"") | D84: =IF(RESUMEN_8°!S39="✓ APROBADO",RESUMEN_8°!R39,"") | E84: =IF(RESUMEN_8°!S39="✓ APROBADO",IFERROR(ROUND(AVERAGE(RESUMEN_8°!F39,RESUMEN_8°!R39),1),""),"")
A85: =IF(RESUMEN_8°!S40="✓ APROBADO",36,"") | B85: =IF(RESUMEN_8°!S40="✓ APROBADO",RESUMEN_8°!B40,"") | C85: =IF(RESUMEN_8°!S40="✓ APROBADO",RESUMEN_8°!F40,"") | D85: =IF(RESUMEN_8°!S40="✓ APROBADO",RESUMEN_8°!R40,"") | E85: =IF(RESUMEN_8°!S40="✓ APROBADO",IFERROR(ROUND(AVERAGE(RESUMEN_8°!F40,RESUMEN_8°!R40),1),""),"")
A86: =IF(RESUMEN_8°!S41="✓ APROBADO",37,"") | B86: =IF(RESUMEN_8°!S41="✓ APROBADO",RESUMEN_8°!B41,"") | C86: =IF(RESUMEN_8°!S41="✓ APROBADO",RESUMEN_8°!F41,"") | D86: =IF(RESUMEN_8°!S41="✓ APROBADO",RESUMEN_8°!R41,"") | E86: =IF(RESUMEN_8°!S41="✓ APROBADO",IFERROR(ROUND(AVERAGE(RESUMEN_8°!F41,RESUMEN_8°!R41),1),""),"")
A87: =IF(RESUMEN_8°!S42="✓ APROBADO",38,"") | B87: =IF(RESUMEN_8°!S42="✓ APROBADO",RESUMEN_8°!B42,"") | C87: =IF(RESUMEN_8°!S42="✓ APROBADO",RESUMEN_8°!F42,"") | D87: =IF(RESUMEN_8°!S42="✓ APROBADO",RESUMEN_8°!R42,"") | E87: =IF(RESUMEN_8°!S42="✓ APROBADO",IFERROR(ROUND(AVERAGE(RESUMEN_8°!F42,RESUMEN_8°!R42),1),""),"")
A88: =IF(RESUMEN_8°!S43="✓ APROBADO",39,"") | B88: =IF(RESUMEN_8°!S43="✓ APROBADO",RESUMEN_8°!B43,"") | C88: =IF(RESUMEN_8°!S43="✓ APROBADO",RESUMEN_8°!F43,"") | D88: =IF(RESUMEN_8°!S43="✓ APROBADO",RESUMEN_8°!R43,"") | E88: =IF(RESUMEN_8°!S43="✓ APROBADO",IFERROR(ROUND(AVERAGE(RESUMEN_8°!F43,RESUMEN_8°!R43),1),""),"")
A89: =IF(RESUMEN_8°!S44="✓ APROBADO",40,"") | B89: =IF(RESUMEN_8°!S44="✓ APROBADO",RESUMEN_8°!B44,"") | C89: =IF(RESUMEN_8°!S44="✓ APROBADO",RESUMEN_8°!F44,"") | D89: =IF(RESUMEN_8°!S44="✓ APROBADO",RESUMEN_8°!R44,"") | E89: =IF(RESUMEN_8°!S44="✓ APROBADO",IFERROR(ROUND(AVERAGE(RESUMEN_8°!F44,RESUMEN_8°!R44),1),""),"")
A90: Total aprobados 8°: | C90: =COUNTIF(RESUMEN_8°!S5:'RESUMEN_8°'!S44,"✓ APROBADO")
A92: ESTUDIANTES APROBADOS — 9° GRADO
A93: No. | B93: APELLIDO, NOMBRE | C93: INGLÉS FINAL | D93: TECNOLOGÍA FINAL | E93: NOTA PROMEDIO
A94: =IF(RESUMEN_9°!W5="✓ APROBADO",1,"") | B94: =IF(RESUMEN_9°!W5="✓ APROBADO",RESUMEN_9°!B5,"") | C94: =IF(RESUMEN_9°!W5="✓ APROBADO",RESUMEN_9°!F5,"") | D94: =IF(RESUMEN_9°!W5="✓ APROBADO",RESUMEN_9°!V5,"") | E94: =IF(RESUMEN_9°!W5="✓ APROBADO",IFERROR(ROUND(AVERAGE(RESUMEN_9°!F5,RESUMEN_9°!V5),1),""),"")
A95: =IF(RESUMEN_9°!W6="✓ APROBADO",2,"") | B95: =IF(RESUMEN_9°!W6="✓ APROBADO",RESUMEN_9°!B6,"") | C95: =IF(RESUMEN_9°!W6="✓ APROBADO",RESUMEN_9°!F6,"") | D95: =IF(RESUMEN_9°!W6="✓ APROBADO",RESUMEN_9°!V6,"") | E95: =IF(RESUMEN_9°!W6="✓ APROBADO",IFERROR(ROUND(AVERAGE(RESUMEN_9°!F6,RESUMEN_9°!V6),1),""),"")
A96: =IF(RESUMEN_9°!W7="✓ APROBADO",3,"") | B96: =IF(RESUMEN_9°!W7="✓ APROBADO",RESUMEN_9°!B7,"") | C96: =IF(RESUMEN_9°!W7="✓ APROBADO",RESUMEN_9°!F7,"") | D96: =IF(RESUMEN_9°!W7="✓ APROBADO",RESUMEN_9°!V7,"") | E96: =IF(RESUMEN_9°!W7="✓ APROBADO",IFERROR(ROUND(AVERAGE(RESUMEN_9°!F7,RESUMEN_9°!V7),1),""),"")
