Workbook

Sheet MAESTRO
A1: HOJA MAESTRO — ESCUELA CERRO CACICÓN · AÑO LECTIVO 2026
A2: Ingresa aquí los nombres de cada grado. Se copiarán automáticamente a TODAS las hojas.
A3: 7° GRADO | C3: 8° GRADO | E3: 9° GRADO
A4: No. | B4: APELLIDO, NOMBRE | C4: No. | D4: APELLIDO, NOMBRE | E4: No. | F4: APELLIDO, NOMBRE
A5: 1 | C5: 1 | E5: 1
A6: 2 | C6: 2 | E6: 2
A7: 3 | C7: 3 | E7: 3
A8: 4 | C8: 4 | E8: 4
A9: 5 | C9: 5 | E9: 5
A10: 6 | C10: 6 | E10: 6
A11: 7 | C11: 7 | E11: 7
A12: 8 | C12: 8 | E12: 8
A13: 9 | C13: 9 | E13: 9
A14: 10 | C14: 10 | E14: 10
A15: 11 | C15: 11 | E15: 11
A16: 12 | C16: 12 | E16: 12
... A44: 40 | C44: 40 | E44: 40
A46: ⚠ IMPORTANTE: Solo edita esta hoja para nombres. Todas las demás hojas se actualizan automáticamente.

Sheet DASHBOARD
A1: PANEL DE CONTROL ACADÉMICO — ESCUELA CERRO CACICÓN 2026
A2: Actualización automática. Las alertas muestran estudiantes con nota menor a 60 o ausencias elevadas.
A4: 📊 7° Grado | G4: 📊 8° Grado | M4: 📊 9° Grado
A5: Matriculados | D5: =COUNTA(MAESTRO!B5:'MAESTRO'!B44) -> 0 | G5: Matriculados | J5: =COUNTA(MAESTRO!D5:'MAESTRO'!D44) -> 0 | M5: Matriculados | P5: =COUNTA(MAESTRO!F5:'MAESTRO'!F44) -> 0
A6: Aprobados | D6: =COUNTIF(RESUMEN_7°!T5:'RESUMEN_7°'!T44,"✓ APROBADO") -> 0 | G6: Aprobados | J6: =COUNTIF(RESUMEN_8°!T5:'RESUMEN_8°'!T44,"✓ APROBADO") -> 0 | M6: Aprobados | P6: =COUNTIF(RESUMEN_9°!X5:'RESUMEN_9°'!X44,"✓ APROBADO") -> 0
A7: Reprobados | D7: =COUNTIF(RESUMEN_7°!T5:'RESUMEN_7°'!T44,"✗ REPROBADO") -> 0 | G7: Reprobados | J7: =COUNTIF(RESUMEN_8°!T5:'RESUMEN_8°'!T44,"✗ REPROBADO") -> 0 | M7: Reprobados | P7: =COUNTIF(RESUMEN_9°!X5:'RESUMEN_9°'!X44,"✗ REPROBADO") -> 0
A8: Ausencias >5 | D8: =COUNTIF('Asistencia (7°)'!BI3:'Asistencia (7°)'!BI42,">5") -> 0 | G8: Ausencias >5 | J8: =COUNTIF('Asistencia (8°)'!BI3:'Asistencia (8°)'!BI42,">5") -> 0 | M8: Ausencias >5 | P8: =COUNTIF('Asistencia (9°)'!BI3:'Asistencia (9°)'!BI42,">5") -> 0
A10: LEYENDA DE ALERTAS EN LOS CUADROS DE NOTAS
A11: 🔴 Nota menor de 3.0 → REPROBADO
A12: 🟡 Nota entre 3.0 y 3.4 → En riesgo
A13: 🟢 Nota mayor o igual a 4.5 → Excelente
A14: ℹ Celda vacía → Nota no ingresada aún
A16: ⚠ ESTUDIANTES EN RIESGO (nota final Tecnología o Inglés < 3.0)
A17: GRADO | B17: No. | C17: APELLIDO, NOMBRE | D17: INGLÉS FINAL | E17: TECNOLOGÍA FINAL | F17: AUSENCIAS | G17: ESTADO
A18: 7° | B18: =RESUMEN_7°!A5 -> 1 | C18: =RESUMEN_7°!B5 -> 0 | D18: =IFERROR(RESUMEN_7°!F5,"") | E18: =IFERROR(RESUMEN_7°!R5,"") | F18: =IFERROR('Asistencia (7°)'!BI3,"") -> 0 | G18: =IF(AND(RESUMEN_7°!B5=""),"",IF(OR(IFERROR(RESUMEN_7°!F5,0)<3,IFERROR(RESUMEN_7°!R5,0)<3),"⚠ REVISAR","OK")) -> OK
A19: 7° | B19: =RESUMEN_7°!A6 -> 2 | C19: =RESUMEN_7°!B6 -> 0 | D19: =IF(C19="","",IFERROR(RESUMEN_7°!F6,"")) | E19: =IF(C19="","",IFERROR(RESUMEN_7°!R6,"")) | F19: =IF(C19="","",IFERROR('Asistencia (7°)'!BI4,"")) -> 0 | G19: =IF(AND(RESUMEN_7°!B6=""),"",IF(OR(IFERROR(RESUMEN_7°!F6,0)<3,IFERROR(RESUMEN_7°!R6,0)<3),"⚠ REVISAR","OK")) -> OK
A20: 7° | B20: =RESUMEN_7°!A7 -> 3 | C20: =RESUMEN_7°!B7 -> 0 | D20: =IF(C20="","",IFERROR(RESUMEN_7°!F7,"")) | E20: =IF(C20="","",IFERROR(RESUMEN_7°!R7,"")) | F20: =IF(C20="","",IFERROR('Asistencia (7°)'!BI5,"")) -> 0 | G20: =IF(AND(RESUMEN_7°!B7=""),"",IF(OR(IFERROR(RESUMEN_7°!F7,0)<3,IFERROR(RESUMEN_7°!R7,0)<3),"⚠ REVISAR","OK")) -> OK
A21: 7° | B21: =RESUMEN_7°!A8 -> 4 | C21: =RESUMEN_7°!B8 -> 0 | D21: =IF(C21="","",IFERROR(RESUMEN_7°!F8,"")) | E21: =IF(C21="","",IFERROR(RESUMEN_7°!R8,"")) | F21: =IF(C21="","",IFERROR('Asistencia (7°)'!BI6,"")) -> 0 | G21: =IF(AND(RESUMEN_7°!B8=""),"",IF(OR(IFERROR(RESUMEN_7°!F8,0)<3,IFERROR(RESUMEN_7°!R8,0)<3),"⚠ REVISAR","OK")) -> OK
A22: 7° | B22: =RESUMEN_7°!A9 -> 5 | C22: =RESUMEN_7°!B9 -> 0 | D22: =IF(C22="","",IFERROR(RESUMEN_7°!F9,"")) | E22: =IF(C22="","",IFERROR(RESUMEN_7°!R9,"")) | F22: =IF(C22="","",IFERROR('Asistencia (7°)'!BI7,"")) -> 0 | G22: =IF(AND(RESUMEN_7°!B9=""),"",IF(OR(IFERROR(RESUMEN_7°!F9,0)<3,IFERROR(RESUMEN_7°!R9,0)<3),"⚠ REVISAR","OK")) -> OK
A23: 7° | B23: =RESUMEN_7°!A10 -> 6 | C23: =RESUMEN_7°!B10 -> 0 | D23: =IF(C23="","",IFERROR(RESUMEN_7°!F10,"")) | E23: =IF(C23="","",IFERROR(RESUMEN_7°!R10,"")) | F23: =IF(C23="","",IFERROR('Asistencia (7°)'!BI8,"")) -> 0 | G23: =IF(AND(RESUMEN_7°!B10=""),"",IF(OR(IFERROR(RESUMEN_7°!F10,0)<3,IFERROR(RESUMEN_7°!R10,0)<3),"⚠ REVISAR","OK")) -> OK
A24: 7° | B24: =RESUMEN_7°!A11 -> 7 | C24: =RESUMEN_7°!B11 -> 0 | D24: =IF(C24="","",IFERROR(RESUMEN_7°!F11,"")) | E24: =IF(C24="","",IFERROR(RESUMEN_7°!R11,"")) | F24: =IF(C24="","",IFERROR('Asistencia (7°)'!BI9,"")) -> 0 | G24: =IF(AND(RESUMEN_7°!B11=""),"",IF(OR(IFERROR(RESUMEN_7°!F11,0)<3,IFERROR(RESUMEN_7°!R11,0)<3),"⚠ REVISAR","OK")) -> OK
A25: 7° | B25: =RESUMEN_7°!A12 -> 8 | C25: =RESUMEN_7°!B12 -> 0 | D25: =IF(C25="","",IFERROR(RESUMEN_7°!F12,"")) | E25: =IF(C25="","",IFERROR(RESUMEN_7°!R12,"")) | F25: =IF(C25="","",IFERROR('Asistencia (7°)'!BI10,"")) -> 0 | G25: =IF(AND(RESUMEN_7°!B12=""),"",IF(OR(IFERROR(RESUMEN_7°!F12,0)<3,IFERROR(RESUMEN_7°!R12,0)<3),"⚠ REVISAR","OK")) -> OK
A26: 7° | B26: =RESUMEN_7°!A13 -> 9 | C26: =RESUMEN_7°!B13 -> 0 | D26: =IF(C26="","",IFERROR(RESUMEN_7°!F13,"")) | E26: =IF(C26="","",IFERROR(RESUMEN_7°!R13,"")) | F26: =IF(C26="","",IFERROR('Asistencia (7°)'!BI11,"")) -> 0 | G26: =IF(AND(RESUMEN_7°!B13=""),"",IF(OR(IFERROR(RESUMEN_7°!F13,0)<3,IFERROR(RESUMEN_7°!R13,0)<3),"⚠ REVISAR","OK")) -> OK
A27: 7° | B27: =RESUMEN_7°!A14 -> 10 | C27: =RESUMEN_7°!B14 -> 0 | D27: =IF(C27="","",IFERROR(RESUMEN_7°!F14,"")) | E27: =IF(C27="","",IFERROR(RESUMEN_7°!R14,"")) | F27: =IF(C27="","",IFERROR('Asistencia (7°)'!BI12,"")) -> 0 | G27: =IF(AND(RESUMEN_7°!B14=""),"",IF(OR(IFERROR(RESUMEN_7°!F14,0)<3,IFERROR(RESUMEN_7°!R14,0)<3),"⚠ REVISAR","OK")) -> OK
A28: 7° | B28: =RESUMEN_7°!A15 -> 11 | C28: =RESUMEN_7°!B15 -> 0 | D28: =IF(C28="","",IFERROR(RESUMEN_7°!F15,"")) | E28: =IF(C28="","",IFERROR(RESUMEN_7°!R15,"")) | F28: =IF(C28="","",IFERROR('Asistencia (7°)'!BI13,"")) -> 0 | G28: =IF(AND(RESUMEN_7°!B15=""),"",IF(OR(IFERROR(RESUMEN_7°!F15,0)<3,IFERROR(RESUMEN_7°!R15,0)<3),"⚠ REVISAR","OK")) -> OK
A29: 7° | B29: =RESUMEN_7°!A16 -> 12 | C29: =RESUMEN_7°!B16 -> 0 | D29: =IF(C29="","",IFERROR(RESUMEN_7°!F16,"")) | E29: =IF(C29="","",IFERROR(RESUMEN_7°!R16,"")) | F29: =IF(C29="","",IFERROR('Asistencia (7°)'!BI14,"")) -> 0 | G29: =IF(AND(RESUMEN_7°!B16=""),"",IF(OR(IFERROR(RESUMEN_7°!F16,0)<3,IFERROR(RESUMEN_7°!R16,0)<3),"⚠ REVISAR","OK")) -> OK
A30: 7° | B30: =RESUMEN_7°!A17 -> 13 | C30: =RESUMEN_7°!B17 -> 0 | D30: =IF(C30="","",IFERROR(RESUMEN_7°!F17,"")) | E30: =IF(C30="","",IFERROR(RESUMEN_7°!R17,"")) | F30: =IF(C30="","",IFERROR('Asistencia (7°)'!BI15,"")) -> 0 | G30: =IF(AND(RESUMEN_7°!B17=""),"",IF(OR(IFERROR(RESUMEN_7°!F17,0)<3,IFERROR(RESUMEN_7°!R17,0)<3),"⚠ REVISAR","OK")) -> OK
... A57: 7° | B57: =RESUMEN_7°!A44 -> 40 | C57: =RESUMEN_7°!B44 -> 0 | D57: =IF(C57="","",IFERROR(RESUMEN_7°!F44,"")) | E57: =IF(C57="","",IFERROR(RESUMEN_7°!R44,"")) | F57: =IF(C57="","",IFERROR('Asistencia (7°)'!BI42,"")) -> 0 | G57: =IF(AND(RESUMEN_7°!B44=""),"",IF(OR(IFERROR(RESUMEN_7°!F44,0)<3,IFERROR(RESUMEN_7°!R44,0)<3),"⚠ REVISAR","OK")) -> OK
A58: 8° | B58: =RESUMEN_8°!A5 -> 1 | C58: =RESUMEN_8°!B5 -> 0 | D58: =IF(C58="","",IFERROR(RESUMEN_8°!F5,"")) | E58: =IF(C58="","",IFERROR(RESUMEN_8°!R5,"")) | F58: =IF(C58="","",IFERROR('Asistencia (8°)'!BI3,"")) -> 0 | G58: =IF(AND(RESUMEN_8°!B5=""),"",IF(OR(IFERROR(RESUMEN_8°!F5,0)<3,IFERROR(RESUMEN_8°!R5,0)<3),"⚠ REVISAR","OK")) -> OK
A59: 8° | B59: =RESUMEN_8°!A6 -> 2 | C59: =RESUMEN_8°!B6 -> 0 | D59: =IF(C59="","",IFERROR(RESUMEN_8°!F6,"")) | E59: =IF(C59="","",IFERROR(RESUMEN_8°!R6,"")) | F59: =IF(C59="","",IFERROR('Asistencia (8°)'!BI4,"")) -> 0 | G59: =IF(AND(RESUMEN_8°!B6=""),"",IF(OR(IFERROR(RESUMEN_8°!F6,0)<3,IFERROR(RESUMEN_8°!R6,0)<3),"⚠ REVISAR","OK")) -> OK
A60: 8° | B60: =RESUMEN_8°!A7 -> 3 | C60: =RESUMEN_8°!B7 -> 0 | D60: =IF(C60="","",IFERROR(RESUMEN_8°!F7,"")) | E60: =IF(C60="","",IFERROR(RESUMEN_8°!R7,"")) | F60: =IF(C60="","",IFERROR('Asistencia (8°)'!BI5,"")) -> 0 | G60: =IF(AND(RESUMEN_8°!B7=""),"",IF(OR(IFERROR(RESUMEN_8°!F7,0)<3,IFERROR(RESUMEN_8°!R7,0)<3),"⚠ REVISAR","OK")) -> OK
A61: 8° | B61: =RESUMEN_8°!A8 -> 4 | C61: =RESUMEN_8°!B8 -> 0 | D61: =IF(C61="","",IFERROR(RESUMEN_8°!F8,"")) | E61: =IF(C61="","",IFERROR(RESUMEN_8°!R8,"")) | F61: =IF(C61="","",IFERROR('Asistencia (8°)'!BI6,"")) -> 0 | G61: =IF(AND(RESUMEN_8°!B8=""),"",IF(OR(IFERROR(RESUMEN_8°!F8,0)<3,IFERROR(RESUMEN_8°!R8,0)<3),"⚠ REVISAR","OK")) -> OK
A62: 8° | B62: =RESUMEN_8°!A9 -> 5 | C62: =RESUMEN_8°!B9 -> 0 | D62: =IF(C62="","",IFERROR(RESUMEN_8°!F9,"")) | E62: =IF(C62="","",IFERROR(RESUMEN_8°!R9,"")) | F62: =IF(C62="","",IFERROR('Asistencia (8°)'!BI7,"")) -> 0 | G62: =IF(AND(RESUMEN_8°!B9=""),"",IF(OR(IFERROR(RESUMEN_8°!F9,0)<3,IFERROR(RESUMEN_8°!R9,0)<3),"⚠ REVISAR","OK")) -> OK
A63: 8° | B63: =RESUMEN_8°!A10 -> 6 | C63: =RESUMEN_8°!B10 -> 0 | D63: =IF(C63="","",IFERROR(RESUMEN_8°!F10,"")) | E63: =IF(C63="","",IFERROR(RESUMEN_8°!R10,"")) | F63: =IF(C63="","",IFERROR('Asistencia (8°)'!BI8,"")) -> 0 | G63: =IF(AND(RESUMEN_8°!B10=""),"",IF(OR(IFERROR(RESUMEN_8°!F10,0)<3,IFERROR(RESUMEN_8°!R10,0)<3),"⚠ REVISAR","OK")) -> OK
A64: 8° | B64: =RESUMEN_8°!A11 -> 7 | C64: =RESUMEN_8°!B11 -> 0 | D64: =IF(C64="","",IFERROR(RESUMEN_8°!F11,"")) | E64: =IF(C64="","",IFERROR(RESUMEN_8°!R11,"")) | F64: =IF(C64="","",IFERROR('Asistencia (8°)'!BI9,"")) -> 0 | G64: =IF(AND(RESUMEN_8°!B11=""),"",IF(OR(IFERROR(RESUMEN_8°!F11,0)<3,IFERROR(RESUMEN_8°!R11,0)<3),"⚠ REVISAR","OK")) -> OK
A65: 8° | B65: =RESUMEN_8°!A12 -> 8 | C65: =RESUMEN_8°!B12 -> 0 | D65: =IF(C65="","",IFERROR(RESUMEN_8°!F12,"")) | E65: =IF(C65="","",IFERROR(RESUMEN_8°!R12,"")) | F65: =IF(C65="","",IFERROR('Asistencia (8°)'!BI10,"")) -> 0 | G65: =IF(AND(RESUMEN_8°!B12=""),"",IF(OR(IFERROR(RESUMEN_8°!F12,0)<3,IFERROR(RESUMEN_8°!R12,0)<3),"⚠ REVISAR","OK")) -> OK
A66: 8° | B66: =RESUMEN_8°!A13 -> 9 | C66: =RESUMEN_8°!B13 -> 0 | D66: =IF(C66="","",IFERROR(RESUMEN_8°!F13,"")) | E66: =IF(C66="","",IFERROR(RESUMEN_8°!R13,"")) | F66: =IF(C66="","",IFERROR('Asistencia (8°)'!BI11,"")) -> 0 | G66: =IF(AND(RESUMEN_8°!B13=""),"",IF(OR(IFERROR(RESUMEN_8°!F13,0)<3,IFERROR(RESUMEN_8°!R13,0)<3),"⚠ REVISAR","OK")) -> OK
A67: 8° | B67: =RESUMEN_8°!A14 -> 10 | C67: =RESUMEN_8°!B14 -> 0 | D67: =IF(C67="","",IFERROR(RESUMEN_8°!F14,"")) | E67: =IF(C67="","",IFERROR(RESUMEN_8°!R14,"")) | F67: =IF(C67="","",IFERROR('Asistencia (8°)'!BI12,"")) -> 0 | G67: =IF(AND(RESUMEN_8°!B14=""),"",IF(OR(IFERROR(RESUMEN_8°!F14,0)<3,IFERROR(RESUMEN_8°!R14,0)<3),"⚠ REVISAR","OK")) -> OK
A68: 8° | B68: =RESUMEN_8°!A15 -> 11 | C68: =RESUMEN_8°!B15 -> 0 | D68: =IF(C68="","",IFERROR(RESUMEN_8°!F15,"")) | E68: =IF(C68="","",IFERROR(RESUMEN_8°!R15,"")) | F68: =IF(C68="","",IFERROR('Asistencia (8°)'!BI13,"")) -> 0 | G68: =IF(AND(RESUMEN_8°!B15=""),"",IF(OR(IFERROR(RESUMEN_8°!F15,0)<3,IFERROR(RESUMEN_8°!R15,0)<3),"⚠ REVISAR","OK")) -> OK
A69: 8° | B69: =RESUMEN_8°!A16 -> 12 | C69: =RESUMEN_8°!B16 -> 0 | D69: =IF(C69="","",IFERROR(RESUMEN_8°!F16,"")) | E69: =IF(C69="","",IFERROR(RESUMEN_8°!R16,"")) | F69: =IF(C69="","",IFERROR('Asistencia (8°)'!BI14,"")) -> 0 | G69: =IF(AND(RESUMEN_8°!B16=""),"",IF(OR(IFERROR(RESUMEN_8°!F16,0)<3,IFERROR(RESUMEN_8°!R16,0)<3),"⚠ REVISAR","OK")) -> OK
... A97: 8° | B97: =RESUMEN_8°!A44 -> 40 | C97: =RESUMEN_8°!B44 -> 0 | D97: =IF(C97="","",IFERROR(RESUMEN_8°!F44,"")) | E97: =IF(C97="","",IFERROR(RESUMEN_8°!R44,"")) | F97: =IF(C97="","",IFERROR('Asistencia (8°)'!BI42,"")) -> 0 | G97: =IF(AND(RESUMEN_8°!B44=""),"",IF(OR(IFERROR(RESUMEN_8°!F44,0)<3,IFERROR(RESUMEN_8°!R44,0)<3),"⚠ REVISAR","OK")) -> OK
A98: 9° | B98: =RESUMEN_9°!A5 -> 1 | C98: =RESUMEN_9°!B5 -> 0 | D98: =IF(C98="","",IFERROR(RESUMEN_9°!F5,"")) | E98: =IF(C98="","",IFERROR(RESUMEN_9°!V5,"")) | F98: =IF(C98="","",IFERROR('Asistencia (9°)'!BI3,"")) -> 0 | G98: =IF(AND(RESUMEN_9°!B5=""),"",IF(OR(IFERROR(RESUMEN_9°!F5,0)<3,IFERROR(RESUMEN_9°!V5,0)<3),"⚠ REVISAR","OK")) -> OK
A99: 9° | B99: =RESUMEN_9°!A6 -> 2 | C99: =RESUMEN_9°!B6 -> 0 | D99: =IF(C99="","",IFERROR(RESUMEN_9°!F6,"")) | E99: =IF(C99="","",IFERROR(RESUMEN_9°!V6,"")) | F99: =IF(C99="","",IFERROR('Asistencia (9°)'!BI4,"")) -> 0 | G99: =IF(AND(RESUMEN_9°!B6=""),"",IF(OR(IFERROR(RESUMEN_9°!F6,0)<3,IFERROR(RESUMEN_9°!V6,0)<3),"⚠ REVISAR","OK")) -> OK
A100: 9° | B100: =RESUMEN_9°!A7 -> 3 | C100: =RESUMEN_9°!B7 -> 0 | D100: =IF(C100="","",IFERROR(RESUMEN_9°!F7,"")) | E100: =IF(C100="","",IFERROR(RESUMEN_9°!V7,"")) | F100: =IF(C100="","",IFERROR('Asistencia (9°)'!BI5,"")) -> 0 | G100: =IF(AND(RESUMEN_9°!B7=""),"",IF(OR(IFERROR(RESUMEN_9°!F7,0)<3,IFERROR(RESUMEN_9°!V7,0)<3),"⚠ REVISAR","OK")) -> OK
A101: 9° | B101: =RESUMEN_9°!A8 -> 4 | C101: =RESUMEN_9°!B8 -> 0 | D101: =IF(C101="","",IFERROR(RESUMEN_9°!F8,"")) | E101: =IF(C101="","",IFERROR(RESUMEN_9°!V8,"")) | F101: =IF(C101="","",IFERROR('Asistencia (9°)'!BI6,"")) -> 0 | G101: =IF(AND(RESUMEN_9°!B8=""),"",IF(OR(IFERROR(RESUMEN_9°!F8,0)<3,IFERROR(RESUMEN_9°!V8,0)<3),"⚠ REVISAR","OK")) -> OK
A102: 9° | B102: =RESUMEN_9°!A9 -> 5 | C102: =RESUMEN_9°!B9 -> 0 | D102: =IF(C102="","",IFERROR(RESUMEN_9°!F9,"")) | E102: =IF(C102="","",IFERROR(RESUMEN_9°!V9,"")) | F102: =IF(C102="","",IFERROR('Asistencia (9°)'!BI7,"")) -> 0 | G102: =IF(AND(RESUMEN_9°!B9=""),"",IF(OR(IFERROR(RESUMEN_9°!F9,0)<3,IFERROR(RESUMEN_9°!V9,0)<3),"⚠ REVISAR","OK")) -> OK
A103: 9° | B103: =RESUMEN_9°!A10 -> 6 | C103: =RESUMEN_9°!B10 -> 0 | D103: =IF(C103="","",IFERROR(RESUMEN_9°!F10,"")) | E103: =IF(C103="","",IFERROR(RESUMEN_9°!V10,"")) | F103: =IF(C103="","",IFERROR('Asistencia (9°)'!BI8,"")) -> 0 | G103: =IF(AND(RESUMEN_9°!B10=""),"",IF(OR(IFERROR(RESUMEN_9°!F10,0)<3,IFERROR(RESUMEN_9°!V10,0)<3),"⚠ REVISAR","OK")) -> OK
A104: 9° | B104: =RESUMEN_9°!A11 -> 7 | C104: =RESUMEN_9°!B11 -> 0 | D104: =IF(C104="","",IFERROR(RESUMEN_9°!F11,"")) | E104: =IF(C104="","",IFERROR(RESUMEN_9°!V11,"")) | F104: =IF(C104="","",IFERROR('Asistencia (9°)'!BI9,"")) -> 0 | G104: =IF(AND(RESUMEN_9°!B11=""),"",IF(OR(IFERROR(RESUMEN_9°!F11,0)<3,IFERROR(RESUMEN_9°!V11,0)<3),"⚠ REVISAR","OK")) -> OK
A105: 9° | B105: =RESUMEN_9°!A12 -> 8 | C105: =RESUMEN_9°!B12 -> 0 | D105: =IF(C105="","",IFERROR(RESUMEN_9°!F12,"")) | E105: =IF(C105="","",IFERROR(RESUMEN_9°!V12,"")) | F105: =IF(C105="","",IFERROR('Asistencia (9°)'!BI10,"")) -> 0 | G105: =IF(AND(RESUMEN_9°!B12=""),"",IF(OR(IFERROR(RESUMEN_9°!F12,0)<3,IFERROR(RESUMEN_9°!V12,0)<3),"⚠ REVISAR","OK")) -> OK
A106: 9° | B106: =RESUMEN_9°!A13 -> 9 | C106: =RESUMEN_9°!B13 -> 0 | D106: =IF(C106="","",IFERROR(RESUMEN_9°!F13,"")) | E106: =IF(C106="","",IFERROR(RESUMEN_9°!V13,"")) | F106: =IF(C106="","",IFERROR('Asistencia (9°)'!BI11,"")) -> 0 | G106: =IF(AND(RESUMEN_9°!B13=""),"",IF(OR(IFERROR(RESUMEN_9°!F13,0)<3,IFERROR(RESUMEN_9°!V13,0)<3),"⚠ REVISAR","OK")) -> OK
A107: 9° | B107: =RESUMEN_9°!A14 -> 10 | C107: =RESUMEN_9°!B14 -> 0 | D107: =IF(C107="","",IFERROR(RESUMEN_9°!F14,"")) | E107: =IF(C107="","",IFERROR(RESUMEN_9°!V14,"")) | F107: =IF(C107="","",IFERROR('Asistencia (9°)'!BI12,"")) -> 0 | G107: =IF(AND(RESUMEN_9°!B14=""),"",IF(OR(IFERROR(RESUMEN_9°!F14,0)<3,IFERROR(RESUMEN_9°!V14,0)<3),"⚠ REVISAR","OK")) -> OK
A108: 9° | B108: =RESUMEN_9°!A15 -> 11 | C108: =RESUMEN_9°!B15 -> 0 | D108: =IF(C108="","",IFERROR(RESUMEN_9°!F15,"")) | E108: =IF(C108="","",IFERROR(RESUMEN_9°!V15,"")) | F108: =IF(C108="","",IFERROR('Asistencia (9°)'!BI13,"")) -> 0 | G108: =IF(AND(RESUMEN_9°!B15=""),"",IF(OR(IFERROR(RESUMEN_9°!F15,0)<3,IFERROR(RESUMEN_9°!V15,0)<3),"⚠ REVISAR","OK")) -> OK
A109: 9° | B109: =RESUMEN_9°!A16 -> 12 | C109: =RESUMEN_9°!B16 -> 0 | D109: =IF(C109="","",IFERROR(RESUMEN_9°!F16,"")) | E109: =IF(C109="","",IFERROR(RESUMEN_9°!V16,"")) | F109: =IF(C109="","",IFERROR('Asistencia (9°)'!BI14,"")) -> 0 | G109: =IF(AND(RESUMEN_9°!B16=""),"",IF(OR(IFERROR(RESUMEN_9°!F16,0)<3,IFERROR(RESUMEN_9°!V16,0)<3),"⚠ REVISAR","OK")) -> OK
... A137: 9° | B137: =RESUMEN_9°!A44 -> 40 | C137: =RESUMEN_9°!B44 -> 0 | D137: =IF(C137="","",IFERROR(RESUMEN_9°!F44,"")) | E137: =IF(C137="","",IFERROR(RESUMEN_9°!V44,"")) | F137: =IF(C137="","",IFERROR('Asistencia (9°)'!BI42,"")) -> 0 | G137: =IF(AND(RESUMEN_9°!B44=""),"",IF(OR(IFERROR(RESUMEN_9°!F44,0)<3,IFERROR(RESUMEN_9°!V44,0)<3),"⚠ REVISAR","OK")) -> OK

Sheet RESUMEN_7°
A1: CUADRO DE NOTAS FINALES — 7° GRADO · ESCUELA CERRO CACICÓN 2026
A2: Nota: Las calificaciones se obtienen automáticamente de las hojas PROM de cada materia
A3: No. | B3: APELLIDO, NOMBRE | C3: INGLÉS | G3: AGROPECUARIA | K3: HOGAR Y DESARROLLO | O3: TECNOLOGÍA | S3: ESTADO
C4: T1 | D4: T2 | E4: T3 | F4: FINAL | G4: T1 | H4: T2 | I4: T3 | J4: FINAL | K4: T1 | L4: T2 | M4: T3 | N4: FINAL | O4: T1 | P4: T2 | Q4: T3 | R4: FINAL
A5: 1 | B5: =MAESTRO!B5 -> 0 | C5: =IF(MAESTRO!B5="","",IFERROR('PROM (Ingles 7°)'!AE5,"")) | D5: =IF(MAESTRO!B5="","",IFERROR('PROM (Ingles 7°)'!BM5,"")) | E5: =IF(MAESTRO!B5="","",IFERROR('PROM (Ingles 7°)'!CU5,"")) | F5: =IF(MAESTRO!B5="","",IFERROR(TRUNC(AVERAGE(C5,D5,E5),1),"")) | G5: =IF(MAESTRO!B5="","",IFERROR('PROM (Agropecuaria 7°)'!AE5,"")) | H5: =IF(MAESTRO!B5="","",IFERROR('PROM (Agropecuaria 7°)'!BM5,"")) | I5: =IF(MAESTRO!B5="","",IFERROR('PROM (Agropecuaria 7°)'!CU5,"")) | J5: =IF(MAESTRO!B5="","",IFERROR(TRUNC(AVERAGE(G5,H5,I5),1),"")) | K5: =IF(MAESTRO!B5="","",IFERROR('PROM (Hogar y Desarrollo 7°)'!AE5,"")) | L5: =IF(MAESTRO!B5="","",IFERROR('PROM (Hogar y Desarrollo 7°)'!BM5,"")) | M5: =IF(MAESTRO!B5="","",IFERROR('PROM (Hogar y Desarrollo 7°)'!CU5,"")) | N5: =IF(MAESTRO!B5="","",IFERROR(TRUNC(AVERAGE(K5,L5,M5),1),"")) | O5: =IF(MAESTRO!B5="","",IFERROR(AVERAGE(G5,K5),"")) | P5: =IF(MAESTRO!B5="","",IFERROR(AVERAGE(H5,L5),"")) | Q5: =IF(MAESTRO!B5="","",IFERROR(AVERAGE(I5,M5),"")) | R5: =IF(MAESTRO!B5="","",IFERROR(TRUNC(AVERAGE(O5,P5,Q5),1),"")) | S5: =IF(MAESTRO!B5="","",IF(AND(F5="",J5="",N5="",R5=""),"",IF(Y(OR(F5="",F5>=3),OR(J5="",J5>=3),OR(N5="",N5>=3),OR(R5="",R5>=3)),"✓ APROBADO","✗ REPROBADO")))
A6: 2 | B6: =MAESTRO!B6 -> 0 | C6: =IF(MAESTRO!B6="","",IFERROR('PROM (Ingles 7°)'!AE6,"")) | D6: =IF(MAESTRO!B6="","",IFERROR('PROM (Ingles 7°)'!BM6,"")) | E6: =IF(MAESTRO!B6="","",IFERROR('PROM (Ingles 7°)'!CU6,"")) | F6: =IF(MAESTRO!B6="","",IFERROR(TRUNC(AVERAGE(C6,D6,E6),1),"")) | G6: =IF(MAESTRO!B6="","",IFERROR('PROM (Agropecuaria 7°)'!AE6,"")) | H6: =IF(MAESTRO!B6="","",IFERROR('PROM (Agropecuaria 7°)'!BM6,"")) | I6: =IF(MAESTRO!B6="","",IFERROR('PROM (Agropecuaria 7°)'!CU6,"")) | J6: =IF(MAESTRO!B6="","",IFERROR(TRUNC(AVERAGE(G6,H6,I6),1),"")) | K6: =IF(MAESTRO!B6="","",IFERROR('PROM (Hogar y Desarrollo 7°)'!AE6,"")) | L6: =IF(MAESTRO!B6="","",IFERROR('PROM (Hogar y Desarrollo 7°)'!BM6,"")) | M6: =IF(MAESTRO!B6="","",IFERROR('PROM (Hogar y Desarrollo 7°)'!CU6,"")) | N6: =IF(MAESTRO!B6="","",IFERROR(TRUNC(AVERAGE(K6,L6,M6),1),"")) | O6: =IF(MAESTRO!B6="","",IFERROR(AVERAGE(G6,K6),"")) | P6: =IF(MAESTRO!B6="","",IFERROR(AVERAGE(H6,L6),"")) | Q6: =IF(MAESTRO!B6="","",IFERROR(AVERAGE(I6,M6),"")) | R6: =IF(MAESTRO!B6="","",IFERROR(TRUNC(AVERAGE(O6,P6,Q6),1),"")) | S6: =IF(MAESTRO!B6="","",IF(AND(F6="",J6="",N6="",R6=""),"",IF(Y(OR(F6="",F6>=3),OR(J6="",J6>=3),OR(N6="",N6>=3),OR(R6="",R6>=3)),"✓ APROBADO","✗ REPROBADO")))
A7: 3 | B7: =MAESTRO!B7 -> 0 | C7: =IF(MAESTRO!B7="","",IFERROR('PROM (Ingles 7°)'!AE7,"")) | D7: =IF(MAESTRO!B7="","",IFERROR('PROM (Ingles 7°)'!BM7,"")) | E7: =IF(MAESTRO!B7="","",IFERROR('PROM (Ingles 7°)'!CU7,"")) | F7: =IF(MAESTRO!B7="","",IFERROR(TRUNC(AVERAGE(C7,D7,E7),1),"")) | G7: =IF(MAESTRO!B7="","",IFERROR('PROM (Agropecuaria 7°)'!AE7,"")) | H7: =IF(MAESTRO!B7="","",IFERROR('PROM (Agropecuaria 7°)'!BM7,"")) | I7: =IF(MAESTRO!B7="","",IFERROR('PROM (Agropecuaria 7°)'!CU7,"")) | J7: =IF(MAESTRO!B7="","",IFERROR(TRUNC(AVERAGE(G7,H7,I7),1),"")) | K7: =IF(MAESTRO!B7="","",IFERROR('PROM (Hogar y Desarrollo 7°)'!AE7,"")) | L7: =IF(MAESTRO!B7="","",IFERROR('PROM (Hogar y Desarrollo 7°)'!BM7,"")) | M7: =IF(MAESTRO!B7="","",IFERROR('PROM (Hogar y Desarrollo 7°)'!CU7,"")) | N7: =IF(MAESTRO!B7="","",IFERROR(TRUNC(AVERAGE(K7,L7,M7),1),"")) | O7: =IF(MAESTRO!B7="","",IFERROR(AVERAGE(G7,K7),"")) | P7: =IF(MAESTRO!B7="","",IFERROR(AVERAGE(H7,L7),"")) | Q7: =IF(MAESTRO!B7="","",IFERROR(AVERAGE(I7,M7),"")) | R7: =IF(MAESTRO!B7="","",IFERROR(TRUNC(AVERAGE(O7,P7,Q7),1),"")) | S7: =IF(MAESTRO!B7="","",IF(AND(F7="",J7="",N7="",R7=""),"",IF(Y(OR(F7="",F7>=3),OR(J7="",J7>=3),OR(N7="",N7>=3),OR(R7="",R7>=3)),"✓ APROBADO","✗ REPROBADO")))
A8: 4 | B8: =MAESTRO!B8 -> 0 | C8: =IF(MAESTRO!B8="","",IFERROR('PROM (Ingles 7°)'!AE8,"")) | D8: =IF(MAESTRO!B8="","",IFERROR('PROM (Ingles 7°)'!BM8,"")) | E8: =IF(MAESTRO!B8="","",IFERROR('PROM (Ingles 7°)'!CU8,"")) | F8: =IF(MAESTRO!B8="","",IFERROR(TRUNC(AVERAGE(C8,D8,E8),1),"")) | G8: =IF(MAESTRO!B8="","",IFERROR('PROM (Agropecuaria 7°)'!AE8,"")) | H8: =IF(MAESTRO!B8="","",IFERROR('PROM (Agropecuaria 7°)'!BM8,"")) | I8: =IF(MAESTRO!B8="","",IFERROR('PROM (Agropecuaria 7°)'!CU8,"")) | J8: =IF(MAESTRO!B8="","",IFERROR(TRUNC(AVERAGE(G8,H8,I8),1),"")) | K8: =IF(MAESTRO!B8="","",IFERROR('PROM (Hogar y Desarrollo 7°)'!AE8,"")) | L8: =IF(MAESTRO!B8="","",IFERROR('PROM (Hogar y Desarrollo 7°)'!BM8,"")) | M8: =IF(MAESTRO!B8="","",IFERROR('PROM (Hogar y Desarrollo 7°)'!CU8,"")) | N8: =IF(MAESTRO!B8="","",IFERROR(TRUNC(AVERAGE(K8,L8,M8),1),"")) | O8: =IF(MAESTRO!B8="","",IFERROR(AVERAGE(G8,K8),"")) | P8: =IF(MAESTRO!B8="","",IFERROR(AVERAGE(H8,L8),"")) | Q8: =IF(MAESTRO!B8="","",IFERROR(AVERAGE(I8,M8),"")) | R8: =IF(MAESTRO!B8="","",IFERROR(TRUNC(AVERAGE(O8,P8,Q8),1),"")) | S8: =IF(MAESTRO!B8="","",IF(AND(F8="",J8="",N8="",R8=""),"",IF(Y(OR(F8="",F8>=3),OR(J8="",J8>=3),OR(N8="",N8>=3),OR(R8="",R8>=3)),"✓ APROBADO","✗ REPROBADO")))
A9: 5 | B9: =MAESTRO!B9 -> 0 | C9: =IF(MAESTRO!B9="","",IFERROR('PROM (Ingles 7°)'!AE9,"")) | D9: =IF(MAESTRO!B9="","",IFERROR('PROM (Ingles 7°)'!BM9,"")) | E9: =IF(MAESTRO!B9="","",IFERROR('PROM (Ingles 7°)'!CU9,"")) | F9: =IF(MAESTRO!B9="","",IFERROR(TRUNC(AVERAGE(C9,D9,E9),1),"")) | G9: =IF(MAESTRO!B9="","",IFERROR('PROM (Agropecuaria 7°)'!AE9,"")) | H9: =IF(MAESTRO!B9="","",IFERROR('PROM (Agropecuaria 7°)'!BM9,"")) | I9: =IF(MAESTRO!B9="","",IFERROR('PROM (Agropecuaria 7°)'!CU9,"")) | J9: =IF(MAESTRO!B9="","",IFERROR(TRUNC(AVERAGE(G9,H9,I9),1),"")) | K9: =IF(MAESTRO!B9="","",IFERROR('PROM (Hogar y Desarrollo 7°)'!AE9,"")) | L9: =IF(MAESTRO!B9="","",IFERROR('PROM (Hogar y Desarrollo 7°)'!BM9,"")) | M9: =IF(MAESTRO!B9="","",IFERROR('PROM (Hogar y Desarrollo 7°)'!CU9,"")) | N9: =IF(MAESTRO!B9="","",IFERROR(TRUNC(AVERAGE(K9,L9,M9),1),"")) | O9: =IF(MAESTRO!B9="","",IFERROR(AVERAGE(G9,K9),"")) | P9: =IF(MAESTRO!B9="","",IFERROR(AVERAGE(H9,L9),"")) | Q9: =IF(MAESTRO!B9="","",IFERROR(AVERAGE(I9,M9),"")) | R9: =IF(MAESTRO!B9="","",IFERROR(TRUNC(AVERAGE(O9,P9,Q9),1),"")) | S9: =IF(MAESTRO!B9="","",IF(AND(F9="",J9="",N9="",R9=""),"",IF(Y(OR(F9="",F9>=3),OR(J9="",J9>=3),OR(N9="",N9>=3),OR(R9="",R9>=3)),"✓ APROBADO","✗ REPROBADO")))
A10: 6 | B10: =MAESTRO!B10 -> 0 | C10: =IF(MAESTRO!B10="","",IFERROR('PROM (Ingles 7°)'!AE10,"")) | D10: =IF(MAESTRO!B10="","",IFERROR('PROM (Ingles 7°)'!BM10,"")) | E10: =IF(MAESTRO!B10="","",IFERROR('PROM (Ingles 7°)'!CU10,"")) | F10: =IF(MAESTRO!B10="","",IFERROR(TRUNC(AVERAGE(C10,D10,E10),1),"")) | G10: =IF(MAESTRO!B10="","",IFERROR('PROM (Agropecuaria 7°)'!AE10,"")) | H10: =IF(MAESTRO!B10="","",IFERROR('PROM (Agropecuaria 7°)'!BM10,"")) | I10: =IF(MAESTRO!B10="","",IFERROR('PROM (Agropecuaria 7°)'!CU10,"")) | J10: =IF(MAESTRO!B10="","",IFERROR(TRUNC(AVERAGE(G10,H10,I10),1),"")) | K10: =IF(MAESTRO!B10="","",IFERROR('PROM (Hogar y Desarrollo 7°)'!AE10,"")) | L10: =IF(MAESTRO!B10="","",IFERROR('PROM (Hogar y Desarrollo 7°)'!BM10,"")) | M10: =IF(MAESTRO!B10="","",IFERROR('PROM (Hogar y Desarrollo 7°)'!CU10,"")) | N10: =IF(MAESTRO!B10="","",IFERROR(TRUNC(AVERAGE(K10,L10,M10),1),"")) | O10: =IF(MAESTRO!B10="","",IFERROR(AVERAGE(G10,K10),"")) | P10: =IF(MAESTRO!B10="","",IFERROR(AVERAGE(H10,L10),"")) | Q10: =IF(MAESTRO!B10="","",IFERROR(AVERAGE(I10,M10),"")) | R10: =IF(MAESTRO!B10="","",IFERROR(TRUNC(AVERAGE(O10,P10,Q10),1),"")) | S10: =IF(MAESTRO!B10="","",IF(AND(F10="",J10="",N10="",R10=""),"",IF(Y(OR(F10="",F10>=3),OR(J10="",J10>=3),OR(N10="",N10>=3),OR(R10="",R10>=3)),"✓ APROBADO","✗ REPROBADO")))
A11: 7 | B11: =MAESTRO!B11 -> 0 | C11: =IF(MAESTRO!B11="","",IFERROR('PROM (Ingles 7°)'!AE11,"")) | D11: =IF(MAESTRO!B11="","",IFERROR('PROM (Ingles 7°)'!BM11,"")) | E11: =IF(MAESTRO!B11="","",IFERROR('PROM (Ingles 7°)'!CU11,"")) | F11: =IF(MAESTRO!B11="","",IFERROR(TRUNC(AVERAGE(C11,D11,E11),1),"")) | G11: =IF(MAESTRO!B11="","",IFERROR('PROM (Agropecuaria 7°)'!AE11,"")) | H11: =IF(MAESTRO!B11="","",IFERROR('PROM (Agropecuaria 7°)'!BM11,"")) | I11: =IF(MAESTRO!B11="","",IFERROR('PROM (Agropecuaria 7°)'!CU11,"")) | J11: =IF(MAESTRO!B11="","",IFERROR(TRUNC(AVERAGE(G11,H11,I11),1),"")) | K11: =IF(MAESTRO!B11="","",IFERROR('PROM (Hogar y Desarrollo 7°)'!AE11,"")) | L11: =IF(MAESTRO!B11="","",IFERROR('PROM (Hogar y Desarrollo 7°)'!BM11,"")) | M11: =IF(MAESTRO!B11="","",IFERROR('PROM (Hogar y Desarrollo 7°)'!CU11,"")) | N11: =IF(MAESTRO!B11="","",IFERROR(TRUNC(AVERAGE(K11,L11,M11),1),"")) | O11: =IF(MAESTRO!B11="","",IFERROR(AVERAGE(G11,K11),"")) | P11: =IF(MAESTRO!B11="","",IFERROR(AVERAGE(H11,L11),"")) | Q11: =IF(MAESTRO!B11="","",IFERROR(AVERAGE(I11,M11),"")) | R11: =IF(MAESTRO!B11="","",IFERROR(TRUNC(AVERAGE(O11,P11,Q11),1),"")) | S11: =IF(MAESTRO!B11="","",IF(AND(F11="",J11="",N11="",R11=""),"",IF(Y(OR(F11="",F11>=3),OR(J11="",J11>=3),OR(N11="",N11>=3),OR(R11="",R11>=3)),"✓ APROBADO","✗ REPROBADO")))
A12: 8 | B12: =MAESTRO!B12 -> 0 | C12: =IF(MAESTRO!B12="","",IFERROR('PROM (Ingles 7°)'!AE12,"")) | D12: =IF(MAESTRO!B12="","",IFERROR('PROM (Ingles 7°)'!BM12,"")) | E12: =IF(MAESTRO!B12="","",IFERROR('PROM (Ingles 7°)'!CU12,"")) | F12: =IF(MAESTRO!B12="","",IFERROR(TRUNC(AVERAGE(C12,D12,E12),1),"")) | G12: =IF(MAESTRO!B12="","",IFERROR('PROM (Agropecuaria 7°)'!AE12,"")) | H12: =IF(MAESTRO!B12="","",IFERROR('PROM (Agropecuaria 7°)'!BM12,"")) | I12: =IF(MAESTRO!B12="","",IFERROR('PROM (Agropecuaria 7°)'!CU12,"")) | J12: =IF(MAESTRO!B12="","",IFERROR(TRUNC(AVERAGE(G12,H12,I12),1),"")) | K12: =IF(MAESTRO!B12="","",IFERROR('PROM (Hogar y Desarrollo 7°)'!AE12,"")) | L12: =IF(MAESTRO!B12="","",IFERROR('PROM (Hogar y Desarrollo 7°)'!BM12,"")) | M12: =IF(MAESTRO!B12="","",IFERROR('PROM (Hogar y Desarrollo 7°)'!CU12,"")) | N12: =IF(MAESTRO!B12="","",IFERROR(TRUNC(AVERAGE(K12,L12,M12),1),"")) | O12: =IF(MAESTRO!B12="","",IFERROR(AVERAGE(G12,K12),"")) | P12: =IF(MAESTRO!B12="","",IFERROR(AVERAGE(H12,L12),"")) | Q12: =IF(MAESTRO!B12="","",IFERROR(AVERAGE(I12,M12),"")) | R12: =IF(MAESTRO!B12="","",IFERROR(TRUNC(AVERAGE(O12,P12,Q12),1),"")) | S12: =IF(MAESTRO!B12="","",IF(AND(F12="",J12="",N12="",R12=""),"",IF(Y(OR(F12="",F12>=3),OR(J12="",J12>=3),OR(N12="",N12>=3),OR(R12="",R12>=3)),"✓ APROBADO","✗ REPROBADO")))
A13: 9 | B13: =MAESTRO!B13 -> 0 | C13: =IF(MAESTRO!B13="","",IFERROR('PROM (Ingles 7°)'!AE13,"")) | D13: =IF(MAESTRO!B13="","",IFERROR('PROM (Ingles 7°)'!BM13,"")) | E13: =IF(MAESTRO!B13="","",IFERROR('PROM (Ingles 7°)'!CU13,"")) | F13: =IF(MAESTRO!B13="","",IFERROR(TRUNC(AVERAGE(C13,D13,E13),1),"")) | G13: =IF(MAESTRO!B13="","",IFERROR('PROM (Agropecuaria 7°)'!AE13,"")) | H13: =IF(MAESTRO!B13="","",IFERROR('PROM (Agropecuaria 7°)'!BM13,"")) | I13: =IF(MAESTRO!B13="","",IFERROR('PROM (Agropecuaria 7°)'!CU13,"")) | J13: =IF(MAESTRO!B13="","",IFERROR(TRUNC(AVERAGE(G13,H13,I13),1),"")) | K13: =IF(MAESTRO!B13="","",IFERROR('PROM (Hogar y Desarrollo 7°)'!AE13,"")) | L13: =IF(MAESTRO!B13="","",IFERROR('PROM (Hogar y Desarrollo 7°)'!BM13,"")) | M13: =IF(MAESTRO!B13="","",IFERROR('PROM (Hogar y Desarrollo 7°)'!CU13,"")) | N13: =IF(MAESTRO!B13="","",IFERROR(TRUNC(AVERAGE(K13,L13,M13),1),"")) | O13: =IF(MAESTRO!B13="","",IFERROR(AVERAGE(G13,K13),"")) | P13: =IF(MAESTRO!B13="","",IFERROR(AVERAGE(H13,L13),"")) | Q13: =IF(MAESTRO!B13="","",IFERROR(AVERAGE(I13,M13),"")) | R13: =IF(MAESTRO!B13="","",IFERROR(TRUNC(AVERAGE(O13,P13,Q13),1),"")) | S13: =IF(MAESTRO!B13="","",IF(AND(F13="",J13="",N13="",R13=""),"",IF(Y(OR(F13="",F13>=3),OR(J13="",J13>=3),OR(N13="",N13>=3),OR(R13="",R13>=3)),"✓ APROBADO","✗ REPROBADO")))
A14: 10 | B14: =MAESTRO!B14 -> 0 | C14: =IF(MAESTRO!B14="","",IFERROR('PROM (Ingles 7°)'!AE14,"")) | D14: =IF(MAESTRO!B14="","",IFERROR('PROM (Ingles 7°)'!BM14,"")) | E14: =IF(MAESTRO!B14="","",IFERROR('PROM (Ingles 7°)'!CU14,"")) | F14: =IF(MAESTRO!B14="","",IFERROR(TRUNC(AVERAGE(C14,D14,E14),1),"")) | G14: =IF(MAESTRO!B14="","",IFERROR('PROM (Agropecuaria 7°)'!AE14,"")) | H14: =IF(MAESTRO!B14="","",IFERROR('PROM (Agropecuaria 7°)'!BM14,"")) | I14: =IF(MAESTRO!B14="","",IFERROR('PROM (Agropecuaria 7°)'!CU14,"")) | J14: =IF(MAESTRO!B14="","",IFERROR(TRUNC(AVERAGE(G14,H14,I14),1),"")) | K14: =IF(MAESTRO!B14="","",IFERROR('PROM (Hogar y Desarrollo 7°)'!AE14,"")) | L14: =IF(MAESTRO!B14="","",IFERROR('PROM (Hogar y Desarrollo 7°)'!BM14,"")) | M14: =IF(MAESTRO!B14="","",IFERROR('PROM (Hogar y Desarrollo 7°)'!CU14,"")) | N14: =IF(MAESTRO!B14="","",IFERROR(TRUNC(AVERAGE(K14,L14,M14),1),"")) | O14: =IF(MAESTRO!B14="","",IFERROR(AVERAGE(G14,K14),"")) | P14: =IF(MAESTRO!B14="","",IFERROR(AVERAGE(H14,L14),"")) | Q14: =IF(MAESTRO!B14="","",IFERROR(AVERAGE(I14,M14),"")) | R14: =IF(MAESTRO!B14="","",IFERROR(TRUNC(AVERAGE(O14,P14,Q14),1),"")) | S14: =IF(MAESTRO!B14="","",IF(AND(F14="",J14="",N14="",R14=""),"",IF(Y(OR(F14="",F14>=3),OR(J14="",J14>=3),OR(N14="",N14>=3),OR(R14="",R14>=3)),"✓ APROBADO","✗ REPROBADO")))
A15: 11 | B15: =MAESTRO!B15 -> 0 | C15: =IF(MAESTRO!B15="","",IFERROR('PROM (Ingles 7°)'!AE15,"")) | D15: =IF(MAESTRO!B15="","",IFERROR('PROM (Ingles 7°)'!BM15,"")) | E15: =IF(MAESTRO!B15="","",IFERROR('PROM (Ingles 7°)'!CU15,"")) | F15: =IF(MAESTRO!B15="","",IFERROR(TRUNC(AVERAGE(C15,D15,E15),1),"")) | G15: =IF(MAESTRO!B15="","",IFERROR('PROM (Agropecuaria 7°)'!AE15,"")) | H15: =IF(MAESTRO!B15="","",IFERROR('PROM (Agropecuaria 7°)'!BM15,"")) | I15: =IF(MAESTRO!B15="","",IFERROR('PROM (Agropecuaria 7°)'!CU15,"")) | J15: =IF(MAESTRO!B15="","",IFERROR(TRUNC(AVERAGE(G15,H15,I15),1),"")) | K15: =IF(MAESTRO!B15="","",IFERROR('PROM (Hogar y Desarrollo 7°)'!AE15,"")) | L15: =IF(MAESTRO!B15="","",IFERROR('PROM (Hogar y Desarrollo 7°)'!BM15,"")) | M15: =IF(MAESTRO!B15="","",IFERROR('PROM (Hogar y Desarrollo 7°)'!CU15,"")) | N15: =IF(MAESTRO!B15="","",IFERROR(TRUNC(AVERAGE(K15,L15,M15),1),"")) | O15: =IF(MAESTRO!B15="","",IFERROR(AVERAGE(G15,K15),"")) | P15: =IF(MAESTRO!B15="","",IFERROR(AVERAGE(H15,L15),"")) | Q15: =IF(MAESTRO!B15="","",IFERROR(AVERAGE(I15,M15),"")) | R15: =IF(MAESTRO!B15="","",IFERROR(TRUNC(AVERAGE(O15,P15,Q15),1),"")) | S15: =IF(MAESTRO!B15="","",IF(AND(F15="",J15="",N15="",R15=""),"",IF(Y(OR(F15="",F15>=3),OR(J15="",J15>=3),OR(N15="",N15>=3),OR(R15="",R15>=3)),"✓ APROBADO","✗ REPROBADO")))
A16: 12 | B16: =MAESTRO!B16 -> 0 | C16: =IF(MAESTRO!B16="","",IFERROR('PROM (Ingles 7°)'!AE16,"")) | D16: =IF(MAESTRO!B16="","",IFERROR('PROM (Ingles 7°)'!BM16,"")) | E16: =IF(MAESTRO!B16="","",IFERROR('PROM (Ingles 7°)'!CU16,"")) | F16: =IF(MAESTRO!B16="","",IFERROR(TRUNC(AVERAGE(C16,D16,E16),1),"")) | G16: =IF(MAESTRO!B16="","",IFERROR('PROM (Agropecuaria 7°)'!AE16,"")) | H16: =IF(MAESTRO!B16="","",IFERROR('PROM (Agropecuaria 7°)'!BM16,"")) | I16: =IF(MAESTRO!B16="","",IFERROR('PROM (Agropecuaria 7°)'!CU16,"")) | J16: =IF(MAESTRO!B16="","",IFERROR(TRUNC(AVERAGE(G16,H16,I16),1),"")) | K16: =IF(MAESTRO!B16="","",IFERROR('PROM (Hogar y Desarrollo 7°)'!AE16,"")) | L16: =IF(MAESTRO!B16="","",IFERROR('PROM (Hogar y Desarrollo 7°)'!BM16,"")) | M16: =IF(MAESTRO!B16="","",IFERROR('PROM (Hogar y Desarrollo 7°)'!CU16,"")) | N16: =IF(MAESTRO!B16="","",IFERROR(TRUNC(AVERAGE(K16,L16,M16),1),"")) | O16: =IF(MAESTRO!B16="","",IFERROR(AVERAGE(G16,K16),"")) | P16: =IF(MAESTRO!B16="","",IFERROR(AVERAGE(H16,L16),"")) | Q16: =IF(MAESTRO!B16="","",IFERROR(AVERAGE(I16,M16),"")) | R16: =IF(MAESTRO!B16="","",IFERROR(TRUNC(AVERAGE(O16,P16,Q16),1),"")) | S16: =IF(MAESTRO!B16="","",IF(AND(F16="",J16="",N16="",R16=""),"",IF(Y(OR(F16="",F16>=3),OR(J16="",J16>=3),OR(N16="",N16>=3),OR(R16="",R16>=3)),"✓ APROBADO","✗ REPROBADO")))
... A44: 40 | B44: =MAESTRO!B44 -> 0 | C44: =IF(MAESTRO!B44="","",IFERROR('PROM (Ingles 7°)'!AE44,"")) | D44: =IF(MAESTRO!B44="","",IFERROR('PROM (Ingles 7°)'!BM44,"")) | E44: =IF(MAESTRO!B44="","",IFERROR('PROM (Ingles 7°)'!CU44,"")) | F44: =IF(MAESTRO!B44="","",IFERROR(TRUNC(AVERAGE(C44,D44,E44),1),"")) | G44: =IF(MAESTRO!B44="","",IFERROR('PROM (Agropecuaria 7°)'!AE44,"")) | H44: =IF(MAESTRO!B44="","",IFERROR('PROM (Agropecuaria 7°)'!BM44,"")) | I44: =IF(MAESTRO!B44="","",IFERROR('PROM (Agropecuaria 7°)'!CU44,"")) | J44: =IF(MAESTRO!B44="","",IFERROR(TRUNC(AVERAGE(G44,H44,I44),1),"")) | K44: =IF(MAESTRO!B44="","",IFERROR('PROM (Hogar y Desarrollo 7°)'!AE44,"")) | L44: =IF(MAESTRO!B44="","",IFERROR('PROM (Hogar y Desarrollo 7°)'!BM44,"")) | M44: =IF(MAESTRO!B44="","",IFERROR('PROM (Hogar y Desarrollo 7°)'!CU44,"")) | N44: =IF(MAESTRO!B44="","",IFERROR(TRUNC(AVERAGE(K44,L44,M44),1),"")) | O44: =IF(MAESTRO!B44="","",IFERROR(AVERAGE(G44,K44),"")) | P44: =IF(MAESTRO!B44="","",IFERROR(AVERAGE(H44,L44),"")) | Q44: =IF(MAESTRO!B44="","",IFERROR(AVERAGE(I44,M44),"")) | R44: =IF(MAESTRO!B44="","",IFERROR(TRUNC(AVERAGE(O44,P44,Q44),1),"")) | S44: =IF(MAESTRO!B44="","",IF(AND(F44="",J44="",N44="",R44=""),"",IF(Y(OR(F44="",F44>=3),OR(J44="",J44>=3),OR(N44="",N44>=3),OR(R44="",R44>=3)),"✓ APROBADO","✗ REPROBADO")))
A46: PROMEDIO DEL GRUPO | C46: =IFERROR(ROUND(AVERAGEIF(C5:C44,"<>"&""),1),"") | D46: =IFERROR(ROUND(AVERAGEIF(D5:D44,"<>"&""),1),"") | E46: =IFERROR(ROUND(AVERAGEIF(E5:E44,"<>"&""),1),"") | F46: =IFERROR(ROUND(AVERAGEIF(F5:F44,"<>"&""),1),"") | G46: =IFERROR(ROUND(AVERAGEIF(G5:G44,"<>"&""),1),"") | H46: =IFERROR(ROUND(AVERAGEIF(H5:H44,"<>"&""),1),"") | I46: =IFERROR(ROUND(AVERAGEIF(I5:I44,"<>"&""),1),"") | J46: =IFERROR(ROUND(AVERAGEIF(J5:J44,"<>"&""),1),"") | ... R46: =IFERROR(ROUND(AVERAGEIF(R5:R44,"<>"&""),1),"")

Sheet RESUMEN_8°
A1: CUADRO DE NOTAS FINALES — 8° GRADO · ESCUELA CERRO CACICÓN 2026
A2: Nota: Las calificaciones se obtienen automáticamente de las hojas PROM de cada materia
A3: No. | B3: APELLIDO, NOMBRE | C3: INGLÉS | G3: AGROPECUARIA | K3: COMERCIO | O3: TECNOLOGÍA | S3: ESTADO
C4: T1 | D4: T2 | E4: T3 | F4: FINAL | G4: T1 | H4: T2 | I4: T3 | J4: FINAL | K4: T1 | L4: T2 | M4: T3 | N4: FINAL | O4: T1 | P4: T2 | Q4: T3 | R4: FINAL
A5: 1 | B5: =MAESTRO!D5 -> 0 | C5: =IF(MAESTRO!D5="","",IFERROR('PROM (Ingles 8°)'!AE5,"")) | D5: =IF(MAESTRO!D5="","",IFERROR('PROM (Ingles 8°)'!BM5,"")) | E5: =IF(MAESTRO!D5="","",IFERROR('PROM (Ingles 8°)'!CU5,"")) | F5: =IF(MAESTRO!D5="","",IFERROR(TRUNC(AVERAGE(C5,D5,E5),1),"")) | G5: =IF(MAESTRO!D5="","",IFERROR('PROM (Agropecuaria 8°)'!AE5,"")) | H5: =IF(MAESTRO!D5="","",IFERROR('PROM (Agropecuaria 8°)'!BM5,"")) | I5: =IF(MAESTRO!D5="","",IFERROR('PROM (Agropecuaria 8°)'!CU5,"")) | J5: =IF(MAESTRO!D5="","",IFERROR(TRUNC(AVERAGE(G5,H5,I5),1),"")) | K5: =IF(MAESTRO!D5="","",IFERROR('PROM (Comercio 8°)'!AE5,"")) | L5: =IF(MAESTRO!D5="","",IFERROR('PROM (Comercio 8°)'!BM5,"")) | M5: =IF(MAESTRO!D5="","",IFERROR('PROM (Comercio 8°)'!CU5,"")) | N5: =IF(MAESTRO!D5="","",IFERROR(TRUNC(AVERAGE(K5,L5,M5),1),"")) | O5: =IF(MAESTRO!D5="","",IFERROR(AVERAGE(G5,K5),"")) | P5: =IF(MAESTRO!D5="","",IFERROR(AVERAGE(H5,L5),"")) | Q5: =IF(MAESTRO!D5="","",IFERROR(AVERAGE(I5,M5),"")) | R5: =IF(MAESTRO!D5="","",IFERROR(TRUNC(AVERAGE(O5,P5,Q5),1),"")) | S5: =IF(MAESTRO!D5="","",IF(AND(F5="",J5="",N5="",R5=""),"",IF(Y(OR(F5="",F5>=3),OR(J5="",J5>=3),OR(N5="",N5>=3),OR(R5="",R5>=3)),"✓ APROBADO","✗ REPROBADO")))
A6: 2 | B6: =MAESTRO!D6 -> 0 | C6: =IF(MAESTRO!D6="","",IFERROR('PROM (Ingles 8°)'!AE6,"")) | D6: =IF(MAESTRO!D6="","",IFERROR('PROM (Ingles 8°)'!BM6,"")) | E6: =IF(MAESTRO!D6="","",IFERROR('PROM (Ingles 8°)'!CU6,"")) | F6: =IF(MAESTRO!D6="","",IFERROR(TRUNC(AVERAGE(C6,D6,E6),1),"")) | G6: =IF(MAESTRO!D6="","",IFERROR('PROM (Agropecuaria 8°)'!AE6,"")) | H6: =IF(MAESTRO!D6="","",IFERROR('PROM (Agropecuaria 8°)'!BM6,"")) | I6: =IF(MAESTRO!D6="","",IFERROR('PROM (Agropecuaria 8°)'!CU6,"")) | J6: =IF(MAESTRO!D6="","",IFERROR(TRUNC(AVERAGE(G6,H6,I6),1),"")) | K6: =IF(MAESTRO!D6="","",IFERROR('PROM (Comercio 8°)'!AE6,"")) | L6: =IF(MAESTRO!D6="","",IFERROR('PROM (Comercio 8°)'!BM6,"")) | M6: =IF(MAESTRO!D6="","",IFERROR('PROM (Comercio 8°)'!CU6,"")) | N6: =IF(MAESTRO!D6="","",IFERROR(TRUNC(AVERAGE(K6,L6,M6),1),"")) | O6: =IF(MAESTRO!D6="","",IFERROR(AVERAGE(G6,K6),"")) | P6: =IF(MAESTRO!D6="","",IFERROR(AVERAGE(H6,L6),"")) | Q6: =IF(MAESTRO!D6="","",IFERROR(AVERAGE(I6,M6),"")) | R6: =IF(MAESTRO!D6="","",IFERROR(TRUNC(AVERAGE(O6,P6,Q6),1),"")) | S6: =IF(MAESTRO!D6="","",IF(AND(F6="",J6="",N6="",R6=""),"",IF(Y(OR(F6="",F6>=3),OR(J6="",J6>=3),OR(N6="",N6>=3),OR(R6="",R6>=3)),"✓ APROBADO","✗ REPROBADO")))
A7: 3 | B7: =MAESTRO!D7 -> 0 | C7: =IF(MAESTRO!D7="","",IFERROR('PROM (Ingles 8°)'!AE7,"")) | D7: =IF(MAESTRO!D7="","",IFERROR('PROM (Ingles 8°)'!BM7,"")) | E7: =IF(MAESTRO!D7="","",IFERROR('PROM (Ingles 8°)'!CU7,"")) | F7: =IF(MAESTRO!D7="","",IFERROR(TRUNC(AVERAGE(C7,D7,E7),1),"")) | G7: =IF(MAESTRO!D7="","",IFERROR('PROM (Agropecuaria 8°)'!AE7,"")) | H7: =IF(MAESTRO!D7="","",IFERROR('PROM (Agropecuaria 8°)'!BM7,"")) | I7: =IF(MAESTRO!D7="","",IFERROR('PROM (Agropecuaria 8°)'!CU7,"")) | J7: =IF(MAESTRO!D7="","",IFERROR(TRUNC(AVERAGE(G7,H7,I7),1),"")) | K7: =IF(MAESTRO!D7="","",IFERROR('PROM (Comercio 8°)'!AE7,"")) | L7: =IF(MAESTRO!D7="","",IFERROR('PROM (Comercio 8°)'!BM7,"")) | M7: =IF(MAESTRO!D7="","",IFERROR('PROM (Comercio 8°)'!CU7,"")) | N7: =IF(MAESTRO!D7="","",IFERROR(TRUNC(AVERAGE(K7,L7,M7),1),"")) | O7: =IF(MAESTRO!D7="","",IFERROR(AVERAGE(G7,K7),"")) | P7: =IF(MAESTRO!D7="","",IFERROR(AVERAGE(H7,L7),"")) | Q7: =IF(MAESTRO!D7="","",IFERROR(AVERAGE(I7,M7),"")) | R7: =IF(MAESTRO!D7="","",IFERROR(TRUNC(AVERAGE(O7,P7,Q7),1),"")) | S7: =IF(MAESTRO!D7="","",IF(AND(F7="",J7="",N7="",R7=""),"",IF(Y(OR(F7="",F7>=3),OR(J7="",J7>=3),OR(N7="",N7>=3),OR(R7="",R7>=3)),"✓ APROBADO","✗ REPROBADO")))
A8: 4 | B8: =MAESTRO!D8 -> 0 | C8: =IF(MAESTRO!D8="","",IFERROR('PROM (Ingles 8°)'!AE8,"")) | D8: =IF(MAESTRO!D8="","",IFERROR('PROM (Ingles 8°)'!BM8,"")) | E8: =IF(MAESTRO!D8="","",IFERROR('PROM (Ingles 8°)'!CU8,"")) | F8: =IF(MAESTRO!D8="","",IFERROR(TRUNC(AVERAGE(C8,D8,E8),1),"")) | G8: =IF(MAESTRO!D8="","",IFERROR('PROM (Agropecuaria 8°)'!AE8,"")) | H8: =IF(MAESTRO!D8="","",IFERROR('PROM (Agropecuaria 8°)'!BM8,"")) | I8: =IF(MAESTRO!D8="","",IFERROR('PROM (Agropecuaria 8°)'!CU8,"")) | J8: =IF(MAESTRO!D8="","",IFERROR(TRUNC(AVERAGE(G8,H8,I8),1),"")) | K8: =IF(MAESTRO!D8="","",IFERROR('PROM (Comercio 8°)'!AE8,"")) | L8: =IF(MAESTRO!D8="","",IFERROR('PROM (Comercio 8°)'!BM8,"")) | M8: =IF(MAESTRO!D8="","",IFERROR('PROM (Comercio 8°)'!CU8,"")) | N8: =IF(MAESTRO!D8="","",IFERROR(TRUNC(AVERAGE(K8,L8,M8),1),"")) | O8: =IF(MAESTRO!D8="","",IFERROR(AVERAGE(G8,K8),"")) | P8: =IF(MAESTRO!D8="","",IFERROR(AVERAGE(H8,L8),"")) | Q8: =IF(MAESTRO!D8="","",IFERROR(AVERAGE(I8,M8),"")) | R8: =IF(MAESTRO!D8="","",IFERROR(TRUNC(AVERAGE(O8,P8,Q8),1),"")) | S8: =IF(MAESTRO!D8="","",IF(AND(F8="",J8="",N8="",R8=""),"",IF(Y(OR(F8="",F8>=3),OR(J8="",J8>=3),OR(N8="",N8>=3),OR(R8="",R8>=3)),"✓ APROBADO","✗ REPROBADO")))
A9: 5 | B9: =MAESTRO!D9 -> 0 | C9: =IF(MAESTRO!D9="","",IFERROR('PROM (Ingles 8°)'!AE9,"")) | D9: =IF(MAESTRO!D9="","",IFERROR('PROM (Ingles 8°)'!BM9,"")) | E9: =IF(MAESTRO!D9="","",IFERROR('PROM (Ingles 8°)'!CU9,"")) | F9: =IF(MAESTRO!D9="","",IFERROR(TRUNC(AVERAGE(C9,D9,E9),1),"")) | G9: =IF(MAESTRO!D9="","",IFERROR('PROM (Agropecuaria 8°)'!AE9,"")) | H9: =IF(MAESTRO!D9="","",IFERROR('PROM (Agropecuaria 8°)'!BM9,"")) | I9: =IF(MAESTRO!D9="","",IFERROR('PROM (Agropecuaria 8°)'!CU9,"")) | J9: =IF(MAESTRO!D9="","",IFERROR(TRUNC(AVERAGE(G9,H9,I9),1),"")) | K9: =IF(MAESTRO!D9="","",IFERROR('PROM (Comercio 8°)'!AE9,"")) | L9: =IF(MAESTRO!D9="","",IFERROR('PROM (Comercio 8°)'!BM9,"")) | M9: =IF(MAESTRO!D9="","",IFERROR('PROM (Comercio 8°)'!CU9,"")) | N9: =IF(MAESTRO!D9="","",IFERROR(TRUNC(AVERAGE(K9,L9,M9),1),"")) | O9: =IF(MAESTRO!D9="","",IFERROR(AVERAGE(G9,K9),"")) | P9: =IF(MAESTRO!D9="","",IFERROR(AVERAGE(H9,L9),"")) | Q9: =IF(MAESTRO!D9="","",IFERROR(AVERAGE(I9,M9),"")) | R9: =IF(MAESTRO!D9="","",IFERROR(TRUNC(AVERAGE(O9,P9,Q9),1),"")) | S9: =IF(MAESTRO!D9="","",IF(AND(F9="",J9="",N9="",R9=""),"",IF(Y(OR(F9="",F9>=3),OR(J9="",J9>=3),OR(N9="",N9>=3),OR(R9="",R9>=3)),"✓ APROBADO","✗ REPROBADO")))
A10: 6 | B10: =MAESTRO!D10 -> 0 | C10: =IF(MAESTRO!D10="","",IFERROR('PROM (Ingles 8°)'!AE10,"")) | D10: =IF(MAESTRO!D10="","",IFERROR('PROM (Ingles 8°)'!BM10,"")) | E10: =IF(MAESTRO!D10="","",IFERROR('PROM (Ingles 8°)'!CU10,"")) | F10: =IF(MAESTRO!D10="","",IFERROR(TRUNC(AVERAGE(C10,D10,E10),1),"")) | G10: =IF(MAESTRO!D10="","",IFERROR('PROM (Agropecuaria 8°)'!AE10,"")) | H10: =IF(MAESTRO!D10="","",IFERROR('PROM (Agropecuaria 8°)'!BM10,"")) | I10: =IF(MAESTRO!D10="","",IFERROR('PROM (Agropecuaria 8°)'!CU10,"")) | J10: =IF(MAESTRO!D10="","",IFERROR(TRUNC(AVERAGE(G10,H10,I10),1),"")) | K10: =IF(MAESTRO!D10="","",IFERROR('PROM (Comercio 8°)'!AE10,"")) | L10: =IF(MAESTRO!D10="","",IFERROR('PROM (Comercio 8°)'!BM10,"")) | M10: =IF(MAESTRO!D10="","",IFERROR('PROM (Comercio 8°)'!CU10,"")) | N10: =IF(MAESTRO!D10="","",IFERROR(TRUNC(AVERAGE(K10,L10,M10),1),"")) | O10: =IF(MAESTRO!D10="","",IFERROR(AVERAGE(G10,K10),"")) | P10: =IF(MAESTRO!D10="","",IFERROR(AVERAGE(H10,L10),"")) | Q10: =IF(MAESTRO!D10="","",IFERROR(AVERAGE(I10,M10),"")) | R10: =IF(MAESTRO!D10="","",IFERROR(TRUNC(AVERAGE(O10,P10,Q10),1),"")) | S10: =IF(MAESTRO!D10="","",IF(AND(F10="",J10="",N10="",R10=""),"",IF(Y(OR(F10="",F10>=3),OR(J10="",J10>=3),OR(N10="",N10>=3),OR(R10="",R10>=3)),"✓ APROBADO","✗ REPROBADO")))
A11: 7 | B11: =MAESTRO!D11 -> 0 | C11: =IF(MAESTRO!D11="","",IFERROR('PROM (Ingles 8°)'!AE11,"")) | D11: =IF(MAESTRO!D11="","",IFERROR('PROM (Ingles 8°)'!BM11,"")) | E11: =IF(MAESTRO!D11="","",IFERROR('PROM (Ingles 8°)'!CU11,"")) | F11: =IF(MAESTRO!D11="","",IFERROR(TRUNC(AVERAGE(C11,D11,E11),1),"")) | G11: =IF(MAESTRO!D11="","",IFERROR('PROM (Agropecuaria 8°)'!AE11,"")) | H11: =IF(MAESTRO!D11="","",IFERROR('PROM (Agropecuaria 8°)'!BM11,"")) | I11: =IF(MAESTRO!D11="","",IFERROR('PROM (Agropecuaria 8°)'!CU11,"")) | J11: =IF(MAESTRO!D11="","",IFERROR(TRUNC(AVERAGE(G11,H11,I11),1),"")) | K11: =IF(MAESTRO!D11="","",IFERROR('PROM (Comercio 8°)'!AE11,"")) | L11: =IF(MAESTRO!D11="","",IFERROR('PROM (Comercio 8°)'!BM11,"")) | M11: =IF(MAESTRO!D11="","",IFERROR('PROM (Comercio 8°)'!CU11,"")) | N11: =IF(MAESTRO!D11="","",IFERROR(TRUNC(AVERAGE(K11,L11,M11),1),"")) | O11: =IF(MAESTRO!D11="","",IFERROR(AVERAGE(G11,K11),"")) | P11: =IF(MAESTRO!D11="","",IFERROR(AVERAGE(H11,L11),"")) | Q11: =IF(MAESTRO!D11="","",IFERROR(AVERAGE(I11,M11),"")) | R11: =IF(MAESTRO!D11="","",IFERROR(TRUNC(AVERAGE(O11,P11,Q11),1),"")) | S11: =IF(MAESTRO!D11="","",IF(AND(F11="",J11="",N11="",R11=""),"",IF(Y(OR(F11="",F11>=3),OR(J11="",J11>=3),OR(N11="",N11>=3),OR(R11="",R11>=3)),"✓ APROBADO","✗ REPROBADO")))
A12: 8 | B12: =MAESTRO!D12 -> 0 | C12: =IF(MAESTRO!D12="","",IFERROR('PROM (Ingles 8°)'!AE12,"")) | D12: =IF(MAESTRO!D12="","",IFERROR('PROM (Ingles 8°)'!BM12,"")) | E12: =IF(MAESTRO!D12="","",IFERROR('PROM (Ingles 8°)'!CU12,"")) | F12: =IF(MAESTRO!D12="","",IFERROR(TRUNC(AVERAGE(C12,D12,E12),1),"")) | G12: =IF(MAESTRO!D12="","",IFERROR('PROM (Agropecuaria 8°)'!AE12,"")) | H12: =IF(MAESTRO!D12="","",IFERROR('PROM (Agropecuaria 8°)'!BM12,"")) | I12: =IF(MAESTRO!D12="","",IFERROR('PROM (Agropecuaria 8°)'!CU12,"")) | J12: =IF(MAESTRO!D12="","",IFERROR(TRUNC(AVERAGE(G12,H12,I12),1),"")) | K12: =IF(MAESTRO!D12="","",IFERROR('PROM (Comercio 8°)'!AE12,"")) | L12: =IF(MAESTRO!D12="","",IFERROR('PROM (Comercio 8°)'!BM12,"")) | M12: =IF(MAESTRO!D12="","",IFERROR('PROM (Comercio 8°)'!CU12,"")) | N12: =IF(MAESTRO!D12="","",IFERROR(TRUNC(AVERAGE(K12,L12,M12),1),"")) | O12: =IF(MAESTRO!D12="","",IFERROR(AVERAGE(G12,K12),"")) | P12: =IF(MAESTRO!D12="","",IFERROR(AVERAGE(H12,L12),"")) | Q12: =IF(MAESTRO!D12="","",IFERROR(AVERAGE(I12,M12),"")) | R12: =IF(MAESTRO!D12="","",IFERROR(TRUNC(AVERAGE(O12,P12,Q12),1),"")) | S12: =IF(MAESTRO!D12="","",IF(AND(F12="",J12="",N12="",R12=""),"",IF(Y(OR(F12="",F12>=3),OR(J12="",J12>=3),OR(N12="",N12>=3),OR(R12="",R12>=3)),"✓ APROBADO","✗ REPROBADO")))
A13: 9 | B13: =MAESTRO!D13 -> 0 | C13: =IF(MAESTRO!D13="","",IFERROR('PROM (Ingles 8°)'!AE13,"")) | D13: =IF(MAESTRO!D13="","",IFERROR('PROM (Ingles 8°)'!BM13,"")) | E13: =IF(MAESTRO!D13="","",IFERROR('PROM (Ingles 8°)'!CU13,"")) | F13: =IF(MAESTRO!D13="","",IFERROR(TRUNC(AVERAGE(C13,D13,E13),1),"")) | G13: =IF(MAESTRO!D13="","",IFERROR('PROM (Agropecuaria 8°)'!AE13,"")) | H13: =IF(MAESTRO!D13="","",IFERROR('PROM (Agropecuaria 8°)'!BM13,"")) | I13: =IF(MAESTRO!D13="","",IFERROR('PROM (Agropecuaria 8°)'!CU13,"")) | J13: =IF(MAESTRO!D13="","",IFERROR(TRUNC(AVERAGE(G13,H13,I13),1),"")) | K13: =IF(MAESTRO!D13="","",IFERROR('PROM (Comercio 8°)'!AE13,"")) | L13: =IF(MAESTRO!D13="","",IFERROR('PROM (Comercio 8°)'!BM13,"")) | M13: =IF(MAESTRO!D13="","",IFERROR('PROM (Comercio 8°)'!CU13,"")) | N13: =IF(MAESTRO!D13="","",IFERROR(TRUNC(AVERAGE(K13,L13,M13),1),"")) | O13: =IF(MAESTRO!D13="","",IFERROR(AVERAGE(G13,K13),"")) | P13: =IF(MAESTRO!D13="","",IFERROR(AVERAGE(H13,L13),"")) | Q13: =IF(MAESTRO!D13="","",IFERROR(AVERAGE(I13,M13),"")) | R13: =IF(MAESTRO!D13="","",IFERROR(TRUNC(AVERAGE(O13,P13,Q13),1),"")) | S13: =IF(MAESTRO!D13="","",IF(AND(F13="",J13="",N13="",R13=""),"",IF(Y(OR(F13="",F13>=3),OR(J13="",J13>=3),OR(N13="",N13>=3),OR(R13="",R13>=3)),"✓ APROBADO","✗ REPROBADO")))
A14: 10 | B14: =MAESTRO!D14 -> 0 | C14: =IF(MAESTRO!D14="","",IFERROR('PROM (Ingles 8°)'!AE14,"")) | D14: =IF(MAESTRO!D14="","",IFERROR('PROM (Ingles 8°)'!BM14,"")) | E14: =IF(MAESTRO!D14="","",IFERROR('PROM (Ingles 8°)'!CU14,"")) | F14: =IF(MAESTRO!D14="","",IFERROR(TRUNC(AVERAGE(C14,D14,E14),1),"")) | G14: =IF(MAESTRO!D14="","",IFERROR('PROM (Agropecuaria 8°)'!AE14,"")) | H14: =IF(MAESTRO!D14="","",IFERROR('PROM (Agropecuaria 8°)'!BM14,"")) | I14: =IF(MAESTRO!D14="","",IFERROR('PROM (Agropecuaria 8°)'!CU14,"")) | J14: =IF(MAESTRO!D14="","",IFERROR(TRUNC(AVERAGE(G14,H14,I14),1),"")) | K14: =IF(MAESTRO!D14="","",IFERROR('PROM (Comercio 8°)'!AE14,"")) | L14: =IF(MAESTRO!D14="","",IFERROR('PROM (Comercio 8°)'!BM14,"")) | M14: =IF(MAESTRO!D14="","",IFERROR('PROM (Comercio 8°)'!CU14,"")) | N14: =IF(MAESTRO!D14="","",IFERROR(TRUNC(AVERAGE(K14,L14,M14),1),"")) | O14: =IF(MAESTRO!D14="","",IFERROR(AVERAGE(G14,K14),"")) | P14: =IF(MAESTRO!D14="","",IFERROR(AVERAGE(H14,L14),"")) | Q14: =IF(MAESTRO!D14="","",IFERROR(AVERAGE(I14,M14),"")) | R14: =IF(MAESTRO!D14="","",IFERROR(TRUNC(AVERAGE(O14,P14,Q14),1),"")) | S14: =IF(MAESTRO!D14="","",IF(AND(F14="",J14="",N14="",R14=""),"",IF(Y(OR(F14="",F14>=3),OR(J14="",J14>=3),OR(N14="",N14>=3),OR(R14="",R14>=3)),"✓ APROBADO","✗ REPROBADO")))
A15: 11 | B15: =MAESTRO!D15 -> 0 | C15: =IF(MAESTRO!D15="","",IFERROR('PROM (Ingles 8°)'!AE15,"")) | D15: =IF(MAESTRO!D15="","",IFERROR('PROM (Ingles 8°)'!BM15,"")) | E15: =IF(MAESTRO!D15="","",IFERROR('PROM (Ingles 8°)'!CU15,"")) | F15: =IF(MAESTRO!D15="","",IFERROR(TRUNC(AVERAGE(C15,D15,E15),1),"")) | G15: =IF(MAESTRO!D15="","",IFERROR('PROM (Agropecuaria 8°)'!AE15,"")) | H15: =IF(MAESTRO!D15="","",IFERROR('PROM (Agropecuaria 8°)'!BM15,"")) | I15: =IF(MAESTRO!D15="","",IFERROR('PROM (Agropecuaria 8°)'!CU15,"")) | J15: =IF(MAESTRO!D15="","",IFERROR(TRUNC(AVERAGE(G15,H15,I15),1),"")) | K15: =IF(MAESTRO!D15="","",IFERROR('PROM (Comercio 8°)'!AE15,"")) | L15: =IF(MAESTRO!D15="","",IFERROR('PROM (Comercio 8°)'!BM15,"")) | M15: =IF(MAESTRO!D15="","",IFERROR('PROM (Comercio 8°)'!CU15,"")) | N15: =IF(MAESTRO!D15="","",IFERROR(TRUNC(AVERAGE(K15,L15,M15),1),"")) | O15: =IF(MAESTRO!D15="","",IFERROR(AVERAGE(G15,K15),"")) | P15: =IF(MAESTRO!D15="","",IFERROR(AVERAGE(H15,L15),"")) | Q15: =IF(MAESTRO!D15="","",IFERROR(AVERAGE(I15,M15),"")) | R15: =IF(MAESTRO!D15="","",IFERROR(TRUNC(AVERAGE(O15,P15,Q15),1),"")) | S15: =IF(MAESTRO!D15="","",IF(AND(F15="",J15="",N15="",R15=""),"",IF(Y(OR(F15="",F15>=3),OR(J15="",J15>=3),OR(N15="",N15>=3),OR(R15="",R15>=3)),"✓ APROBADO","✗ REPROBADO")))
A16: 12 | B16: =MAESTRO!D16 -> 0 | C16: =IF(MAESTRO!D16="","",IFERROR('PROM (Ingles 8°)'!AE16,"")) | D16: =IF(MAESTRO!D16="","",IFERROR('PROM (Ingles 8°)'!BM16,"")) | E16: =IF(MAESTRO!D16="","",IFERROR('PROM (Ingles 8°)'!CU16,"")) | F16: =IF(MAESTRO!D16="","",IFERROR(TRUNC(AVERAGE(C16,D16,E16),1),"")) | G16: =IF(MAESTRO!D16="","",IFERROR('PROM (Agropecuaria 8°)'!AE16,"")) | H16: =IF(MAESTRO!D16="","",IFERROR('PROM (Agropecuaria 8°)'!BM16,"")) | I16: =IF(MAESTRO!D16="","",IFERROR('PROM (Agropecuaria 8°)'!CU16,"")) | J16: =IF(MAESTRO!D16="","",IFERROR(TRUNC(AVERAGE(G16,H16,I16),1),"")) | K16: =IF(MAESTRO!D16="","",IFERROR('PROM (Comercio 8°)'!AE16,"")) | L16: =IF(MAESTRO!D16="","",IFERROR('PROM (Comercio 8°)'!BM16,"")) | M16: =IF(MAESTRO!D16="","",IFERROR('PROM (Comercio 8°)'!CU16,"")) | N16: =IF(MAESTRO!D16="","",IFERROR(TRUNC(AVERAGE(K16,L16,M16),1),"")) | O16: =IF(MAESTRO!D16="","",IFERROR(AVERAGE(G16,K16),"")) | P16: =IF(MAESTRO!D16="","",IFERROR(AVERAGE(H16,L16),"")) | Q16: =IF(MAESTRO!D16="","",IFERROR(AVERAGE(I16,M16),"")) | R16: =IF(MAESTRO!D16="","",IFERROR(TRUNC(AVERAGE(O16,P16,Q16),1),"")) | S16: =IF(MAESTRO!D16="","",IF(AND(F16="",J16="",N16="",R16=""),"",IF(Y(OR(F16="",F16>=3),OR(J16="",J16>=3),OR(N16="",N16>=3),OR(R16="",R16>=3)),"✓ APROBADO","✗ REPROBADO")))
... A44: 40 | B44: =MAESTRO!D44 -> 0 | C44: =IF(MAESTRO!D44="","",IFERROR('PROM (Ingles 8°)'!AE44,"")) | D44: =IF(MAESTRO!D44="","",IFERROR('PROM (Ingles 8°)'!BM44,"")) | E44: =IF(MAESTRO!D44="","",IFERROR('PROM (Ingles 8°)'!CU44,"")) | F44: =IF(MAESTRO!D44="","",IFERROR(TRUNC(AVERAGE(C44,D44,E44),1),"")) | G44: =IF(MAESTRO!D44="","",IFERROR('PROM (Agropecuaria 8°)'!AE44,"")) | H44: =IF(MAESTRO!D44="","",IFERROR('PROM (Agropecuaria 8°)'!BM44,"")) | I44: =IF(MAESTRO!D44="","",IFERROR('PROM (Agropecuaria 8°)'!CU44,"")) | J44: =IF(MAESTRO!D44="","",IFERROR(TRUNC(AVERAGE(G44,H44,I44),1),"")) | K44: =IF(MAESTRO!D44="","",IFERROR('PROM (Comercio 8°)'!AE44,"")) | L44: =IF(MAESTRO!D44="","",IFERROR('PROM (Comercio 8°)'!BM44,"")) | M44: =IF(MAESTRO!D44="","",IFERROR('PROM (Comercio 8°)'!CU44,"")) | N44: =IF(MAESTRO!D44="","",IFERROR(TRUNC(AVERAGE(K44,L44,M44),1),"")) | O44: =IF(MAESTRO!D44="","",IFERROR(AVERAGE(G44,K44),"")) | P44: =IF(MAESTRO!D44="","",IFERROR(AVERAGE(H44,L44),"")) | Q44: =IF(MAESTRO!D44="","",IFERROR(AVERAGE(I44,M44),"")) | R44: =IF(MAESTRO!D44="","",IFERROR(TRUNC(AVERAGE(O44,P44,Q44),1),"")) | S44: =IF(MAESTRO!D44="","",IF(AND(F44="",J44="",N44="",R44=""),"",IF(Y(OR(F44="",F44>=3),OR(J44="",J44>=3),OR(N44="",N44>=3),OR(R44="",R44>=3)),"✓ APROBADO","✗ REPROBADO")))
A46: PROMEDIO DEL GRUPO | C46: =IFERROR(ROUND(AVERAGEIF(C5:C44,"<>"&""),1),"") | D46: =IFERROR(ROUND(AVERAGEIF(D5:D44,"<>"&""),1),"") | E46: =IFERROR(ROUND(AVERAGEIF(E5:E44,"<>"&""),1),"") | F46: =IFERROR(ROUND(AVERAGEIF(F5:F44,"<>"&""),1),"") | G46: =IFERROR(ROUND(AVERAGEIF(G5:G44,"<>"&""),1),"") | H46: =IFERROR(ROUND(AVERAGEIF(H5:H44,"<>"&""),1),"") | I46: =IFERROR(ROUND(AVERAGEIF(I5:I44,"<>"&""),1),"") | J46: =IFERROR(ROUND(AVERAGEIF(J5:J44,"<>"&""),1),"") | ... R46: =IFERROR(ROUND(AVERAGEIF(R5:R44,"<>"&""),1),"")

Sheet RESUMEN_9°
A1: CUADRO DE NOTAS FINALES — 9° GRADO · ESCUELA CERRO CACICÓN 2026
A2: Nota: Las calificaciones se obtienen automáticamente de las hojas PROM de cada materia
A3: No. | B3: APELLIDO, NOMBRE | C3: INGLÉS | G3: AGROPECUARIA | K3: COMERCIO | O3: TECNOLOGÍA | S3: ED. ARTÍSTICA | W3: ESTADO
C4: T1 | D4: T2 | E4: T3 | F4: FINAL | G4: T1 | H4: T2 | I4: T3 | J4: FINAL | K4: T1 | L4: T2 | M4: T3 | N4: FINAL | O4: T1 | P4: T2 | Q4: T3 | R4: FINAL | S4: T1 | T4: T2 | U4: T3 | V4: FINAL
A5: 1 | B5: =MAESTRO!F5 -> 0 | C5: =IF(MAESTRO!F5="","",IFERROR('PROM (Ingles 9°)'!AE5,"")) | D5: =IF(MAESTRO!F5="","",IFERROR('PROM (Ingles 9°)'!BM5,"")) | E5: =IF(MAESTRO!F5="","",IFERROR('PROM (Ingles 9°)'!CU5,"")) | F5: =IF(MAESTRO!F5="","",IFERROR(TRUNC(AVERAGE(C5,D5,E5),1),"")) | G5: =IF(MAESTRO!F5="","",IFERROR('PROM (Agropecuaria 9°)'!AE5,"")) | H5: =IF(MAESTRO!F5="","",IFERROR('PROM (Agropecuaria 9°)'!BM5,"")) | I5: =IF(MAESTRO!F5="","",IFERROR('PROM (Agropecuaria 9°)'!CU5,"")) | J5: =IF(MAESTRO!F5="","",IFERROR(TRUNC(AVERAGE(G5,H5,I5),1),"")) | K5: =IF(MAESTRO!F5="","",IFERROR('PROM (Comercio 9°)'!AE5,"")) | L5: =IF(MAESTRO!F5="","",IFERROR('PROM (Comercio 9°)'!BM5,"")) | M5: =IF(MAESTRO!F5="","",IFERROR('PROM (Comercio 9°)'!CU5,"")) | N5: =IF(MAESTRO!F5="","",IFERROR(TRUNC(AVERAGE(K5,L5,M5),1),"")) | O5: =IF(MAESTRO!F5="","",IFERROR(AVERAGE(G5,K5),"")) | P5: =IF(MAESTRO!F5="","",IFERROR(AVERAGE(H5,L5),"")) | Q5: =IF(MAESTRO!F5="","",IFERROR(AVERAGE(I5,M5),"")) | R5: =IF(MAESTRO!F5="","",IFERROR(TRUNC(AVERAGE(O5,P5,Q5),1),"")) | S5: =IF(MAESTRO!F5="","",IFERROR('PROM (Artistica 9°)'!AE5,"")) | T5: =IF(MAESTRO!F5="","",IFERROR('PROM (Artistica 9°)'!BM5,"")) | U5: =IF(MAESTRO!F5="","",IFERROR('PROM (Artistica 9°)'!CU5,"")) | V5: =IF(MAESTRO!F5="","",IFERROR(TRUNC(AVERAGE(S5,T5,U5),1),"")) | W5: =IF(MAESTRO!F5="","",IF(AND(F5="",J5="",N5="",R5="",V5=""),"",IF(Y(OR(F5="",F5>=3),OR(J5="",J5>=3),OR(N5="",N5>=3),OR(R5="",R5>=3),OR(V5="",V5>=3)),"✓ APROBADO","✗ REPROBADO")))
A6: 2 | B6: =MAESTRO!F6 -> 0 | C6: =IF(MAESTRO!F6="","",IFERROR('PROM (Ingles 9°)'!AE6,"")) | D6: =IF(MAESTRO!F6="","",IFERROR('PROM (Ingles 9°)'!BM6,"")) | E6: =IF(MAESTRO!F6="","",IFERROR('PROM (Ingles 9°)'!CU6,"")) | F6: =IF(MAESTRO!F6="","",IFERROR(TRUNC(AVERAGE(C6,D6,E6),1),"")) | G6: =IF(MAESTRO!F6="","",IFERROR('PROM (Agropecuaria 9°)'!AE6,"")) | H6: =IF(MAESTRO!F6="","",IFERROR('PROM (Agropecuaria 9°)'!BM6,"")) | I6: =IF(MAESTRO!F6="","",IFERROR('PROM (Agropecuaria 9°)'!CU6,"")) | J6: =IF(MAESTRO!F6="","",IFERROR(TRUNC(AVERAGE(G6,H6,I6),1),"")) | K6: =IF(MAESTRO!F6="","",IFERROR('PROM (Comercio 9°)'!AE6,"")) | L6: =IF(MAESTRO!F6="","",IFERROR('PROM (Comercio 9°)'!BM6,"")) | M6: =IF(MAESTRO!F6="","",IFERROR('PROM (Comercio 9°)'!CU6,"")) | N6: =IF(MAESTRO!F6="","",IFERROR(TRUNC(AVERAGE(K6,L6,M6),1),"")) | O6: =IF(MAESTRO!F6="","",IFERROR(AVERAGE(G6,K6),"")) | P6: =IF(MAESTRO!F6="","",IFERROR(AVERAGE(H6,L6),"")) | Q6: =IF(MAESTRO!F6="","",IFERROR(AVERAGE(I6,M6),"")) | R6: =IF(MAESTRO!F6="","",IFERROR(TRUNC(AVERAGE(O6,P6,Q6),1),"")) | S6: =IF(MAESTRO!F6="","",IFERROR('PROM (Artistica 9°)'!AE6,"")) | T6: =IF(MAESTRO!F6="","",IFERROR('PROM (Artistica 9°)'!BM6,"")) | U6: =IF(MAESTRO!F6="","",IFERROR('PROM (Artistica 9°)'!CU6,"")) | V6: =IF(MAESTRO!F6="","",IFERROR(TRUNC(AVERAGE(S6,T6,U6),1),"")) | W6: =IF(MAESTRO!F6="","",IF(AND(F6="",J6="",N6="",R6="",V6=""),"",IF(Y(OR(F6="",F6>=3),OR(J6="",J6>=3),OR(N6="",N6>=3),OR(R6="",R6>=3),OR(V6="",V6>=3)),"✓ APROBADO","✗ REPROBADO")))
A7: 3 | B7: =MAESTRO!F7 -> 0 | C7: =IF(MAESTRO!F7="","",IFERROR('PROM (Ingles 9°)'!AE7,"")) | D7: =IF(MAESTRO!F7="","",IFERROR('PROM (Ingles 9°)'!BM7,"")) | E7: =IF(MAESTRO!F7="","",IFERROR('PROM (Ingles 9°)'!CU7,"")) | F7: =IF(MAESTRO!F7="","",IFERROR(TRUNC(AVERAGE(C7,D7,E7),1),"")) | G7: =IF(MAESTRO!F7="","",IFERROR('PROM (Agropecuaria 9°)'!AE7,"")) | H7: =IF(MAESTRO!F7="","",IFERROR('PROM (Agropecuaria 9°)'!BM7,"")) | I7: =IF(MAESTRO!F7="","",IFERROR('PROM (Agropecuaria 9°)'!CU7,"")) | J7: =IF(MAESTRO!F7="","",IFERROR(TRUNC(AVERAGE(G7,H7,I7),1),"")) | K7: =IF(MAESTRO!F7="","",IFERROR('PROM (Comercio 9°)'!AE7,"")) | L7: =IF(MAESTRO!F7="","",IFERROR('PROM (Comercio 9°)'!BM7,"")) | M7: =IF(MAESTRO!F7="","",IFERROR('PROM (Comercio 9°)'!CU7,"")) | N7: =IF(MAESTRO!F7="","",IFERROR(TRUNC(AVERAGE(K7,L7,M7),1),"")) | O7: =IF(MAESTRO!F7="","",IFERROR(AVERAGE(G7,K7),"")) | P7: =IF(MAESTRO!F7="","",IFERROR(AVERAGE(H7,L7),"")) | Q7: =IF(MAESTRO!F7="","",IFERROR(AVERAGE(I7,M7),"")) | R7: =IF(MAESTRO!F7="","",IFERROR(TRUNC(AVERAGE(O7,P7,Q7),1),"")) | S7: =IF(MAESTRO!F7="","",IFERROR('PROM (Artistica 9°)'!AE7,"")) | T7: =IF(MAESTRO!F7="","",IFERROR('PROM (Artistica 9°)'!BM7,"")) | U7: =IF(MAESTRO!F7="","",IFERROR('PROM (Artistica 9°)'!CU7,"")) | V7: =IF(MAESTRO!F7="","",IFERROR(TRUNC(AVERAGE(S7,T7,U7),1),"")) | W7: =IF(MAESTRO!F7="","",IF(AND(F7="",J7="",N7="",R7="",V7=""),"",IF(Y(OR(F7="",F7>=3),OR(J7="",J7>=3),OR(N7="",N7>=3),OR(R7="",R7>=3),OR(V7="",V7>=3)),"✓ APROBADO","✗ REPROBADO")))
A8: 4 | B8: =MAESTRO!F8 -> 0 | C8: =IF(MAESTRO!F8="","",IFERROR('PROM (Ingles 9°)'!AE8,"")) | D8: =IF(MAESTRO!F8="","",IFERROR('PROM (Ingles 9°)'!BM8,"")) | E8: =IF(MAESTRO!F8="","",IFERROR('PROM (Ingles 9°)'!CU8,"")) | F8: =IF(MAESTRO!F8="","",IFERROR(TRUNC(AVERAGE(C8,D8,E8),1),"")) | G8: =IF(MAESTRO!F8="","",IFERROR('PROM (Agropecuaria 9°)'!AE8,"")) | H8: =IF(MAESTRO!F8="","",IFERROR('PROM (Agropecuaria 9°)'!BM8,"")) | I8: =IF(MAESTRO!F8="","",IFERROR('PROM (Agropecuaria 9°)'!CU8,"")) | J8: =IF(MAESTRO!F8="","",IFERROR(TRUNC(AVERAGE(G8,H8,I8),1),"")) | K8: =IF(MAESTRO!F8="","",IFERROR('PROM (Comercio 9°)'!AE8,"")) | L8: =IF(MAESTRO!F8="","",IFERROR('PROM (Comercio 9°)'!BM8,"")) | M8: =IF(MAESTRO!F8="","",IFERROR('PROM (Comercio 9°)'!CU8,"")) | N8: =IF(MAESTRO!F8="","",IFERROR(TRUNC(AVERAGE(K8,L8,M8),1),"")) | O8: =IF(MAESTRO!F8="","",IFERROR(AVERAGE(G8,K8),"")) | P8: =IF(MAESTRO!F8="","",IFERROR(AVERAGE(H8,L8),"")) | Q8: =IF(MAESTRO!F8="","",IFERROR(AVERAGE(I8,M8),"")) | R8: =IF(MAESTRO!F8="","",IFERROR(TRUNC(AVERAGE(O8,P8,Q8),1),"")) | S8: =IF(MAESTRO!F8="","",IFERROR('PROM (Artistica 9°)'!AE8,"")) | T8: =IF(MAESTRO!F8="","",IFERROR('PROM (Artistica 9°)'!BM8,"")) | U8: =IF(MAESTRO!F8="","",IFERROR('PROM (Artistica 9°)'!CU8,"")) | V8: =IF(MAESTRO!F8="","",IFERROR(TRUNC(AVERAGE(S8,T8,U8),1),"")) | W8: =IF(MAESTRO!F8="","",IF(AND(F8="",J8="",N8="",R8="",V8=""),"",IF(Y(OR(F8="",F8>=3),OR(J8="",J8>=3),OR(N8="",N8>=3),OR(R8="",R8>=3),OR(V8="",V8>=3)),"✓ APROBADO","✗ REPROBADO")))
A9: 5 | B9: =MAESTRO!F9 -> 0 | C9: =IF(MAESTRO!F9="","",IFERROR('PROM (Ingles 9°)'!AE9,"")) | D9: =IF(MAESTRO!F9="","",IFERROR('PROM (Ingles 9°)'!BM9,"")) | E9: =IF(MAESTRO!F9="","",IFERROR('PROM (Ingles 9°)'!CU9,"")) | F9: =IF(MAESTRO!F9="","",IFERROR(TRUNC(AVERAGE(C9,D9,E9),1),"")) | G9: =IF(MAESTRO!F9="","",IFERROR('PROM (Agropecuaria 9°)'!AE9,"")) | H9: =IF(MAESTRO!F9="","",IFERROR('PROM (Agropecuaria 9°)'!BM9,"")) | I9: =IF(MAESTRO!F9="","",IFERROR('PROM (Agropecuaria 9°)'!CU9,"")) | J9: =IF(MAESTRO!F9="","",IFERROR(TRUNC(AVERAGE(G9,H9,I9),1),"")) | K9: =IF(MAESTRO!F9="","",IFERROR('PROM (Comercio 9°)'!AE9,"")) | L9: =IF(MAESTRO!F9="","",IFERROR('PROM (Comercio 9°)'!BM9,"")) | M9: =IF(MAESTRO!F9="","",IFERROR('PROM (Comercio 9°)'!CU9,"")) | N9: =IF(MAESTRO!F9="","",IFERROR(TRUNC(AVERAGE(K9,L9,M9),1),"")) | O9: =IF(MAESTRO!F9="","",IFERROR(AVERAGE(G9,K9),"")) | P9: =IF(MAESTRO!F9="","",IFERROR(AVERAGE(H9,L9),"")) | Q9: =IF(MAESTRO!F9="","",IFERROR(AVERAGE(I9,M9),"")) | R9: =IF(MAESTRO!F9="","",IFERROR(TRUNC(AVERAGE(O9,P9,Q9),1),"")) | S9: =IF(MAESTRO!F9="","",IFERROR('PROM (Artistica 9°)'!AE9,"")) | T9: =IF(MAESTRO!F9="","",IFERROR('PROM (Artistica 9°)'!BM9,"")) | U9: =IF(MAESTRO!F9="","",IFERROR('PROM (Artistica 9°)'!CU9,"")) | V9: =IF(MAESTRO!F9="","",IFERROR(TRUNC(AVERAGE(S9,T9,U9),1),"")) | W9: =IF(MAESTRO!F9="","",IF(AND(F9="",J9="",N9="",R9="",V9=""),"",IF(Y(OR(F9="",F9>=3),OR(J9="",J9>=3),OR(N9="",N9>=3),OR(R9="",R9>=3),OR(V9="",V9>=3)),"✓ APROBADO","✗ REPROBADO")))
A10: 6 | B10: =MAESTRO!F10 -> 0 | C10: =IF(MAESTRO!F10="","",IFERROR('PROM (Ingles 9°)'!AE10,"")) | D10: =IF(MAESTRO!F10="","",IFERROR('PROM (Ingles 9°)'!BM10,"")) | E10: =IF(MAESTRO!F10="","",IFERROR('PROM (Ingles 9°)'!CU10,"")) | F10: =IF(MAESTRO!F10="","",IFERROR(TRUNC(AVERAGE(C10,D10,E10),1),"")) | G10: =IF(MAESTRO!F10="","",IFERROR('PROM (Agropecuaria 9°)'!AE10,"")) | H10: =IF(MAESTRO!F10="","",IFERROR('PROM (Agropecuaria 9°)'!BM10,"")) | I10: =IF(MAESTRO!F10="","",IFERROR('PROM (Agropecuaria 9°)'!CU10,"")) | J10: =IF(MAESTRO!F10="","",IFERROR(TRUNC(AVERAGE(G10,H10,I10),1),"")) | K10: =IF(MAESTRO!F10="","",IFERROR('PROM (Comercio 9°)'!AE10,"")) | L10: =IF(MAESTRO!F10="","",IFERROR('PROM (Comercio 9°)'!BM10,"")) | M10: =IF(MAESTRO!F10="","",IFERROR('PROM (Comercio 9°)'!CU10,"")) | N10: =IF(MAESTRO!F10="","",IFERROR(TRUNC(AVERAGE(K10,L10,M10),1),"")) | O10: =IF(MAESTRO!F10="","",IFERROR(AVERAGE(G10,K10),"")) | P10: =IF(MAESTRO!F10="","",IFERROR(AVERAGE(H10,L10),"")) | Q10: =IF(MAESTRO!F10="","",IFERROR(AVERAGE(I10,M10),"")) | R10: =IF(MAESTRO!F10="","",IFERROR(TRUNC(AVERAGE(O10,P10,Q10),1),"")) | S10: =IF(MAESTRO!F10="","",IFERROR('PROM (Artistica 9°)'!AE10,"")) | T10: =IF(MAESTRO!F10="","",IFERROR('PROM (Artistica 9°)'!BM10,"")) | U10: =IF(MAESTRO!F10="","",IFERROR('PROM (Artistica 9°)'!CU10,"")) | V10: =IF(MAESTRO!F10="","",IFERROR(TRUNC(AVERAGE(S10,T10,U10),1),"")) | W10: =IF(MAESTRO!F10="","",IF(AND(F10="",J10="",N10="",R10="",V10=""),"",IF(Y(OR(F10="",F10>=3),OR(J10="",J10>=3),OR(N10="",N10>=3),OR(R10="",R10>=3),OR(V10="",V10>=3)),"✓ APROBADO","✗ REPROBADO")))
A11: 7 | B11: =MAESTRO!F11 -> 0 | C11: =IF(MAESTRO!F11="","",IFERROR('PROM (Ingles 9°)'!AE11,"")) | D11: =IF(MAESTRO!F11="","",IFERROR('PROM (Ingles 9°)'!BM11,"")) | E11: =IF(MAESTRO!F11="","",IFERROR('PROM (Ingles 9°)'!CU11,"")) | F11: =IF(MAESTRO!F11="","",IFERROR(TRUNC(AVERAGE(C11,D11,E11),1),"")) | G11: =IF(MAESTRO!F11="","",IFERROR('PROM (Agropecuaria 9°)'!AE11,"")) | H11: =IF(MAESTRO!F11="","",IFERROR('PROM (Agropecuaria 9°)'!BM11,"")) | I11: =IF(MAESTRO!F11="","",IFERROR('PROM (Agropecuaria 9°)'!CU11,"")) | J11: =IF(MAESTRO!F11="","",IFERROR(TRUNC(AVERAGE(G11,H11,I11),1),"")) | K11: =IF(MAESTRO!F11="","",IFERROR('PROM (Comercio 9°)'!AE11,"")) | L11: =IF(MAESTRO!F11="","",IFERROR('PROM (Comercio 9°)'!BM11,"")) | M11: =IF(MAESTRO!F11="","",IFERROR('PROM (Comercio 9°)'!CU11,"")) | N11: =IF(MAESTRO!F11="","",IFERROR(TRUNC(AVERAGE(K11,L11,M11),1),"")) | O11: =IF(MAESTRO!F11="","",IFERROR(AVERAGE(G11,K11),"")) | P11: =IF(MAESTRO!F11="","",IFERROR(AVERAGE(H11,L11),"")) | Q11: =IF(MAESTRO!F11="","",IFERROR(AVERAGE(I11,M11),"")) | R11: =IF(MAESTRO!F11="","",IFERROR(TRUNC(AVERAGE(O11,P11,Q11),1),"")) | S11: =IF(MAESTRO!F11="","",IFERROR('PROM (Artistica 9°)'!AE11,"")) | T11: =IF(MAESTRO!F11="","",IFERROR('PROM (Artistica 9°)'!BM11,"")) | U11: =IF(MAESTRO!F11="","",IFERROR('PROM (Artistica 9°)'!CU11,"")) | V11: =IF(MAESTRO!F11="","",IFERROR(TRUNC(AVERAGE(S11,T11,U11),1),"")) | W11: =IF(MAESTRO!F11="","",IF(AND(F11="",J11="",N11="",R11="",V11=""),"",IF(Y(OR(F11="",F11>=3),OR(J11="",J11>=3),OR(N11="",N11>=3),OR(R11="",R11>=3),OR(V11="",V11>=3)),"✓ APROBADO","✗ REPROBADO")))
A12: 8 | B12: =MAESTRO!F12 -> 0 | C12: =IF(MAESTRO!F12="","",IFERROR('PROM (Ingles 9°)'!AE12,"")) | D12: =IF(MAESTRO!F12="","",IFERROR('PROM (Ingles 9°)'!BM12,"")) | E12: =IF(MAESTRO!F12="","",IFERROR('PROM (Ingles 9°)'!CU12,"")) | F12: =IF(MAESTRO!F12="","",IFERROR(TRUNC(AVERAGE(C12,D12,E12),1),"")) | G12: =IF(MAESTRO!F12="","",IFERROR('PROM (Agropecuaria 9°)'!AE12,"")) | H12: =IF(MAESTRO!F12="","",IFERROR('PROM (Agropecuaria 9°)'!BM12,"")) | I12: =IF(MAESTRO!F12="","",IFERROR('PROM (Agropecuaria 9°)'!CU12,"")) | J12: =IF(MAESTRO!F12="","",IFERROR(TRUNC(AVERAGE(G12,H12,I12),1),"")) | K12: =IF(MAESTRO!F12="","",IFERROR('PROM (Comercio 9°)'!AE12,"")) | L12: =IF(MAESTRO!F12="","",IFERROR('PROM (Comercio 9°)'!BM12,"")) | M12: =IF(MAESTRO!F12="","",IFERROR('PROM (Comercio 9°)'!CU12,"")) | N12: =IF(MAESTRO!F12="","",IFERROR(TRUNC(AVERAGE(K12,L12,M12),1),"")) | O12: =IF(MAESTRO!F12="","",IFERROR(AVERAGE(G12,K12),"")) | P12: =IF(MAESTRO!F12="","",IFERROR(AVERAGE(H12,L12),"")) | Q12: =IF(MAESTRO!F12="","",IFERROR(AVERAGE(I12,M12),"")) | R12: =IF(MAESTRO!F12="","",IFERROR(TRUNC(AVERAGE(O12,P12,Q12),1),"")) | S12: =IF(MAESTRO!F12="","",IFERROR('PROM (Artistica 9°)'!AE12,"")) | T12: =IF(MAESTRO!F12="","",IFERROR('PROM (Artistica 9°)'!BM12,"")) | U12: =IF(MAESTRO!F12="","",IFERROR('PROM (Artistica 9°)'!CU12,"")) | V12: =IF(MAESTRO!F12="","",IFERROR(TRUNC(AVERAGE(S12,T12,U12),1),"")) | W12: =IF(MAESTRO!F12="","",IF(AND(F12="",J12="",N12="",R12="",V12=""),"",IF(Y(OR(F12="",F12>=3),OR(J12="",J12>=3),OR(N12="",N12>=3),OR(R12="",R12>=3),OR(V12="",V12>=3)),"✓ APROBADO","✗ REPROBADO")))
A13: 9 | B13: =MAESTRO!F13 -> 0 | C13: =IF(MAESTRO!F13="","",IFERROR('PROM (Ingles 9°)'!AE13,"")) | D13: =IF(MAESTRO!F13="","",IFERROR('PROM (Ingles 9°)'!BM13,"")) | E13: =IF(MAESTRO!F13="","",IFERROR('PROM (Ingles 9°)'!CU13,"")) | F13: =IF(MAESTRO!F13="","",IFERROR(TRUNC(AVERAGE(C13,D13,E13),1),"")) | G13: =IF(MAESTRO!F13="","",IFERROR('PROM (Agropecuaria 9°)'!AE13,"")) | H13: =IF(MAESTRO!F13="","",IFERROR('PROM (Agropecuaria 9°)'!BM13,"")) | I13: =IF(MAESTRO!F13="","",IFERROR('PROM (Agropecuaria 9°)'!CU13,"")) | J13: =IF(MAESTRO!F13="","",IFERROR(TRUNC(AVERAGE(G13,H13,I13),1),"")) | K13: =IF(MAESTRO!F13="","",IFERROR('PROM (Comercio 9°)'!AE13,"")) | L13: =IF(MAESTRO!F13="","",IFERROR('PROM (Comercio 9°)'!BM13,"")) | M13: =IF(MAESTRO!F13="","",IFERROR('PROM (Comercio 9°)'!CU13,"")) | N13: =IF(MAESTRO!F13="","",IFERROR(TRUNC(AVERAGE(K13,L13,M13),1),"")) | O13: =IF(MAESTRO!F13="","",IFERROR(AVERAGE(G13,K13),"")) | P13: =IF(MAESTRO!F13="","",IFERROR(AVERAGE(H13,L13),"")) | Q13: =IF(MAESTRO!F13="","",IFERROR(AVERAGE(I13,M13),"")) | R13: =IF(MAESTRO!F13="","",IFERROR(TRUNC(AVERAGE(O13,P13,Q13),1),"")) | S13: =IF(MAESTRO!F13="","",IFERROR('PROM (Artistica 9°)'!AE13,"")) | T13: =IF(MAESTRO!F13="","",IFERROR('PROM (Artistica 9°)'!BM13,"")) | U13: =IF(MAESTRO!F13="","",IFERROR('PROM (Artistica 9°)'!CU13,"")) | V13: =IF(MAESTRO!F13="","",IFERROR(TRUNC(AVERAGE(S13,T13,U13),1),"")) | W13: =IF(MAESTRO!F13="","",IF(AND(F13="",J13="",N13="",R13="",V13=""),"",IF(Y(OR(F13="",F13>=3),OR(J13="",J13>=3),OR(N13="",N13>=3),OR(R13="",R13>=3),OR(V13="",V13>=3)),"✓ APROBADO","✗ REPROBADO")))
A14: 10 | B14: =MAESTRO!F14 -> 0 | C14: =IF(MAESTRO!F14="","",IFERROR('PROM (Ingles 9°)'!AE14,"")) | D14: =IF(MAESTRO!F14="","",IFERROR('PROM (Ingles 9°)'!BM14,"")) | E14: =IF(MAESTRO!F14="","",IFERROR('PROM (Ingles 9°)'!CU14,"")) | F14: =IF(MAESTRO!F14="","",IFERROR(TRUNC(AVERAGE(C14,D14,E14),1),"")) | G14: =IF(MAESTRO!F14="","",IFERROR('PROM (Agropecuaria 9°)'!AE14,"")) | H14: =IF(MAESTRO!F14="","",IFERROR('PROM (Agropecuaria 9°)'!BM14,"")) | I14: =IF(MAESTRO!F14="","",IFERROR('PROM (Agropecuaria 9°)'!CU14,"")) | J14: =IF(MAESTRO!F14="","",IFERROR(TRUNC(AVERAGE(G14,H14,I14),1),"")) | K14: =IF(MAESTRO!F14="","",IFERROR('PROM (Comercio 9°)'!AE14,"")) | L14: =IF(MAESTRO!F14="","",IFERROR('PROM (Comercio 9°)'!BM14,"")) | M14: =IF(MAESTRO!F14="","",IFERROR('PROM (Comercio 9°)'!CU14,"")) | N14: =IF(MAESTRO!F14="","",IFERROR(TRUNC(AVERAGE(K14,L14,M14),1),"")) | O14: =IF(MAESTRO!F14="","",IFERROR(AVERAGE(G14,K14),"")) | P14: =IF(MAESTRO!F14="","",IFERROR(AVERAGE(H14,L14),"")) | Q14: =IF(MAESTRO!F14="","",IFERROR(AVERAGE(I14,M14),"")) | R14: =IF(MAESTRO!F14="","",IFERROR(TRUNC(AVERAGE(O14,P14,Q14),1),"")) | S14: =IF(MAESTRO!F14="","",IFERROR('PROM (Artistica 9°)'!AE14,"")) | T14: =IF(MAESTRO!F14="","",IFERROR('PROM (Artistica 9°)'!BM14,"")) | U14: =IF(MAESTRO!F14="","",IFERROR('PROM (Artistica 9°)'!CU14,"")) | V14: =IF(MAESTRO!F14="","",IFERROR(TRUNC(AVERAGE(S14,T14,U14),1),"")) | W14: =IF(MAESTRO!F14="","",IF(AND(F14="",J14="",N14="",R14="",V14=""),"",IF(Y(OR(F14="",F14>=3),OR(J14="",J14>=3),OR(N14="",N14>=3),OR(R14="",R14>=3),OR(V14="",V14>=3)),"✓ APROBADO","✗ REPROBADO")))
A15: 11 | B15: =MAESTRO!F15 -> 0 | C15: =IF(MAESTRO!F15="","",IFERROR('PROM (Ingles 9°)'!AE15,"")) | D15: =IF(MAESTRO!F15="","",IFERROR('PROM (Ingles 9°)'!BM15,"")) | E15: =IF(MAESTRO!F15="","",IFERROR('PROM (Ingles 9°)'!CU15,"")) | F15: =IF(MAESTRO!F15="","",IFERROR(TRUNC(AVERAGE(C15,D15,E15),1),"")) | G15: =IF(MAESTRO!F15="","",IFERROR('PROM (Agropecuaria 9°)'!AE15,"")) | H15: =IF(MAESTRO!F15="","",IFERROR('PROM (Agropecuaria 9°)'!BM15,"")) | I15: =IF(MAESTRO!F15="","",IFERROR('PROM (Agropecuaria 9°)'!CU15,"")) | J15: =IF(MAESTRO!F15="","",IFERROR(TRUNC(AVERAGE(G15,H15,I15),1),"")) | K15: =IF(MAESTRO!F15="","",IFERROR('PROM (Comercio 9°)'!AE15,"")) | L15: =IF(MAESTRO!F15="","",IFERROR('PROM (Comercio 9°)'!BM15,"")) | M15: =IF(MAESTRO!F15="","",IFERROR('PROM (Comercio 9°)'!CU15,"")) | N15: =IF(MAESTRO!F15="","",IFERROR(TRUNC(AVERAGE(K15,L15,M15),1),"")) | O15: =IF(MAESTRO!F15="","",IFERROR(AVERAGE(G15,K15),"")) | P15: =IF(MAESTRO!F15="","",IFERROR(AVERAGE(H15,L15),"")) | Q15: =IF(MAESTRO!F15="","",IFERROR(AVERAGE(I15,M15),"")) | R15: =IF(MAESTRO!F15="","",IFERROR(TRUNC(AVERAGE(O15,P15,Q15),1),"")) | S15: =IF(MAESTRO!F15="","",IFERROR('PROM (Artistica 9°)'!AE15,"")) | T15: =IF(MAESTRO!F15="","",IFERROR('PROM (Artistica 9°)'!BM15,"")) | U15: =IF(MAESTRO!F15="","",IFERROR('PROM (Artistica 9°)'!CU15,"")) | V15: =IF(MAESTRO!F15="","",IFERROR(TRUNC(AVERAGE(S15,T15,U15),1),"")) | W15: =IF(MAESTRO!F15="","",IF(AND(F15="",J15="",N15="",R15="",V15=""),"",IF(Y(OR(F15="",F15>=3),OR(J15="",J15>=3),OR(N15="",N15>=3),OR(R15="",R15>=3),OR(V15="",V15>=3)),"✓ APROBADO","✗ REPROBADO")))
A16: 12 | B16: =MAESTRO!F16 -> 0 | C16: =IF(MAESTRO!F16="","",IFERROR('PROM (Ingles 9°)'!AE16,"")) | D16: =IF(MAESTRO!F16="","",IFERROR('PROM (Ingles 9°)'!BM16,"")) | E16: =IF(MAESTRO!F16="","",IFERROR('PROM (Ingles 9°)'!CU16,"")) | F16: =IF(MAESTRO!F16="","",IFERROR(TRUNC(AVERAGE(C16,D16,E16),1),"")) | G16: =IF(MAESTRO!F16="","",IFERROR('PROM (Agropecuaria 9°)'!AE16,"")) | H16: =IF(MAESTRO!F16="","",IFERROR('PROM (Agropecuaria 9°)'!BM16,"")) | I16: =IF(MAESTRO!F16="","",IFERROR('PROM (Agropecuaria 9°)'!CU16,"")) | J16: =IF(MAESTRO!F16="","",IFERROR(TRUNC(AVERAGE(G16,H16,I16),1),"")) | K16: =IF(MAESTRO!F16="","",IFERROR('PROM (Comercio 9°)'!AE16,"")) | L16: =IF(MAESTRO!F16="","",IFERROR('PROM (Comercio 9°)'!BM16,"")) | M16: =IF(MAESTRO!F16="","",IFERROR('PROM (Comercio 9°)'!CU16,"")) | N16: =IF(MAESTRO!F16="","",IFERROR(TRUNC(AVERAGE(K16,L16,M16),1),"")) | O16: =IF(MAESTRO!F16="","",IFERROR(AVERAGE(G16,K16),"")) | P16: =IF(MAESTRO!F16="","",IFERROR(AVERAGE(H16,L16),"")) | Q16: =IF(MAESTRO!F16="","",IFERROR(AVERAGE(I16,M16),"")) | R16: =IF(MAESTRO!F16="","",IFERROR(TRUNC(AVERAGE(O16,P16,Q16),1),"")) | S16: =IF(MAESTRO!F16="","",IFERROR('PROM (Artistica 9°)'!AE16,"")) | T16: =IF(MAESTRO!F16="","",IFERROR('PROM (Artistica 9°)'!BM16,"")) | U16: =IF(MAESTRO!F16="","",IFERROR('PROM (Artistica 9°)'!CU16,"")) | V16: =IF(MAESTRO!F16="","",IFERROR(TRUNC(AVERAGE(S16,T16,U16),1),"")) | W16: =IF(MAESTRO!F16="","",IF(AND(F16="",J16="",N16="",R16="",V16=""),"",IF(Y(OR(F16="",F16>=3),OR(J16="",J16>=3),OR(N16="",N16>=3),OR(R16="",R16>=3),OR(V16="",V16>=3)),"✓ APROBADO","✗ REPROBADO")))
... A44: 40 | B44: =MAESTRO!F44 -> 0 | C44: =IF(MAESTRO!F44="","",IFERROR('PROM (Ingles 9°)'!AE44,"")) | D44: =IF(MAESTRO!F44="","",IFERROR('PROM (Ingles 9°)'!BM44,"")) | E44: =IF(MAESTRO!F44="","",IFERROR('PROM (Ingles 9°)'!CU44,"")) | F44: =IF(MAESTRO!F44="","",IFERROR(TRUNC(AVERAGE(C44,D44,E44),1),"")) | G44: =IF(MAESTRO!F44="","",IFERROR('PROM (Agropecuaria 9°)'!AE44,"")) | H44: =IF(MAESTRO!F44="","",IFERROR('PROM (Agropecuaria 9°)'!BM44,"")) | I44: =IF(MAESTRO!F44="","",IFERROR('PROM (Agropecuaria 9°)'!CU44,"")) | J44: =IF(MAESTRO!F44="","",IFERROR(TRUNC(AVERAGE(G44,H44,I44),1),"")) | K44: =IF(MAESTRO!F44="","",IFERROR('PROM (Comercio 9°)'!AE44,"")) | L44: =IF(MAESTRO!F44="","",IFERROR('PROM (Comercio 9°)'!BM44,"")) | M44: =IF(MAESTRO!F44="","",IFERROR('PROM (Comercio 9°)'!CU44,"")) | N44: =IF(MAESTRO!F44="","",IFERROR(TRUNC(AVERAGE(K44,L44,M44),1),"")) | O44: =IF(MAESTRO!F44="","",IFERROR(AVERAGE(G44,K44),"")) | P44: =IF(MAESTRO!F44="","",IFERROR(AVERAGE(H44,L44),"")) | Q44: =IF(MAESTRO!F44="","",IFERROR(AVERAGE(I44,M44),"")) | R44: =IF(MAESTRO!F44="","",IFERROR(TRUNC(AVERAGE(O44,P44,Q44),1),"")) | S44: =IF(MAESTRO!F44="","",IFERROR('PROM (Artistica 9°)'!AE44,"")) | T44: =IF(MAESTRO!F44="","",IFERROR('PROM (Artistica 9°)'!BM44,"")) | U44: =IF(MAESTRO!F44="","",IFERROR('PROM (Artistica 9°)'!CU44,"")) | V44: =IF(MAESTRO!F44="","",IFERROR(TRUNC(AVERAGE(S44,T44,U44),1),"")) | W44: =IF(MAESTRO!F44="","",IF(AND(F44="",J44="",N44="",R44="",V44=""),"",IF(Y(OR(F44="",F44>=3),OR(J44="",J44>=3),OR(N44="",N44>=3),OR(R44="",R44>=3),OR(V44="",V44>=3)),"✓ APROBADO","✗ REPROBADO")))
A46: PROMEDIO DEL GRUPO | C46: =IFERROR(ROUND(AVERAGEIF(C5:C44,"<>"&""),1),"") | D46: =IFERROR(ROUND(AVERAGEIF(D5:D44,"<>"&""),1),"") | E46: =IFERROR(ROUND(AVERAGEIF(E5:E44,"<>"&""),1),"") | F46: =IFERROR(ROUND(AVERAGEIF(F5:F44,"<>"&""),1),"") | G46: =IFERROR(ROUND(AVERAGEIF(G5:G44,"<>"&""),1),"") | H46: =IFERROR(ROUND(AVERAGEIF(H5:H44,"<>"&""),1),"") | I46: =IFERROR(ROUND(AVERAGEIF(I5:I44,"<>"&""),1),"") | J46: =IFERROR(ROUND(AVERAGEIF(J5:J44,"<>"&""),1),"") | ... V46: =IFERROR(ROUND(AVERAGEIF(V5:V44,"<>"&""),1),"")

Sheet REPORTE_DIRECCIÓN
A1: MINISTERIO DE EDUCACIÓN DE PANAMÁ
A2: ESCUELA CERRO CACICÓN — COMARCA NGÄBE BUGLÉ
A3: INFORME ACADÉMICO GENERAL — AÑO LECTIVO 2026
A4: Docente: Elmer Tugri | Premedia Multigrado Modalidad Flexible | Fecha: =TEXT(TODAY(),"DD/MM/YYYY")
A6: 1. MATRÍCULA GENERAL
A7: GRADO | B7: TOTAL MATRICULADOS | C7: HOMBRES | D7: MUJERES
A8: 7° | B8: =COUNTA(MAESTRO!B5:'MAESTRO'!B44) -> 0
A9: 8° | B9: =COUNTA(MAESTRO!D5:'MAESTRO'!D44) -> 0
A10: 9° | B10: =COUNTA(MAESTRO!F5:'MAESTRO'!F44) -> 0
A11: TOTAL GENERAL | B11: =COUNTA(MAESTRO!B5:'MAESTRO'!B44)+COUNTA(MAESTRO!D5:'MAESTRO'!D44)+COUNTA(MAESTRO!F5:'MAESTRO'!F44) -> 0
A13: 2. RENDIMIENTO ACADÉMICO POR GRADO
A14: GRADO | B14: MATRICULADOS | C14: APROBADOS | D14: REPROBADOS | E14: % APROBACIÓN | F14: PROMEDIO INGLÉS | G14: PROMEDIO TECNOLOGÍA
A15: 7° | B15: =COUNTA(MAESTRO!B5:'MAESTRO'!B44) -> 0 | C15: =COUNTIF(RESUMEN_7°!S5:'RESUMEN_7°'!S44,"✓ APROBADO") -> 0 | D15: =COUNTIF(RESUMEN_7°!S5:'RESUMEN_7°'!S44,"✗ REPROBADO") -> 0 | E15: =IFERROR(ROUND(C15/B15*100,1)&"%","") | F15: =IFERROR(ROUND(AVERAGEIF(RESUMEN_7°!F5:'RESUMEN_7°'!F44,"<>"&""),1),"") | G15: =IFERROR(ROUND(AVERAGEIF(RESUMEN_7°!R5:'RESUMEN_7°'!R44,"<>"&""),1),"")
A16: 8° | B16: =COUNTA(MAESTRO!D5:'MAESTRO'!D44) -> 0 | C16: =COUNTIF(RESUMEN_8°!S5:'RESUMEN_8°'!S44,"✓ APROBADO") -> 0 | D16: =COUNTIF(RESUMEN_8°!S5:'RESUMEN_8°'!S44,"✗ REPROBADO") -> 0 | E16: =IFERROR(ROUND(C16/B16*100,1)&"%","") | F16: =IFERROR(ROUND(AVERAGEIF(RESUMEN_8°!F5:'RESUMEN_8°'!F44,"<>"&""),1),"") | G16: =IFERROR(ROUND(AVERAGEIF(RESUMEN_8°!R5:'RESUMEN_8°'!R44,"<>"&""),1),"")
A17: 9° | B17: =COUNTA(MAESTRO!F5:'MAESTRO'!F44) -> 0 | C17: =COUNTIF(RESUMEN_9°!W5:'RESUMEN_9°'!W44,"✓ APROBADO") -> 0 | D17: =COUNTIF(RESUMEN_9°!W5:'RESUMEN_9°'!W44,"✗ REPROBADO") -> 0 | E17: =IFERROR(ROUND(C17/B17*100,1)&"%","") | F17: =IFERROR(ROUND(AVERAGEIF(RESUMEN_9°!F5:'RESUMEN_9°'!F44,"<>"&""),1),"") | G17: =IFERROR(ROUND(AVERAGEIF(RESUMEN_9°!V5:'RESUMEN_9°'!V44,"<>"&""),1),"")
A19: 3. ESTUDIANTES CON DEFICIENCIAS (NOTA FINAL <3.0)
A20: No. | B20: GRADO | C20: APELLIDO, NOMBRE | D20: INGLÉS | E20: TECNOLOGÍA | F20: OBSERVACIONES
A21: =IF(DASHBOARD!G19="⚠ REVISAR",1,"") | B21: =IF(DASHBOARD!G19="⚠ REVISAR",DASHBOARD!A19,"") | C21: =IF(DASHBOARD!G19="⚠ REVISAR",DASHBOARD!C19,"") | D21: =IF(DASHBOARD!G19="⚠ REVISAR",DASHBOARD!D19,"") | E21: =IF(DASHBOARD!G19="⚠ REVISAR",DASHBOARD!E19,"")
A22: =IF(DASHBOARD!G20="⚠ REVISAR",2,"") | B22: =IF(DASHBOARD!G20="⚠ REVISAR",DASHBOARD!A20,"") | C22: =IF(DASHBOARD!G20="⚠ REVISAR",DASHBOARD!C20,"") | D22: =IF(DASHBOARD!G20="⚠ REVISAR",DASHBOARD!D20,"") | E22: =IF(DASHBOARD!G20="⚠ REVISAR",DASHBOARD!E20,"")
A23: =IF(DASHBOARD!G21="⚠ REVISAR",3,"") | B23: =IF(DASHBOARD!G21="⚠ REVISAR",DASHBOARD!A21,"") | C23: =IF(DASHBOARD!G21="⚠ REVISAR",DASHBOARD!C21,"") | D23: =IF(DASHBOARD!G21="⚠ REVISAR",DASHBOARD!D21,"") | E23: =IF(DASHBOARD!G21="⚠ REVISAR",DASHBOARD!E21,"")
A24: =IF(DASHBOARD!G22="⚠ REVISAR",4,"") | B24: =IF(DASHBOARD!G22="⚠ REVISAR",DASHBOARD!A22,"") | C24: =IF(DASHBOARD!G22="⚠ REVISAR",DASHBOARD!C22,"") | D24: =IF(DASHBOARD!G22="⚠ REVISAR",DASHBOARD!D22,"") | E24: =IF(DASHBOARD!G22="⚠ REVISAR",DASHBOARD!E22,"")
A25: =IF(DASHBOARD!G23="⚠ REVISAR",5,"") | B25: =IF(DASHBOARD!G23="⚠ REVISAR",DASHBOARD!A23,"") | C25: =IF(DASHBOARD!G23="⚠ REVISAR",DASHBOARD!C23,"") | D25: =IF(DASHBOARD!G23="⚠ REVISAR",DASHBOARD!D23,"") | E25: =IF(DASHBOARD!G23="⚠ REVISAR",DASHBOARD!E23,"")
A26: =IF(DASHBOARD!G24="⚠ REVISAR",6,"") | B26: =IF(DASHBOARD!G24="⚠ REVISAR",DASHBOARD!A24,"") | C26: =IF(DASHBOARD!G24="⚠ REVISAR",DASHBOARD!C24,"") | D26: =IF(DASHBOARD!G24="⚠ REVISAR",DASHBOARD!D24,"") | E26: =IF(DASHBOARD!G24="⚠ REVISAR",DASHBOARD!E24,"")
A27: =IF(DASHBOARD!G25="⚠ REVISAR",7,"") | B27: =IF(DASHBOARD!G25="⚠ REVISAR",DASHBOARD!A25,"") | C27: =IF(DASHBOARD!G25="⚠ REVISAR",DASHBOARD!C25,"") | D27: =IF(DASHBOARD!G25="⚠ REVISAR",DASHBOARD!D25,"") | E27: =IF(DASHBOARD!G25="⚠ REVISAR",DASHBOARD!E25,"")
A28: =IF(DASHBOARD!G26="⚠ REVISAR",8,"") | B28: =IF(DASHBOARD!G26="⚠ REVISAR",DASHBOARD!A26,"") | C28: =IF(DASHBOARD!G26="⚠ REVISAR",DASHBOARD!C26,"") | D28: =IF(DASHBOARD!G26="⚠ REVISAR",DASHBOARD!D26,"") | E28: =IF(DASHBOARD!G26="⚠ REVISAR",DASHBOARD!E26,"")
A29: =IF(DASHBOARD!G27="⚠ REVISAR",9,"") | B29: =IF(DASHBOARD!G27="⚠ REVISAR",DASHBOARD!A27,"") | C29: =IF(DASHBOARD!G27="⚠ REVISAR",DASHBOARD!C27,"") | D29: =IF(DASHBOARD!G27="⚠ REVISAR",DASHBOARD!D27,"") | E29: =IF(DASHBOARD!G27="⚠ REVISAR",DASHBOARD!E27,"")
A30: =IF(DASHBOARD!G28="⚠ REVISAR",10,"") | B30: =IF(DASHBOARD!G28="⚠ REVISAR",DASHBOARD!A28,"") | C30: =IF(DASHBOARD!G28="⚠ REVISAR",DASHBOARD!C28,"") | D30: =IF(DASHBOARD!G28="⚠ REVISAR",DASHBOARD!D28,"") | E30: =IF(DASHBOARD!G28="⚠ REVISAR",DASHBOARD!E28,"")
A31: =IF(DASHBOARD!G29="⚠ REVISAR",11,"") | B31: =IF(DASHBOARD!G29="⚠ REVISAR",DASHBOARD!A29,"") | C31: =IF(DASHBOARD!G29="⚠ REVISAR",DASHBOARD!C29,"") | D31: =IF(DASHBOARD!G29="⚠ REVISAR",DASHBOARD!D29,"") | E31: =IF(DASHBOARD!G29="⚠ REVISAR",DASHBOARD!E29,"")
A32: =IF(DASHBOARD!G30="⚠ REVISAR",12,"") | B32: =IF(DASHBOARD!G30="⚠ REVISAR",DASHBOARD!A30,"") | C32: =IF(DASHBOARD!G30="⚠ REVISAR",DASHBOARD!C30,"") | D32: =IF(DASHBOARD!G30="⚠ REVISAR",DASHBOARD!D30,"") | E32: =IF(DASHBOARD!G30="⚠ REVISAR",DASHBOARD!E30,"")
A33: =IF(DASHBOARD!G31="⚠ REVISAR",13,"") | B33: =IF(DASHBOARD!G31="⚠ REVISAR",DASHBOARD!A31,"") | C33: =IF(DASHBOARD!G31="⚠ REVISAR",DASHBOARD!C31,"") | D33: =IF(DASHBOARD!G31="⚠ REVISAR",DASHBOARD!D31,"") | E33: =IF(DASHBOARD!G31="⚠ REVISAR",DASHBOARD!E31,"")
A34: =IF(DASHBOARD!G32="⚠ REVISAR",14,"") | B34: =IF(DASHBOARD!G32="⚠ REVISAR",DASHBOARD!A32,"") | C34: =IF(DASHBOARD!G32="⚠ REVISAR",DASHBOARD!C32,"") | D34: =IF(DASHBOARD!G32="⚠ REVISAR",DASHBOARD!D32,"") | E34: =IF(DASHBOARD!G32="⚠ REVISAR",DASHBOARD!E32,"")
A35: =IF(DASHBOARD!G33="⚠ REVISAR",15,"") | B35: =IF(DASHBOARD!G33="⚠ REVISAR",DASHBOARD!A33,"") | C35: =IF(DASHBOARD!G33="⚠ REVISAR",DASHBOARD!C33,"") | D35: =IF(DASHBOARD!G33="⚠ REVISAR",DASHBOARD!D33,"") | E35: =IF(DASHBOARD!G33="⚠ REVISAR",DASHBOARD!E33,"")
A36: =IF(DASHBOARD!G34="⚠ REVISAR",16,"") | B36: =IF(DASHBOARD!G34="⚠ REVISAR",DASHBOARD!A34,"") | C36: =IF(DASHBOARD!G34="⚠ REVISAR",DASHBOARD!C34,"") | D36: =IF(DASHBOARD!G34="⚠ REVISAR",DASHBOARD!D34,"") | E36: =IF(DASHBOARD!G34="⚠ REVISAR",DASHBOARD!E34,"")
A37: =IF(DASHBOARD!G35="⚠ REVISAR",17,"") | B37: =IF(DASHBOARD!G35="⚠ REVISAR",DASHBOARD!A35,"") | C37: =IF(DASHBOARD!G35="⚠ REVISAR",DASHBOARD!C35,"") | D37: =IF(DASHBOARD!G35="⚠ REVISAR",DASHBOARD!D35,"") | E37: =IF(DASHBOARD!G35="⚠ REVISAR",DASHBOARD!E35,"")
A38: =IF(DASHBOARD!G36="⚠ REVISAR",18,"") | B38: =IF(DASHBOARD!G36="⚠ REVISAR",DASHBOARD!A36,"") | C38: =IF(DASHBOARD!G36="⚠ REVISAR",DASHBOARD!C36,"") | D38: =IF(DASHBOARD!G36="⚠ REVISAR",DASHBOARD!D36,"") | E38: =IF(DASHBOARD!G36="⚠ REVISAR",DASHBOARD!E36,"")
A39: =IF(DASHBOARD!G37="⚠ REVISAR",19,"") | B39: =IF(DASHBOARD!G37="⚠ REVISAR",DASHBOARD!A37,"") | C39: =IF(DASHBOARD!G37="⚠ REVISAR",DASHBOARD!C37,"") | D39: =IF(DASHBOARD!G37="⚠ REVISAR",DASHBOARD!D37,"") | E39: =IF(DASHBOARD!G37="⚠ REVISAR",DASHBOARD!E37,"")
A40: =IF(DASHBOARD!G38="⚠ REVISAR",20,"") | B40: =IF(DASHBOARD!G38="⚠ REVISAR",DASHBOARD!A38,"") | C40: =IF(DASHBOARD!G38="⚠ REVISAR",DASHBOARD!C38,"") | D40: =IF(DASHBOARD!G38="⚠ REVISAR",DASHBOARD!D38,"") | E40: =IF(DASHBOARD!G38="⚠ REVISAR",DASHBOARD!E38,"")
A41: =IF(DASHBOARD!G39="⚠ REVISAR",21,"") | B41: =IF(DASHBOARD!G39="⚠ REVISAR",DASHBOARD!A39,"") | C41: =IF(DASHBOARD!G39="⚠ REVISAR",DASHBOARD!C39,"") | D41: =IF(DASHBOARD!G39="⚠ REVISAR",DASHBOARD!D39,"") | E41: =IF(DASHBOARD!G39="⚠ REVISAR",DASHBOARD!E39,"")
A42: =IF(DASHBOARD!G40="⚠ REVISAR",22,"") | B42: =IF(DASHBOARD!G40="⚠ REVISAR",DASHBOARD!A40,"") | C42: =IF(DASHBOARD!G40="⚠ REVISAR",DASHBOARD!C40,"") | D42: =IF(DASHBOARD!G40="⚠ REVISAR",DASHBOARD!D40,"") | E42: =IF(DASHBOARD!G40="⚠ REVISAR",DASHBOARD!E40,"")
A43: =IF(DASHBOARD!G41="⚠ REVISAR",23,"") | B43: =IF(DASHBOARD!G41="⚠ REVISAR",DASHBOARD!A41,"") | C43: =IF(DASHBOARD!G41="⚠ REVISAR",DASHBOARD!C41,"") | D43: =IF(DASHBOARD!G41="⚠ REVISAR",DASHBOARD!D41,"") | E43: =IF(DASHBOARD!G41="⚠ REVISAR",DASHBOARD!E41,"")
A44: =IF(DASHBOARD!G42="⚠ REVISAR",24,"") | B44: =IF(DASHBOARD!G42="⚠ REVISAR",DASHBOARD!A42,"") | C44: =IF(DASHBOARD!G42="⚠ REVISAR",DASHBOARD!C42,"") | D44: =IF(DASHBOARD!G42="⚠ REVISAR",DASHBOARD!D42,"") | E44: =IF(DASHBOARD!G42="⚠ REVISAR",DASHBOARD!E42,"")
A45: =IF(DASHBOARD!G43="⚠ REVISAR",25,"") | B45: =IF(DASHBOARD!G43="⚠ REVISAR",DASHBOARD!A43,"") | C45: =IF(DASHBOARD!G43="⚠ REVISAR",DASHBOARD!C43,"") | D45: =IF(DASHBOARD!G43="⚠ REVISAR",DASHBOARD!D43,"") | E45: =IF(DASHBOARD!G43="⚠ REVISAR",DASHBOARD!E43,"")
A46: =IF(DASHBOARD!G44="⚠ REVISAR",26,"") | B46: =IF(DASHBOARD!G44="⚠ REVISAR",DASHBOARD!A44,"") | C46: =IF(DASHBOARD!G44="⚠ REVISAR",DASHBOARD!C44,"") | D46: =IF(DASHBOARD!G44="⚠ REVISAR",DASHBOARD!D44,"") | E46: =IF(DASHBOARD!G44="⚠ REVISAR",DASHBOARD!E44,"")
A47: =IF(DASHBOARD!G45="⚠ REVISAR",27,"") | B47: =IF(DASHBOARD!G45="⚠ REVISAR",DASHBOARD!A45,"") | C47: =IF(DASHBOARD!G45="⚠ REVISAR",DASHBOARD!C45,"") | D47: =IF(DASHBOARD!G45="⚠ REVISAR",DASHBOARD!D45,"") | E47: =IF(DASHBOARD!G45="⚠ REVISAR",DASHBOARD!E45,"")
A48: =IF(DASHBOARD!G46="⚠ REVISAR",28,"") | B48: =IF(DASHBOARD!G46="⚠ REVISAR",DASHBOARD!A46,"") | C48: =IF(DASHBOARD!G46="⚠ REVISAR",DASHBOARD!C46,"") | D48: =IF(DASHBOARD!G46="⚠ REVISAR",DASHBOARD!D46,"") | E48: =IF(DASHBOARD!G46="⚠ REVISAR",DASHBOARD!E46,"")
A49: =IF(DASHBOARD!G47="⚠ REVISAR",29,"") | B49: =IF(DASHBOARD!G47="⚠ REVISAR",DASHBOARD!A47,"") | C49: =IF(DASHBOARD!G47="⚠ REVISAR",DASHBOARD!C47,"") | D49: =IF(DASHBOARD!G47="⚠ REVISAR",DASHBOARD!D47,"") | E49: =IF(DASHBOARD!G47="⚠ REVISAR",DASHBOARD!E47,"")
A50: =IF(DASHBOARD!G48="⚠ REVISAR",30,"") | B50: =IF(DASHBOARD!G48="⚠ REVISAR",DASHBOARD!A48,"") | C50: =IF(DASHBOARD!G48="⚠ REVISAR",DASHBOARD!C48,"") | D50: =IF(DASHBOARD!G48="⚠ REVISAR",DASHBOARD!D48,"") | E50: =IF(DASHBOARD!G48="⚠ REVISAR",DASHBOARD!E48,"")
A51: =IF(DASHBOARD!G49="⚠ REVISAR",31,"") | B51: =IF(DASHBOARD!G49="⚠ REVISAR",DASHBOARD!A49,"") | C51: =IF(DASHBOARD!G49="⚠ REVISAR",DASHBOARD!C49,"") | D51: =IF(DASHBOARD!G49="⚠ REVISAR",DASHBOARD!D49,"") | E51: =IF(DASHBOARD!G49="⚠ REVISAR",DASHBOARD!E49,"")
A52: =IF(DASHBOARD!G50="⚠ REVISAR",32,"") | B52: =IF(DASHBOARD!G50="⚠ REVISAR",DASHBOARD!A50,"") | C52: =IF(DASHBOARD!G50="⚠ REVISAR",DASHBOARD!C50,"") | D52: =IF(DASHBOARD!G50="⚠ REVISAR",DASHBOARD!D50,"") | E52: =IF(DASHBOARD!G50="⚠ REVISAR",DASHBOARD!E50,"")
A53: =IF(DASHBOARD!G51="⚠ REVISAR",33,"") | B53: =IF(DASHBOARD!G51="⚠ REVISAR",DASHBOARD!A51,"") | C53: =IF(DASHBOARD!G51="⚠ REVISAR",DASHBOARD!C51,"") | D53: =IF(DASHBOARD!G51="⚠ REVISAR",DASHBOARD!D51,"") | E53: =IF(DASHBOARD!G51="⚠ REVISAR",DASHBOARD!E51,"")
A54: =IF(DASHBOARD!G52="⚠ REVISAR",34,"") | B54: =IF(DASHBOARD!G52="⚠ REVISAR",DASHBOARD!A52,"") | C54: =IF(DASHBOARD!G52="⚠ REVISAR",DASHBOARD!C52,"") | D54: =IF(DASHBOARD!G52="⚠ REVISAR",DASHBOARD!D52,"") | E54: =IF(DASHBOARD!G52="⚠ REVISAR",DASHBOARD!E52,"")
A55: =IF(DASHBOARD!G53="⚠ REVISAR",35,"") | B55: =IF(DASHBOARD!G53="⚠ REVISAR",DASHBOARD!A53,"") | C55: =IF(DASHBOARD!G53="⚠ REVISAR",DASHBOARD!C53,"") | D55: =IF(DASHBOARD!G53="⚠ REVISAR",DASHBOARD!D53,"") | E55: =IF(DASHBOARD!G53="⚠ REVISAR",DASHBOARD!E53,"")
A56: =IF(DASHBOARD!G54="⚠ REVISAR",36,"") | B56: =IF(DASHBOARD!G54="⚠ REVISAR",DASHBOARD!A54,"") | C56: =IF(DASHBOARD!G54="⚠ REVISAR",DASHBOARD!C54,"") | D56: =IF(DASHBOARD!G54="⚠ REVISAR",DASHBOARD!D54,"") | E56: =IF(DASHBOARD!G54="⚠ REVISAR",DASHBOARD!E54,"")
A57: =IF(DASHBOARD!G55="⚠ REVISAR",37,"") | B57: =IF(DASHBOARD!G55="⚠ REVISAR",DASHBOARD!A55,"") | C57: =IF(DASHBOARD!G55="⚠ REVISAR",DASHBOARD!C55,"") | D57: =IF(DASHBOARD!G55="⚠ REVISAR",DASHBOARD!D55,"") | E57: =IF(DASHBOARD!G55="⚠ REVISAR",DASHBOARD!E55,"")
A58: =IF(DASHBOARD!G56="⚠ REVISAR",38,"") | B58: =IF(DASHBOARD!G56="⚠ REVISAR",DASHBOARD!A56,"") | C58: =IF(DASHBOARD!G56="⚠ REVISAR",DASHBOARD!C56,"") | D58: =IF(DASHBOARD!G56="⚠ REVISAR",DASHBOARD!D56,"") | E58: =IF(DASHBOARD!G56="⚠ REVISAR",DASHBOARD!E56,"")
A59: =IF(DASHBOARD!G57="⚠ REVISAR",39,"") | B59: =IF(DASHBOARD!G57="⚠ REVISAR",DASHBOARD!A57,"") | C59: =IF(DASHBOARD!G57="⚠ REVISAR",DASHBOARD!C57,"") | D59: =IF(DASHBOARD!G57="⚠ REVISAR",DASHBOARD!D57,"") | E59: =IF(DASHBOARD!G57="⚠ REVISAR",DASHBOARD!E57,"")
A60: =IF(DASHBOARD!G58="⚠ REVISAR",40,"") | B60: =IF(DASHBOARD!G58="⚠ REVISAR",DASHBOARD!A58,"") | C60: =IF(DASHBOARD!G58="⚠ REVISAR",DASHBOARD!C58,"") | D60: =IF(DASHBOARD!G58="⚠ REVISAR",DASHBOARD!D58,"") | E60: =IF(DASHBOARD!G58="⚠ REVISAR",DASHBOARD!E58,"")
A61: =IF(DASHBOARD!G59="⚠ REVISAR",41,"") | B61: =IF(DASHBOARD!G59="⚠ REVISAR",DASHBOARD!A59,"") | C61: =IF(DASHBOARD!G59="⚠ REVISAR",DASHBOARD!C59,"") | D61: =IF(DASHBOARD!G59="⚠ REVISAR",DASHBOARD!D59,"") | E61: =IF(DASHBOARD!G59="⚠ REVISAR",DASHBOARD!E59,"")
A62: =IF(DASHBOARD!G60="⚠ REVISAR",42,"") | B62: =IF(DASHBOARD!G60="⚠ REVISAR",DASHBOARD!A60,"") | C62: =IF(DASHBOARD!G60="⚠ REVISAR",DASHBOARD!C60,"") | D62: =IF(DASHBOARD!G60="⚠ REVISAR",DASHBOARD!D60,"") | E62: =IF(DASHBOARD!G60="⚠ REVISAR",DASHBOARD!E60,"")
A63: =IF(DASHBOARD!G61="⚠ REVISAR",43,"") | B63: =IF(DASHBOARD!G61="⚠ REVISAR",DASHBOARD!A61,"") | C63: =IF(DASHBOARD!G61="⚠ REVISAR",DASHBOARD!C61,"") | D63: =IF(DASHBOARD!G61="⚠ REVISAR",DASHBOARD!D61,"") | E63: =IF(DASHBOARD!G61="⚠ REVISAR",DASHBOARD!E61,"")
A64: =IF(DASHBOARD!G62="⚠ REVISAR",44,"") | B64: =IF(DASHBOARD!G62="⚠ REVISAR",DASHBOARD!A62,"") | C64: =IF(DASHBOARD!G62="⚠ REVISAR",DASHBOARD!C62,"") | D64: =IF(DASHBOARD!G62="⚠ REVISAR",DASHBOARD!D62,"") | E64: =IF(DASHBOARD!G62="⚠ REVISAR",DASHBOARD!E62,"")
A65: =IF(DASHBOARD!G63="⚠ REVISAR",45,"") | B65: =IF(DASHBOARD!G63="⚠ REVISAR",DASHBOARD!A63,"") | C65: =IF(DASHBOARD!G63="⚠ REVISAR",DASHBOARD!C63,"") | D65: =IF(DASHBOARD!G63="⚠ REVISAR",DASHBOARD!D63,"") | E65: =IF(DASHBOARD!G63="⚠ REVISAR",DASHBOARD!E63,"")
A66: =IF(DASHBOARD!G64="⚠ REVISAR",46,"") | B66: =IF(DASHBOARD!G64="⚠ REVISAR",DASHBOARD!A64,"") | C66: =IF(DASHBOARD!G64="⚠ REVISAR",DASHBOARD!C64,"") | D66: =IF(DASHBOARD!G64="⚠ REVISAR",DASHBOARD!D64,"") | E66: =IF(DASHBOARD!G64="⚠ REVISAR",DASHBOARD!E64,"")
A67: =IF(DASHBOARD!G65="⚠ REVISAR",47,"") | B67: =IF(DASHBOARD!G65="⚠ REVISAR",DASHBOARD!A65,"") | C67: =IF(DASHBOARD!G65="⚠ REVISAR",DASHBOARD!C65,"") | D67: =IF(DASHBOARD!G65="⚠ REVISAR",DASHBOARD!D65,"") | E67: =IF(DASHBOARD!G65="⚠ REVISAR",DASHBOARD!E65,"")
A68: =IF(DASHBOARD!G66="⚠ REVISAR",48,"") | B68: =IF(DASHBOARD!G66="⚠ REVISAR",DASHBOARD!A66,"") | C68: =IF(DASHBOARD!G66="⚠ REVISAR",DASHBOARD!C66,"") | D68: =IF(DASHBOARD!G66="⚠ REVISAR",DASHBOARD!D66,"") | E68: =IF(DASHBOARD!G66="⚠ REVISAR",DASHBOARD!E66,"")
A69: =IF(DASHBOARD!G67="⚠ REVISAR",49,"") | B69: =IF(DASHBOARD!G67="⚠ REVISAR",DASHBOARD!A67,"") | C69: =IF(DASHBOARD!G67="⚠ REVISAR",DASHBOARD!C67,"") | D69: =IF(DASHBOARD!G67="⚠ REVISAR",DASHBOARD!D67,"") | E69: =IF(DASHBOARD!G67="⚠ REVISAR",DASHBOARD!E67,"")
A70: =IF(DASHBOARD!G68="⚠ REVISAR",50,"") | B70: =IF(DASHBOARD!G68="⚠ REVISAR",DASHBOARD!A68,"") | C70: =IF(DASHBOARD!G68="⚠ REVISAR",DASHBOARD!C68,"") | D70: =IF(DASHBOARD!G68="⚠ REVISAR",DASHBOARD!D68,"") | E70: =IF(DASHBOARD!G68="⚠ REVISAR",DASHBOARD!E68,"")
A71: =IF(DASHBOARD!G69="⚠ REVISAR",51,"") | B71: =IF(DASHBOARD!G69="⚠ REVISAR",DASHBOARD!A69,"") | C71: =IF(DASHBOARD!G69="⚠ REVISAR",DASHBOARD!C69,"") | D71: =IF(DASHBOARD!G69="⚠ REVISAR",DASHBOARD!D69,"") | E71: =IF(DASHBOARD!G69="⚠ REVISAR",DASHBOARD!E69,"")
A72: =IF(DASHBOARD!G70="⚠ REVISAR",52,"") | B72: =IF(DASHBOARD!G70="⚠ REVISAR",DASHBOARD!A70,"") | C72: =IF(DASHBOARD!G70="⚠ REVISAR",DASHBOARD!C70,"") | D72: =IF(DASHBOARD!G70="⚠ REVISAR",DASHBOARD!D70,"") | E72: =IF(DASHBOARD!G70="⚠ REVISAR",DASHBOARD!E70,"")
A73: =IF(DASHBOARD!G71="⚠ REVISAR",53,"") | B73: =IF(DASHBOARD!G71="⚠ REVISAR",DASHBOARD!A71,"") | C73: =IF(DASHBOARD!G71="⚠ REVISAR",DASHBOARD!C71,"") | D73: =IF(DASHBOARD!G71="⚠ REVISAR",DASHBOARD!D71,"") | E73: =IF(DASHBOARD!G71="⚠ REVISAR",DASHBOARD!E71,"")
A74: =IF(DASHBOARD!G72="⚠ REVISAR",54,"") | B74: =IF(DASHBOARD!G72="⚠ REVISAR",DASHBOARD!A72,"") | C74: =IF(DASHBOARD!G72="⚠ REVISAR",DASHBOARD!C72,"") | D74: =IF(DASHBOARD!G72="⚠ REVISAR",DASHBOARD!D72,"") | E74: =IF(DASHBOARD!G72="⚠ REVISAR",DASHBOARD!E72,"")
A75: =IF(DASHBOARD!G73="⚠ REVISAR",55,"") | B75: =IF(DASHBOARD!G73="⚠ REVISAR",DASHBOARD!A73,"") | C75: =IF(DASHBOARD!G73="⚠ REVISAR",DASHBOARD!C73,"") | D75: =IF(DASHBOARD!G73="⚠ REVISAR",DASHBOARD!D73,"") | E75: =IF(DASHBOARD!G73="⚠ REVISAR",DASHBOARD!E73,"")
A76: =IF(DASHBOARD!G74="⚠ REVISAR",56,"") | B76: =IF(DASHBOARD!G74="⚠ REVISAR",DASHBOARD!A74,"") | C76: =IF(DASHBOARD!G74="⚠ REVISAR",DASHBOARD!C74,"") | D76: =IF(DASHBOARD!G74="⚠ REVISAR",DASHBOARD!D74,"") | E76: =IF(DASHBOARD!G74="⚠ REVISAR",DASHBOARD!E74,"")
A77: =IF(DASHBOARD!G75="⚠ REVISAR",57,"") | B77: =IF(DASHBOARD!G75="⚠ REVISAR",DASHBOARD!A75,"") | C77: =IF(DASHBOARD!G75="⚠ REVISAR",DASHBOARD!C75,"") | D77: =IF(DASHBOARD!G75="⚠ REVISAR",DASHBOARD!D75,"") | E77: =IF(DASHBOARD!G75="⚠ REVISAR",DASHBOARD!E75,"")
A78: =IF(DASHBOARD!G76="⚠ REVISAR",58,"") | B78: =IF(DASHBOARD!G76="⚠ REVISAR",DASHBOARD!A76,"") | C78: =IF(DASHBOARD!G76="⚠ REVISAR",DASHBOARD!C76,"") | D78: =IF(DASHBOARD!G76="⚠ REVISAR",DASHBOARD!D76,"") | E78: =IF(DASHBOARD!G76="⚠ REVISAR",DASHBOARD!E76,"")
A79: =IF(DASHBOARD!G77="⚠ REVISAR",59,"") | B79: =IF(DASHBOARD!G77="⚠ REVISAR",DASHBOARD!A77,"") | C79: =IF(DASHBOARD!G77="⚠ REVISAR",DASHBOARD!C77,"") | D79: =IF(DASHBOARD!G77="⚠ REVISAR",DASHBOARD!D77,"") | E79: =IF(DASHBOARD!G77="⚠ REVISAR",DASHBOARD!E77,"")
A80: =IF(DASHBOARD!G78="⚠ REVISAR",60,"") | B80: =IF(DASHBOARD!G78="⚠ REVISAR",DASHBOARD!A78,"") | C80: =IF(DASHBOARD!G78="⚠ REVISAR",DASHBOARD!C78,"") | D80: =IF(DASHBOARD!G78="⚠ REVISAR",DASHBOARD!D78,"") | E80: =IF(DASHBOARD!G78="⚠ REVISAR",DASHBOARD!E78,"")
A81: =IF(DASHBOARD!G79="⚠ REVISAR",61,"") | B81: =IF(DASHBOARD!G79="⚠ REVISAR",DASHBOARD!A79,"") | C81: =IF(DASHBOARD!G79="⚠ REVISAR",DASHBOARD!C79,"") | D81: =IF(DASHBOARD!G79="⚠ REVISAR",DASHBOARD!D79,"") | E81: =IF(DASHBOARD!G79="⚠ REVISAR",DASHBOARD!E79,"")
A82: =IF(DASHBOARD!G80="⚠ REVISAR",62,"") | B82: =IF(DASHBOARD!G80="⚠ REVISAR",DASHBOARD!A80,"") | C82: =IF(DASHBOARD!G80="⚠ REVISAR",DASHBOARD!C80,"") | D82: =IF(DASHBOARD!G80="⚠ REVISAR",DASHBOARD!D80,"") | E82: =IF(DASHBOARD!G80="⚠ REVISAR",DASHBOARD!E80,"")
A83: =IF(DASHBOARD!G81="⚠ REVISAR",63,"") | B83: =IF(DASHBOARD!G81="⚠ REVISAR",DASHBOARD!A81,"") | C83: =IF(DASHBOARD!G81="⚠ REVISAR",DASHBOARD!C81,"") | D83: =IF(DASHBOARD!G81="⚠ REVISAR",DASHBOARD!D81,"") | E83: =IF(DASHBOARD!G81="⚠ REVISAR",DASHBOARD!E81,"")
A84: =IF(DASHBOARD!G82="⚠ REVISAR",64,"") | B84: =IF(DASHBOARD!G82="⚠ REVISAR",DASHBOARD!A82,"") | C84: =IF(DASHBOARD!G82="⚠ REVISAR",DASHBOARD!C82,"") | D84: =IF(DASHBOARD!G82="⚠ REVISAR",DASHBOARD!D82,"") | E84: =IF(DASHBOARD!G82="⚠ REVISAR",DASHBOARD!E82,"")
A85: =IF(DASHBOARD!G83="⚠ REVISAR",65,"") | B85: =IF(DASHBOARD!G83="⚠ REVISAR",DASHBOARD!A83,"") | C85: =IF(DASHBOARD!G83="⚠ REVISAR",DASHBOARD!C83,"") | D85: =IF(DASHBOARD!G83="⚠ REVISAR",DASHBOARD!D83,"") | E85: =IF(DASHBOARD!G83="⚠ REVISAR",DASHBOARD!E83,"")
A86: =IF(DASHBOARD!G84="⚠ REVISAR",66,"") | B86: =IF(DASHBOARD!G84="⚠ REVISAR",DASHBOARD!A84,"") | C86: =IF(DASHBOARD!G84="⚠ REVISAR",DASHBOARD!C84,"") | D86: =IF(DASHBOARD!G84="⚠ REVISAR",DASHBOARD!D84,"") | E86: =IF(DASHBOARD!G84="⚠ REVISAR",DASHBOARD!E84,"")
A87: =IF(DASHBOARD!G85="⚠ REVISAR",67,"") | B87: =IF(DASHBOARD!G85="⚠ REVISAR",DASHBOARD!A85,"") | C87: =IF(DASHBOARD!G85="⚠ REVISAR",DASHBOARD!C85,"") | D87: =IF(DASHBOARD!G85="⚠ REVISAR",DASHBOARD!D85,"") | E87: =IF(DASHBOARD!G85="⚠ REVISAR",DASHBOARD!E85,"")
A88: =IF(DASHBOARD!G86="⚠ REVISAR",68,"") | B88: =IF(DASHBOARD!G86="⚠ REVISAR",DASHBOARD!A86,"") | C88: =IF(DASHBOARD!G86="⚠ REVISAR",DASHBOARD!C86,"") | D88: =IF(DASHBOARD!G86="⚠ REVISAR",DASHBOARD!D86,"") | E88: =IF(DASHBOARD!G86="⚠ REVISAR",DASHBOARD!E86,"")
A89: =IF(DASHBOARD!G87="⚠ REVISAR",69,"") | B89: =IF(DASHBOARD!G87="⚠ REVISAR",DASHBOARD!A87,"") | C89: =IF(DASHBOARD!G87="⚠ REVISAR",DASHBOARD!C87,"") | D89: =IF(DASHBOARD!G87="⚠ REVISAR",DASHBOARD!D87,"") | E89: =IF(DASHBOARD!G87="⚠ REVISAR",DASHBOARD!E87,"")
A90: =IF(DASHBOARD!G88="⚠ REVISAR",70,"") | B90: =IF(DASHBOARD!G88="⚠ REVISAR",DASHBOARD!A88,"") | C90: =IF(DASHBOARD!G88="⚠ REVISAR",DASHBOARD!C88,"") | D90: =IF(DASHBOARD!G88="⚠ REVISAR",DASHBOARD!D88,"") | E90: =IF(DASHBOARD!G88="⚠ REVISAR",DASHBOARD!E88,"")
A91: =IF(DASHBOARD!G89="⚠ REVISAR",71,"") | B91: =IF(DASHBOARD!G89="⚠ REVISAR",DASHBOARD!A89,"") | C91: =IF(DASHBOARD!G89="⚠ REVISAR",DASHBOARD!C89,"") | D91: =IF(DASHBOARD!G89="⚠ REVISAR",DASHBOARD!D89,"") | E91: =IF(DASHBOARD!G89="⚠ REVISAR",DASHBOARD!E89,"")
A92: =IF(DASHBOARD!G90="⚠ REVISAR",72,"") | B92: =IF(DASHBOARD!G90="⚠ REVISAR",DASHBOARD!A90,"") | C92: =IF(DASHBOARD!G90="⚠ REVISAR",DASHBOARD!C90,"") | D92: =IF(DASHBOARD!G90="⚠ REVISAR",DASHBOARD!D90,"") | E92: =IF(DASHBOARD!G90="⚠ REVISAR",DASHBOARD!E90,"")
A93: =IF(DASHBOARD!G91="⚠ REVISAR",73,"") | B93: =IF(DASHBOARD!G91="⚠ REVISAR",DASHBOARD!A91,"") | C93: =IF(DASHBOARD!G91="⚠ REVISAR",DASHBOARD!C91,"") | D93: =IF(DASHBOARD!G91="⚠ REVISAR",DASHBOARD!D91,"") | E93: =IF(DASHBOARD!G91="⚠ REVISAR",DASHBOARD!E91,"")
A94: =IF(DASHBOARD!G92="⚠ REVISAR",74,"") | B94: =IF(DASHBOARD!G92="⚠ REVISAR",DASHBOARD!A92,"") | C94: =IF(DASHBOARD!G92="⚠ REVISAR",DASHBOARD!C92,"") | D94: =IF(DASHBOARD!G92="⚠ REVISAR",DASHBOARD!D92,"") | E94: =IF(DASHBOARD!G92="⚠ REVISAR",DASHBOARD!E92,"")
A95: =IF(DASHBOARD!G93="⚠ REVISAR",75,"") | B95: =IF(DASHBOARD!G93="⚠ REVISAR",DASHBOARD!A93,"") | C95: =IF(DASHBOARD!G93="⚠ REVISAR",DASHBOARD!C93,"") | D95: =IF(DASHBOARD!G93="⚠ REVISAR",DASHBOARD!D93,"") | E95: =IF(DASHBOARD!G93="⚠ REVISAR",DASHBOARD!E93,"")
A96: =IF(DASHBOARD!G94="⚠ REVISAR",76,"") | B96: =IF(DASHBOARD!G94="⚠ REVISAR",DASHBOARD!A94,"") | C96: =IF(DASHBOARD!G94="⚠ REVISAR",DASHBOARD!C94,"") | D96: =IF(DASHBOARD!G94="⚠ REVISAR",DASHBOARD!D94,"") | E96: =IF(DASHBOARD!G94="⚠ REVISAR",DASHBOARD!E94,"")
A97: =IF(DASHBOARD!G95="⚠ REVISAR",77,"") | B97: =IF(DASHBOARD!G95="⚠ REVISAR",DASHBOARD!A95,"") | C97: =IF(DASHBOARD!G95="⚠ REVISAR",DASHBOARD!C95,"") | D97: =IF(DASHBOARD!G95="⚠ REVISAR",DASHBOARD!D95,"") | E97: =IF(DASHBOARD!G95="⚠ REVISAR",DASHBOARD!E95,"")
A98: =IF(DASHBOARD!G96="⚠ REVISAR",78,"") | B98: =IF(DASHBOARD!G96="⚠ REVISAR",DASHBOARD!A96,"") | C98: =IF(DASHBOARD!G96="⚠ REVISAR",DASHBOARD!C96,"") | D98: =IF(DASHBOARD!G96="⚠ REVISAR",DASHBOARD!D96,"") | E98: =IF(DASHBOARD!G96="⚠ REVISAR",DASHBOARD!E96,"")
A99: =IF(DASHBOARD!G97="⚠ REVISAR",79,"") | B99: =IF(DASHBOARD!G97="⚠ REVISAR",DASHBOARD!A97,"") | C99: =IF(DASHBOARD!G97="⚠ REVISAR",DASHBOARD!C97,"") | D99: =IF(DASHBOARD!G97="⚠ REVISAR",DASHBOARD!D97,"") | E99: =IF(DASHBOARD!G97="⚠ REVISAR",DASHBOARD!E97,"")
A100: =IF(DASHBOARD!G98="⚠ REVISAR",80,"") | B100: =IF(DASHBOARD!G98="⚠ REVISAR",DASHBOARD!A98,"") | C100: =IF(DASHBOARD!G98="⚠ REVISAR",DASHBOARD!C98,"") | D100: =IF(DASHBOARD!G98="⚠ REVISAR",DASHBOARD!D98,"") | E100: =IF(DASHBOARD!G98="⚠ REVISAR",DASHBOARD!E98,"")
A101: =IF(DASHBOARD!G99="⚠ REVISAR",81,"") | B101: =IF(DASHBOARD!G99="⚠ REVISAR",DASHBOARD!A99,"") | C101: =IF(DASHBOARD!G99="⚠ REVISAR",DASHBOARD!C99,"") | D101: =IF(DASHBOARD!G99="⚠ REVISAR",DASHBOARD!D99,"") | E101: =IF(DASHBOARD!G99="⚠ REVISAR",DASHBOARD!E99,"")
A102: =IF(DASHBOARD!G100="⚠ REVISAR",82,"") | B102: =IF(DASHBOARD!G100="⚠ REVISAR",DASHBOARD!A100,"") | C102: =IF(DASHBOARD!G100="⚠ REVISAR",DASHBOARD!C100,"") | D102: =IF(DASHBOARD!G100="⚠ REVISAR",DASHBOARD!D100,"") | E102: =IF(DASHBOARD!G100="⚠ REVISAR",DASHBOARD!E100,"")
A103: =IF(DASHBOARD!G101="⚠ REVISAR",83,"") | B103: =IF(DASHBOARD!G101="⚠ REVISAR",DASHBOARD!A101,"") | C103: =IF(DASHBOARD!G101="⚠ REVISAR",DASHBOARD!C101,"") | D103: =IF(DASHBOARD!G101="⚠ REVISAR",DASHBOARD!D101,"") | E103: =IF(DASHBOARD!G101="⚠ REVISAR",DASHBOARD!E101,"")
...

Sheet REPORTE_APROBADOS
A1: LISTA DE ESTUDIANTES APROBADOS — AÑO LECTIVO 2026
A2: Escuela Cerro Cacicón · Prof. Elmer Tugri · Premedia Multigrado
A4: ESTUDIANTES APROBADOS — 7° GRADO
A5: No. | B5: APELLIDO, NOMBRE | C5: INGLÉS FINAL | D5: TECNOLOGÍA FINAL | E5: NOTA PROMEDIO
A6: =IF(RESUMEN_7°!S5="✓ APROBADO",1,"") | B6: =IF(RESUMEN_7°!S5="✓ APROBADO",RESUMEN_7°!B5,"") | C6: =IF(RESUMEN_7°!S5="✓ APROBADO",RESUMEN_7°!F5,"") | D6: =IF(RESUMEN_7°!S5="✓ APROBADO",RESUMEN_7°!R5,"") | E6: =IF(RESUMEN_7°!S5="✓ APROBADO",IFERROR(ROUND(AVERAGE(RESUMEN_7°!F5,RESUMEN_7°!R5),1),""),"")
A7: =IF(RESUMEN_7°!S6="✓ APROBADO",2,"") | B7: =IF(RESUMEN_7°!S6="✓ APROBADO",RESUMEN_7°!B6,"") | C7: =IF(RESUMEN_7°!S6="✓ APROBADO",RESUMEN_7°!F6,"") | D7: =IF(RESUMEN_7°!S6="✓ APROBADO",RESUMEN_7°!R6,"") | E7: =IF(RESUMEN_7°!S6="✓ APROBADO",IFERROR(ROUND(AVERAGE(RESUMEN_7°!F6,RESUMEN_7°!R6),1),""),"")
A8: =IF(RESUMEN_7°!S7="✓ APROBADO",3,"") | B8: =IF(RESUMEN_7°!S7="✓ APROBADO",RESUMEN_7°!B7,"") | C8: =IF(RESUMEN_7°!S7="✓ APROBADO",RESUMEN_7°!F7,"") | D8: =IF(RESUMEN_7°!S7="✓ APROBADO",RESUMEN_7°!R7,"") | E8: =IF(RESUMEN_7°!S7="✓ APROBADO",IFERROR(ROUND(AVERAGE(RESUMEN_7°!F7,RESUMEN_7°!R7),1),""),"")
A9: =IF(RESUMEN_7°!S8="✓ APROBADO",4,"") | B9: =IF(RESUMEN_7°!S8="✓ APROBADO",RESUMEN_7°!B8,"") | C9: =IF(RESUMEN_7°!S8="✓ APROBADO",RESUMEN_7°!F8,"") | D9: =IF(RESUMEN_7°!S8="✓ APROBADO",RESUMEN_7°!R8,"") | E9: =IF(RESUMEN_7°!S8="✓ APROBADO",IFERROR(ROUND(AVERAGE(RESUMEN_7°!F8,RESUMEN_7°!R8),1),""),"")
A10: =IF(RESUMEN_7°!S9="✓ APROBADO",5,"") | B10: =IF(RESUMEN_7°!S9="✓ APROBADO",RESUMEN_7°!B9,"") | C10: =IF(RESUMEN_7°!S9="✓ APROBADO",RESUMEN_7°!F9,"") | D10: =IF(RESUMEN_7°!S9="✓ APROBADO",RESUMEN_7°!R9,"") | E10: =IF(RESUMEN_7°!S9="✓ APROBADO",IFERROR(ROUND(AVERAGE(RESUMEN_7°!F9,RESUMEN_7°!R9),1),""),"")
A11: =IF(RESUMEN_7°!S10="✓ APROBADO",6,"") | B11: =IF(RESUMEN_7°!S10="✓ APROBADO",RESUMEN_7°!B10,"") | C11: =IF(RESUMEN_7°!S10="✓ APROBADO",RESUMEN_7°!F10,"") | D11: =IF(RESUMEN_7°!S10="✓ APROBADO",RESUMEN_7°!R10,"") | E11: =IF(RESUMEN_7°!S10="✓ APROBADO",IFERROR(ROUND(AVERAGE(RESUMEN_7°!F10,RESUMEN_7°!R10),1),""),"")
A12: =IF(RESUMEN_7°!S11="✓ APROBADO",7,"") | B12: =IF(RESUMEN_7°!S11="✓ APROBADO",RESUMEN_7°!B11,"") | C12: =IF(RESUMEN_7°!S11="✓ APROBADO",RESUMEN_7°!F11,"") | D12: =IF(RESUMEN_7°!S11="✓ APROBADO",RESUMEN_7°!R11,"") | E12: =IF(RESUMEN_7°!S11="✓ APROBADO",IFERROR(ROUND(AVERAGE(RESUMEN_7°!F11,RESUMEN_7°!R11),1),""),"")
A13: =IF(RESUMEN_7°!S12="✓ APROBADO",8,"") | B13: =IF(RESUMEN_7°!S12="✓ APROBADO",RESUMEN_7°!B12,"") | C13: =IF(RESUMEN_7°!S12="✓ APROBADO",RESUMEN_7°!F12,"") | D13: =IF(RESUMEN_7°!S12="✓ APROBADO",RESUMEN_7°!R12,"") | E13: =IF(RESUMEN_7°!S12="✓ APROBADO",IFERROR(ROUND(AVERAGE(RESUMEN_7°!F12,RESUMEN_7°!R12),1),""),"")
A14: =IF(RESUMEN_7°!S13="✓ APROBADO",9,"") | B14: =IF(RESUMEN_7°!S13="✓ APROBADO",RESUMEN_7°!B13,"") | C14: =IF(RESUMEN_7°!S13="✓ APROBADO",RESUMEN_7°!F13,"") | D14: =IF(RESUMEN_7°!S13="✓ APROBADO",RESUMEN_7°!R13,"") | E14: =IF(RESUMEN_7°!S13="✓ APROBADO",IFERROR(ROUND(AVERAGE(RESUMEN_7°!F13,RESUMEN_7°!R13),1),""),"")
A15: =IF(RESUMEN_7°!S14="✓ APROBADO",10,"") | B15: =IF(RESUMEN_7°!S14="✓ APROBADO",RESUMEN_7°!B14,"") | C15: =IF(RESUMEN_7°!S14="✓ APROBADO",RESUMEN_7°!F14,"") | D15: =IF(RESUMEN_7°!S14="✓ APROBADO",RESUMEN_7°!R14,"") | E15: =IF(RESUMEN_7°!S14="✓ APROBADO",IFERROR(ROUND(AVERAGE(RESUMEN_7°!F14,RESUMEN_7°!R14),1),""),"")
A16: =IF(RESUMEN_7°!S15="✓ APROBADO",11,"") | B16: =IF(RESUMEN_7°!S15="✓ APROBADO",RESUMEN_7°!B15,"") | C16: =IF(RESUMEN_7°!S15="✓ APROBADO",RESUMEN_7°!F15,"") | D16: =IF(RESUMEN_7°!S15="✓ APROBADO",RESUMEN_7°!R15,"") | E16: =IF(RESUMEN_7°!S15="✓ APROBADO",IFERROR(ROUND(AVERAGE(RESUMEN_7°!F15,RESUMEN_7°!R15),1),""),"")
A17: =IF(RESUMEN_7°!S16="✓ APROBADO",12,"") | B17: =IF(RESUMEN_7°!S16="✓ APROBADO",RESUMEN_7°!B16,"") | C17: =IF(RESUMEN_7°!S16="✓ APROBADO",RESUMEN_7°!F16,"") | D17: =IF(RESUMEN_7°!S16="✓ APROBADO",RESUMEN_7°!R16,"") | E17: =IF(RESUMEN_7°!S16="✓ APROBADO",IFERROR(ROUND(AVERAGE(RESUMEN_7°!F16,RESUMEN_7°!R16),1),""),"")
A18: =IF(RESUMEN_7°!S17="✓ APROBADO",13,"") | B18: =IF(RESUMEN_7°!S17="✓ APROBADO",RESUMEN_7°!B17,"") | C18: =IF(RESUMEN_7°!S17="✓ APROBADO",RESUMEN_7°!F17,"") | D18: =IF(RESUMEN_7°!S17="✓ APROBADO",RESUMEN_7°!R17,"") | E18: =IF(RESUMEN_7°!S17="✓ APROBADO",IFERROR(ROUND(AVERAGE(RESUMEN_7°!F17,RESUMEN_7°!R17),1),""),"")
A19: =IF(RESUMEN_7°!S18="✓ APROBADO",14,"") | B19: =IF(RESUMEN_7°!S18="✓ APROBADO",RESUMEN_7°!B18,"") | C19: =IF(RESUMEN_7°!S18="✓ APROBADO",RESUMEN_7°!F18,"") | D19: =IF(RESUMEN_7°!S18="✓ APROBADO",RESUMEN_7°!R18,"") | E19: =IF(RESUMEN_7°!S18="✓ APROBADO",IFERROR(ROUND(AVERAGE(RESUMEN_7°!F18,RESUMEN_7°!R18),1),""),"")
A20: =IF(RESUMEN_7°!S19="✓ APROBADO",15,"") | B20: =IF(RESUMEN_7°!S19="✓ APROBADO",RESUMEN_7°!B19,"") | C20: =IF(RESUMEN_7°!S19="✓ APROBADO",RESUMEN_7°!F19,"") | D20: =IF(RESUMEN_7°!S19="✓ APROBADO",RESUMEN_7°!R19,"") | E20: =IF(RESUMEN_7°!S19="✓ APROBADO",IFERROR(ROUND(AVERAGE(RESUMEN_7°!F19,RESUMEN_7°!R19),1),""),"")
A21: =IF(RESUMEN_7°!S20="✓ APROBADO",16,"") | B21: =IF(RESUMEN_7°!S20="✓ APROBADO",RESUMEN_7°!B20,"") | C21: =IF(RESUMEN_7°!S20="✓ APROBADO",RESUMEN_7°!F20,"") | D21: =IF(RESUMEN_7°!S20="✓ APROBADO",RESUMEN_7°!R20,"") | E21: =IF(RESUMEN_7°!S20="✓ APROBADO",IFERROR(ROUND(AVERAGE(RESUMEN_7°!F20,RESUMEN_7°!R20),1),""),"")
A22: =IF(RESUMEN_7°!S21="✓ APROBADO",17,"") | B22: =IF(RESUMEN_7°!S21="✓ APROBADO",RESUMEN_7°!B21,"") | C22: =IF(RESUMEN_7°!S21="✓ APROBADO",RESUMEN_7°!F21,"") | D22: =IF(RESUMEN_7°!S21="✓ APROBADO",RESUMEN_7°!R21,"") | E22: =IF(RESUMEN_7°!S21="✓ APROBADO",IFERROR(ROUND(AVERAGE(RESUMEN_7°!F21,RESUMEN_7°!R21),1),""),"")
A23: =IF(RESUMEN_7°!S22="✓ APROBADO",18,"") | B23: =IF(RESUMEN_7°!S22="✓ APROBADO",RESUMEN_7°!B22,"") | C23: =IF(RESUMEN_7°!S22="✓ APROBADO",RESUMEN_7°!F22,"") | D23: =IF(RESUMEN_7°!S22="✓ APROBADO",RESUMEN_7°!R22,"") | E23: =IF(RESUMEN_7°!S22="✓ APROBADO",IFERROR(ROUND(AVERAGE(RESUMEN_7°!F22,RESUMEN_7°!R22),1),""),"")
A24: =IF(RESUMEN_7°!S23="✓ APROBADO",19,"") | B24: =IF(RESUMEN_7°!S23="✓ APROBADO",RESUMEN_7°!B23,"") | C24: =IF(RESUMEN_7°!S23="✓ APROBADO",RESUMEN_7°!F23,"") | D24: =IF(RESUMEN_7°!S23="✓ APROBADO",RESUMEN_7°!R23,"") | E24: =IF(RESUMEN_7°!S23="✓ APROBADO",IFERROR(ROUND(AVERAGE(RESUMEN_7°!F23,RESUMEN_7°!R23),1),""),"")
A25: =IF(RESUMEN_7°!S24="✓ APROBADO",20,"") | B25: =IF(RESUMEN_7°!S24="✓ APROBADO",RESUMEN_7°!B24,"") | C25: =IF(RESUMEN_7°!S24="✓ APROBADO",RESUMEN_7°!F24,"") | D25: =IF(RESUMEN_7°!S24="✓ APROBADO",RESUMEN_7°!R24,"") | E25: =IF(RESUMEN_7°!S24="✓ APROBADO",IFERROR(ROUND(AVERAGE(RESUMEN_7°!F24,RESUMEN_7°!R24),1),""),"")
A26: =IF(RESUMEN_7°!S25="✓ APROBADO",21,"") | B26: =IF(RESUMEN_7°!S25="✓ APROBADO",RESUMEN_7°!B25,"") | C26: =IF(RESUMEN_7°!S25="✓ APROBADO",RESUMEN_7°!F25,"") | D26: =IF(RESUMEN_7°!S25="✓ APROBADO",RESUMEN_7°!R25,"") | E26: =IF(RESUMEN_7°!S25="✓ APROBADO",IFERROR(ROUND(AVERAGE(RESUMEN_7°!F25,RESUMEN_7°!R25),1),""),"")
A27: =IF(RESUMEN_7°!S26="✓ APROBADO",22,"") | B27: =IF(RESUMEN_7°!S26="✓ APROBADO",RESUMEN_7°!B26,"") | C27: =IF(RESUMEN_7°!S26="✓ APROBADO",RESUMEN_7°!F26,"") | D27: =IF(RESUMEN_7°!S26="✓ APROBADO",RESUMEN_7°!R26,"") | E27: =IF(RESUMEN_7°!S26="✓ APROBADO",IFERROR(ROUND(AVERAGE(RESUMEN_7°!F26,RESUMEN_7°!R26),1),""),"")
A28: =IF(RESUMEN_7°!S27="✓ APROBADO",23,"") | B28: =IF(RESUMEN_7°!S27="✓ APROBADO",RESUMEN_7°!B27,"") | C28: =IF(RESUMEN_7°!S27="✓ APROBADO",RESUMEN_7°!F27,"") | D28: =IF(RESUMEN_7°!S27="✓ APROBADO",RESUMEN_7°!R27,"") | E28: =IF(RESUMEN_7°!S27="✓ APROBADO",IFERROR(ROUND(AVERAGE(RESUMEN_7°!F27,RESUMEN_7°!R27),1),""),"")
A29: =IF(RESUMEN_7°!S28="✓ APROBADO",24,"") | B29: =IF(RESUMEN_7°!S28="✓ APROBADO",RESUMEN_7°!B28,"") | C29: =IF(RESUMEN_7°!S28="✓ APROBADO",RESUMEN_7°!F28,"") | D29: =IF(RESUMEN_7°!S28="✓ APROBADO",RESUMEN_7°!R28,"") | E29: =IF(RESUMEN_7°!S28="✓ APROBADO",IFERROR(ROUND(AVERAGE(RESUMEN_7°!F28,RESUMEN_7°!R28),1),""),"")
A30: =IF(RESUMEN_7°!S29="✓ APROBADO",25,"") | B30: =IF(RESUMEN_7°!S29="✓ APROBADO",RESUMEN_7°!B29,"") | C30: =IF(RESUMEN_7°!S29="✓ APROBADO",RESUMEN_7°!F29,"") | D30: =IF(RESUMEN_7°!S29="✓ APROBADO",RESUMEN_7°!R29,"") | E30: =IF(RESUMEN_7°!S29="✓ APROBADO",IFERROR(ROUND(AVERAGE(RESUMEN_7°!F29,RESUMEN_7°!R29),1),""),"")
A31: =IF(RESUMEN_7°!S30="✓ APROBADO",26,"") | B31: =IF(RESUMEN_7°!S30="✓ APROBADO",RESUMEN_7°!B30,"") | C31: =IF(RESUMEN_7°!S30="✓ APROBADO",RESUMEN_7°!F30,"") | D31: =IF(RESUMEN_7°!S30="✓ APROBADO",RESUMEN_7°!R30,"") | E31: =IF(RESUMEN_7°!S30="✓ APROBADO",IFERROR(ROUND(AVERAGE(RESUMEN_7°!F30,RESUMEN_7°!R30),1),""),"")
A32: =IF(RESUMEN_7°!S31="✓ APROBADO",27,"") | B32: =IF(RESUMEN_7°!S31="✓ APROBADO",RESUMEN_7°!B31,"") | C32: =IF(RESUMEN_7°!S31="✓ APROBADO",RESUMEN_7°!F31,"") | D32: =IF(RESUMEN_7°!S31="✓ APROBADO",RESUMEN_7°!R31,"") | E32: =IF(RESUMEN_7°!S31="✓ APROBADO",IFERROR(ROUND(AVERAGE(RESUMEN_7°!F31,RESUMEN_7°!R31),1),""),"")
A33: =IF(RESUMEN_7°!S32="✓ APROBADO",28,"") | B33: =IF(RESUMEN_7°!S32="✓ APROBADO",RESUMEN_7°!B32,"") | C33: =IF(RESUMEN_7°!S32="✓ APROBADO",RESUMEN_7°!F32,"") | D33: =IF(RESUMEN_7°!S32="✓ APROBADO",RESUMEN_7°!R32,"") | E33: =IF(RESUMEN_7°!S32="✓ APROBADO",IFERROR(ROUND(AVERAGE(RESUMEN_7°!F32,RESUMEN_7°!R32),1),""),"")
A34: =IF(RESUMEN_7°!S33="✓ APROBADO",29,"") | B34: =IF(RESUMEN_7°!S33="✓ APROBADO",RESUMEN_7°!B33,"") | C34: =IF(RESUMEN_7°!S33="✓ APROBADO",RESUMEN_7°!F33,"") | D34: =IF(RESUMEN_7°!S33="✓ APROBADO",RESUMEN_7°!R33,"") | E34: =IF(RESUMEN_7°!S33="✓ APROBADO",IFERROR(ROUND(AVERAGE(RESUMEN_7°!F33,RESUMEN_7°!R33),1),""),"")
A35: =IF(RESUMEN_7°!S34="✓ APROBADO",30,"") | B35: =IF(RESUMEN_7°!S34="✓ APROBADO",RESUMEN_7°!B34,"") | C35: =IF(RESUMEN_7°!S34="✓ APROBADO",RESUMEN_7°!F34,"") | D35: =IF(RESUMEN_7°!S34="✓ APROBADO",RESUMEN_7°!R34,"") | E35: =IF(RESUMEN_7°!S34="✓ APROBADO",IFERROR(ROUND(AVERAGE(RESUMEN_7°!F34,RESUMEN_7°!R34),1),""),"")
A36: =IF(RESUMEN_7°!S35="✓ APROBADO",31,"") | B36: =IF(RESUMEN_7°!S35="✓ APROBADO",RESUMEN_7°!B35,"") | C36: =IF(RESUMEN_7°!S35="✓ APROBADO",RESUMEN_7°!F35,"") | D36: =IF(RESUMEN_7°!S35="✓ APROBADO",RESUMEN_7°!R35,"") | E36: =IF(RESUMEN_7°!S35="✓ APROBADO",IFERROR(ROUND(AVERAGE(RESUMEN_7°!F35,RESUMEN_7°!R35),1),""),"")
A37: =IF(RESUMEN_7°!S36="✓ APROBADO",32,"") | B37: =IF(RESUMEN_7°!S36="✓ APROBADO",RESUMEN_7°!B36,"") | C37: =IF(RESUMEN_7°!S36="✓ APROBADO",RESUMEN_7°!F36,"") | D37: =IF(RESUMEN_7°!S36="✓ APROBADO",RESUMEN_7°!R36,"") | E37: =IF(RESUMEN_7°!S36="✓ APROBADO",IFERROR(ROUND(AVERAGE(RESUMEN_7°!F36,RESUMEN_7°!R36),1),""),"")
A38: =IF(RESUMEN_7°!S37="✓ APROBADO",33,"") | B38: =IF(RESUMEN_7°!S37="✓ APROBADO",RESUMEN_7°!B37,"") | C38: =IF(RESUMEN_7°!S37="✓ APROBADO",RESUMEN_7°!F37,"") | D38: =IF(RESUMEN_7°!S37="✓ APROBADO",RESUMEN_7°!R37,"") | E38: =IF(RESUMEN_7°!S37="✓ APROBADO",IFERROR(ROUND(AVERAGE(RESUMEN_7°!F37,RESUMEN_7°!R37),1),""),"")
A39: =IF(RESUMEN_7°!S38="✓ APROBADO",34,"") | B39: =IF(RESUMEN_7°!S38="✓ APROBADO",RESUMEN_7°!B38,"") | C39: =IF(RESUMEN_7°!S38="✓ APROBADO",RESUMEN_7°!F38,"") | D39: =IF(RESUMEN_7°!S38="✓ APROBADO",RESUMEN_7°!R38,"") | E39: =IF(RESUMEN_7°!S38="✓ APROBADO",IFERROR(ROUND(AVERAGE(RESUMEN_7°!F38,RESUMEN_7°!R38),1),""),"")
A40: =IF(RESUMEN_7°!S39="✓ APROBADO",35,"") | B40: =IF(RESUMEN_7°!S39="✓ APROBADO",RESUMEN_7°!B39,"") | C40: =IF(RESUMEN_7°!S39="✓ APROBADO",RESUMEN_7°!F39,"") | D40: =IF(RESUMEN_7°!S39="✓ APROBADO",RESUMEN_7°!R39,"") | E40: =IF(RESUMEN_7°!S39="✓ APROBADO",IFERROR(ROUND(AVERAGE(RESUMEN_7°!F39,RESUMEN_7°!R39),1),""),"")
A41: =IF(RESUMEN_7°!S40="✓ APROBADO",36,"") | B41: =IF(RESUMEN_7°!S40="✓ APROBADO",RESUMEN_7°!B40,"") | C41: =IF(RESUMEN_7°!S40="✓ APROBADO",RESUMEN_7°!F40,"") | D41: =IF(RESUMEN_7°!S40="✓ APROBADO",RESUMEN_7°!R40,"") | E41: =IF(RESUMEN_7°!S40="✓ APROBADO",IFERROR(ROUND(AVERAGE(RESUMEN_7°!F40,RESUMEN_7°!R40),1),""),"")
A42: =IF(RESUMEN_7°!S41="✓ APROBADO",37,"") | B42: =IF(RESUMEN_7°!S41="✓ APROBADO",RESUMEN_7°!B41,"") | C42: =IF(RESUMEN_7°!S41="✓ APROBADO",RESUMEN_7°!F41,"") | D42: =IF(RESUMEN_7°!S41="✓ APROBADO",RESUMEN_7°!R41,"") | E42: =IF(RESUMEN_7°!S41="✓ APROBADO",IFERROR(ROUND(AVERAGE(RESUMEN_7°!F41,RESUMEN_7°!R41),1),""),"")
A43: =IF(RESUMEN_7°!S42="✓ APROBADO",38,"") | B43: =IF(RESUMEN_7°!S42="✓ APROBADO",RESUMEN_7°!B42,"") | C43: =IF(RESUMEN_7°!S42="✓ APROBADO",RESUMEN_7°!F42,"") | D43: =IF(RESUMEN_7°!S42="✓ APROBADO",RESUMEN_7°!R42,"") | E43: =IF(RESUMEN_7°!S42="✓ APROBADO",IFERROR(ROUND(AVERAGE(RESUMEN_7°!F42,RESUMEN_7°!R42),1),""),"")
A44: =IF(RESUMEN_7°!S43="✓ APROBADO",39,"") | B44: =IF(RESUMEN_7°!S43="✓ APROBADO",RESUMEN_7°!B43,"") | C44: =IF(RESUMEN_7°!S43="✓ APROBADO",RESUMEN_7°!F43,"") | D44: =IF(RESUMEN_7°!S43="✓ APROBADO",RESUMEN_7°!R43,"") | E44: =IF(RESUMEN_7°!S43="✓ APROBADO",IFERROR(ROUND(AVERAGE(RESUMEN_7°!F43,RESUMEN_7°!R43),1),""),"")
A45: =IF(RESUMEN_7°!S44="✓ APROBADO",40,"") | B45: =IF(RESUMEN_7°!S44="✓ APROBADO",RESUMEN_7°!B44,"") | C45: =IF(RESUMEN_7°!S44="✓ APROBADO",RESUMEN_7°!F44,"") | D45: =IF(RESUMEN_7°!S44="✓ APROBADO",RESUMEN_7°!R44,"") | E45: =IF(RESUMEN_7°!S44="✓ APROBADO",IFERROR(ROUND(AVERAGE(RESUMEN_7°!F44,RESUMEN_7°!R44),1),""),"")
A46: Total aprobados 7°: | C46: =COUNTIF(RESUMEN_7°!S5:'RESUMEN_7°'!S44,"✓ APROBADO") -> 0
A48: ESTUDIANTES APROBADOS — 8° GRADO
A49: No. | B49: APELLIDO, NOMBRE | C49: INGLÉS FINAL | D49: TECNOLOGÍA FINAL | E49: NOTA PROMEDIO
A50: =IF(RESUMEN_8°!S5="✓ APROBADO",1,"") | B50: =IF(RESUMEN_8°!S5="✓ APROBADO",RESUMEN_8°!B5,"") | C50: =IF(RESUMEN_8°!S5="✓ APROBADO",RESUMEN_8°!F5,"") | D50: =IF(RESUMEN_8°!S5="✓ APROBADO",RESUMEN_8°!R5,"") | E50: =IF(RESUMEN_8°!S5="✓ APROBADO",IFERROR(ROUND(AVERAGE(RESUMEN_8°!F5,RESUMEN_8°!R5),1),""),"")
A51: =IF(RESUMEN_8°!S6="✓ APROBADO",2,"") | B51: =IF(RESUMEN_8°!S6="✓ APROBADO",RESUMEN_8°!B6,"") | C51: =IF(RESUMEN_8°!S6="✓ APROBADO",RESUMEN_8°!F6,"") | D51: =IF(RESUMEN_8°!S6="✓ APROBADO",RESUMEN_8°!R6,"") | E51: =IF(RESUMEN_8°!S6="✓ APROBADO",IFERROR(ROUND(AVERAGE(RESUMEN_8°!F6,RESUMEN_8°!R6),1),""),"")
A52: =IF(RESUMEN_8°!S7="✓ APROBADO",3,"") | B52: =IF(RESUMEN_8°!S7="✓ APROBADO",RESUMEN_8°!B7,"") | C52: =IF(RESUMEN_8°!S7="✓ APROBADO",RESUMEN_8°!F7,"") | D52: =IF(RESUMEN_8°!S7="✓ APROBADO",RESUMEN_8°!R7,"") | E52: =IF(RESUMEN_8°!S7="✓ APROBADO",IFERROR(ROUND(AVERAGE(RESUMEN_8°!F7,RESUMEN_8°!R7),1),""),"")
A53: =IF(RESUMEN_8°!S8="✓ APROBADO",4,"") | B53: =IF(RESUMEN_8°!S8="✓ APROBADO",RESUMEN_8°!B8,"") | C53: =IF(RESUMEN_8°!S8="✓ APROBADO",RESUMEN_8°!F8,"") | D53: =IF(RESUMEN_8°!S8="✓ APROBADO",RESUMEN_8°!R8,"") | E53: =IF(RESUMEN_8°!S8="✓ APROBADO",IFERROR(ROUND(AVERAGE(RESUMEN_8°!F8,RESUMEN_8°!R8),1),""),"")
A54: =IF(RESUMEN_8°!S9="✓ APROBADO",5,"") | B54: =IF(RESUMEN_8°!S9="✓ APROBADO",RESUMEN_8°!B9,"") | C54: =IF(RESUMEN_8°!S9="✓ APROBADO",RESUMEN_8°!F9,"") | D54: =IF(RESUMEN_8°!S9="✓ APROBADO",RESUMEN_8°!R9,"") | E54: =IF(RESUMEN_8°!S9="✓ APROBADO",IFERROR(ROUND(AVERAGE(RESUMEN_8°!F9,RESUMEN_8°!R9),1),""),"")
A55: =IF(RESUMEN_8°!S10="✓ APROBADO",6,"") | B55: =IF(RESUMEN_8°!S10="✓ APROBADO",RESUMEN_8°!B10,"") | C55: =IF(RESUMEN_8°!S10="✓ APROBADO",RESUMEN_8°!F10,"") | D55: =IF(RESUMEN_8°!S10="✓ APROBADO",RESUMEN_8°!R10,"") | E55: =IF(RESUMEN_8°!S10="✓ APROBADO",IFERROR(ROUND(AVERAGE(RESUMEN_8°!F10,RESUMEN_8°!R10),1),""),"")
A56: =IF(RESUMEN_8°!S11="✓ APROBADO",7,"") | B56: =IF(RESUMEN_8°!S11="✓ APROBADO",RESUMEN_8°!B11,"") | C56: =IF(RESUMEN_8°!S11="✓ APROBADO",RESUMEN_8°!F11,"") | D56: =IF(RESUMEN_8°!S11="✓ APROBADO",RESUMEN_8°!R11,"") | E56: =IF(RESUMEN_8°!S11="✓ APROBADO",IFERROR(ROUND(AVERAGE(RESUMEN_8°!F11,RESUMEN_8°!R11),1),""),"")
A57: =IF(RESUMEN_8°!S12="✓ APROBADO",8,"") | B57: =IF(RESUMEN_8°!S12="✓ APROBADO",RESUMEN_8°!B12,"") | C57: =IF(RESUMEN_8°!S12="✓ APROBADO",RESUMEN_8°!F12,"") | D57: =IF(RESUMEN_8°!S12="✓ APROBADO",RESUMEN_8°!R12,"") | E57: =IF(RESUMEN_8°!S12="✓ APROBADO",IFERROR(ROUND(AVERAGE(RESUMEN_8°!F12,RESUMEN_8°!R12),1),""),"")
A58: =IF(RESUMEN_8°!S13="✓ APROBADO",9,"") | B58: =IF(RESUMEN_8°!S13="✓ APROBADO",RESUMEN_8°!B13,"") | C58: =IF(RESUMEN_8°!S13="✓ APROBADO",RESUMEN_8°!F13,"") | D58: =IF(RESUMEN_8°!S13="✓ APROBADO",RESUMEN_8°!R13,"") | E58: =IF(RESUMEN_8°!S13="✓ APROBADO",IFERROR(ROUND(AVERAGE(RESUMEN_8°!F13,RESUMEN_8°!R13),1),""),"")
A59: =IF(RESUMEN_8°!S14="✓ APROBADO",10,"") | B59: =IF(RESUMEN_8°!S14="✓ APROBADO",RESUMEN_8°!B14,"") | C59: =IF(RESUMEN_8°!S14="✓ APROBADO",RESUMEN_8°!F14,"") | D59: =IF(RESUMEN_8°!S14="✓ APROBADO",RESUMEN_8°!R14,"") | E59: =IF(RESUMEN_8°!S14="✓ APROBADO",IFERROR(ROUND(AVERAGE(RESUMEN_8°!F14,RESUMEN_8°!R14),1),""),"")
A60: =IF(RESUMEN_8°!S15="✓ APROBADO",11,"") | B60: =IF(RESUMEN_8°!S15="✓ APROBADO",RESUMEN_8°!B15,"") | C60: =IF(RESUMEN_8°!S15="✓ APROBADO",RESUMEN_8°!F15,"") | D60: =IF(RESUMEN_8°!S15="✓ APROBADO",RESUMEN_8°!R15,"") | E60: =IF(RESUMEN_8°!S15="✓ APROBADO",IFERROR(ROUND(AVERAGE(RESUMEN_8°!F15,RESUMEN_8°!R15),1),""),"")
A61: =IF(RESUMEN_8°!S16="✓ APROBADO",12,"") | B61: =IF(RESUMEN_8°!S16="✓ APROBADO",RESUMEN_8°!B16,"") | C61: =IF(RESUMEN_8°!S16="✓ APROBADO",RESUMEN_8°!F16,"") | D61: =IF(RESUMEN_8°!S16="✓ APROBADO",RESUMEN_8°!R16,"") | E61: =IF(RESUMEN_8°!S16="✓ APROBADO",IFERROR(ROUND(AVERAGE(RESUMEN_8°!F16,RESUMEN_8°!R16),1),""),"")
A62: =IF(RESUMEN_8°!S17="✓ APROBADO",13,"") | B62: =IF(RESUMEN_8°!S17="✓ APROBADO",RESUMEN_8°!B17,"") | C62: =IF(RESUMEN_8°!S17="✓ APROBADO",RESUMEN_8°!F17,"") | D62: =IF(RESUMEN_8°!S17="✓ APROBADO",RESUMEN_8°!R17,"") | E62: =IF(RESUMEN_8°!S17="✓ APROBADO",IFERROR(ROUND(AVERAGE(RESUMEN_8°!F17,RESUMEN_8°!R17),1),""),"")
A63: =IF(RESUMEN_8°!S18="✓ APROBADO",14,"") | B63: =IF(RESUMEN_8°!S18="✓ APROBADO",RESUMEN_8°!B18,"") | C63: =IF(RESUMEN_8°!S18="✓ APROBADO",RESUMEN_8°!F18,"") | D63: =IF(RESUMEN_8°!S18="✓ APROBADO",RESUMEN_8°!R18,"") | E63: =IF(RESUMEN_8°!S18="✓ APROBADO",IFERROR(ROUND(AVERAGE(RESUMEN_8°!F18,RESUMEN_8°!R18),1),""),"")
A64: =IF(RESUMEN_8°!S19="✓ APROBADO",15,"") | B64: =IF(RESUMEN_8°!S19="✓ APROBADO",RESUMEN_8°!B19,"") | C64: =IF(RESUMEN_8°!S19="✓ APROBADO",RESUMEN_8°!F19,"") | D64: =IF(RESUMEN_8°!S19="✓ APROBADO",RESUMEN_8°!R19,"") | E64: =IF(RESUMEN_8°!S19="✓ APROBADO",IFERROR(ROUND(AVERAGE(RESUMEN_8°!F19,RESUMEN_8°!R19),1),""),"")
A65: =IF(RESUMEN_8°!S20="✓ APROBADO",16,"") | B65: =IF(RESUMEN_8°!S20="✓ APROBADO",RESUMEN_8°!B20,"") | C65: =IF(RESUMEN_8°!S20="✓ APROBADO",RESUMEN_8°!F20,"") | D65: =IF(RESUMEN_8°!S20="✓ APROBADO",RESUMEN_8°!R20,"") | E65: =IF(RESUMEN_8°!S20="✓ APROBADO",IFERROR(ROUND(AVERAGE(RESUMEN_8°!F20,RESUMEN_8°!R20),1),""),"")
A66: =IF(RESUMEN_8°!S21="✓ APROBADO",17,"") | B66: =IF(RESUMEN_8°!S21="✓ APROBADO",RESUMEN_8°!B21,"") | C66: =IF(RESUMEN_8°!S21="✓ APROBADO",RESUMEN_8°!F21,"") | D66: =IF(RESUMEN_8°!S21="✓ APROBADO",RESUMEN_8°!R21,"") | E66: =IF(RESUMEN_8°!S21="✓ APROBADO",IFERROR(ROUND(AVERAGE(RESUMEN_8°!F21,RESUMEN_8°!R21),1),""),"")
A67: =IF(RESUMEN_8°!S22="✓ APROBADO",18,"") | B67: =IF(RESUMEN_8°!S22="✓ APROBADO",RESUMEN_8°!B22,"") | C67: =IF(RESUMEN_8°!S22="✓ APROBADO",RESUMEN_8°!F22,"") | D67: =IF(RESUMEN_8°!S22="✓ APROBADO",RESUMEN_8°!R22,"") | E67: =IF(RESUMEN_8°!S22="✓ APROBADO",IFERROR(ROUND(AVERAGE(RESUMEN_8°!F22,RESUMEN_8°!R22),1),""),"")
A68: =IF(RESUMEN_8°!S23="✓ APROBADO",19,"") | B68: =IF(RESUMEN_8°!S23="✓ APROBADO",RESUMEN_8°!B23,"") | C68: =IF(RESUMEN_8°!S23="✓ APROBADO",RESUMEN_8°!F23,"") | D68: =IF(RESUMEN_8°!S23="✓ APROBADO",RESUMEN_8°!R23,"") | E68: =IF(RESUMEN_8°!S23="✓ APROBADO",IFERROR(ROUND(AVERAGE(RESUMEN_8°!F23,RESUMEN_8°!R23),1),""),"")
A69: =IF(RESUMEN_8°!S24="✓ APROBADO",20,"") | B69: =IF(RESUMEN_8°!S24="✓ APROBADO",RESUMEN_8°!B24,"") | C69: =IF(RESUMEN_8°!S24="✓ APROBADO",RESUMEN_8°!F24,"") | D69: =IF(RESUMEN_8°!S24="✓ APROBADO",RESUMEN_8°!R24,"") | E69: =IF(RESUMEN_8°!S24="✓ APROBADO",IFERROR(ROUND(AVERAGE(RESUMEN_8°!F24,RESUMEN_8°!R24),1),""),"")
A70: =IF(RESUMEN_8°!S25="✓ APROBADO",21,"") | B70: =IF(RESUMEN_8°!S25="✓ APROBADO",RESUMEN_8°!B25,"") | C70: =IF(RESUMEN_8°!S25="✓ APROBADO",RESUMEN_8°!F25,"") | D70: =IF(RESUMEN_8°!S25="✓ APROBADO",RESUMEN_8°!R25,"") | E70: =IF(RESUMEN_8°!S25="✓ APROBADO",IFERROR(ROUND(AVERAGE(RESUMEN_8°!F25,RESUMEN_8°!R25),1),""),"")
A71: =IF(RESUMEN_8°!S26="✓ APROBADO",22,"") | B71: =IF(RESUMEN_8°!S26="✓ APROBADO",RESUMEN_8°!B26,"") | C71: =IF(RESUMEN_8°!S26="✓ APROBADO",RESUMEN_8°!F26,"") | D71: =IF(RESUMEN_8°!S26="✓ APROBADO",RESUMEN_8°!R26,"") | E71: =IF(RESUMEN_8°!S26="✓ APROBADO",IFERROR(ROUND(AVERAGE(RESUMEN_8°!F26,RESUMEN_8°!R26),1),""),"")
A72: =IF(RESUMEN_8°!S27="✓ APROBADO",23,"") | B72: =IF(RESUMEN_8°!S27="✓ APROBADO",RESUMEN_8°!B27,"") | C72: =IF(RESUMEN_8°!S27="✓ APROBADO",RESUMEN_8°!F27,"") | D72: =IF(RESUMEN_8°!S27="✓ APROBADO",RESUMEN_8°!R27,"") | E72: =IF(RESUMEN_8°!S27="✓ APROBADO",IFERROR(ROUND(AVERAGE(RESUMEN_8°!F27,RESUMEN_8°!R27),1),""),"")
A73: =IF(RESUMEN_8°!S28="✓ APROBADO",24,"") | B73: =IF(RESUMEN_8°!S28="✓ APROBADO",RESUMEN_8°!B28,"") | C73: =IF(RESUMEN_8°!S28="✓ APROBADO",RESUMEN_8°!F28,"") | D73: =IF(RESUMEN_8°!S28="✓ APROBADO",RESUMEN_8°!R28,"") | E73: =IF(RESUMEN_8°!S28="✓ APROBADO",IFERROR(ROUND(AVERAGE(RESUMEN_8°!F28,RESUMEN_8°!R28),1),""),"")
A74: =IF(RESUMEN_8°!S29="✓ APROBADO",25,"") | B74: =IF(RESUMEN_8°!S29="✓ APROBADO",RESUMEN_8°!B29,"") | C74: =IF(RESUMEN_8°!S29="✓ APROBADO",RESUMEN_8°!F29,"") | D74: =IF(RESUMEN_8°!S29="✓ APROBADO",RESUMEN_8°!R29,"") | E74: =IF(RESUMEN_8°!S29="✓ APROBADO",IFERROR(ROUND(AVERAGE(RESUMEN_8°!F29,RESUMEN_8°!R29),1),""),"")
A75: =IF(RESUMEN_8°!S30="✓ APROBADO",26,"") | B75: =IF(RESUMEN_8°!S30="✓ APROBADO",RESUMEN_8°!B30,"") | C75: =IF(RESUMEN_8°!S30="✓ APROBADO",RESUMEN_8°!F30,"") | D75: =IF(RESUMEN_8°!S30="✓ APROBADO",RESUMEN_8°!R30,"") | E75: =IF(RESUMEN_8°!S30="✓ APROBADO",IFERROR(ROUND(AVERAGE(RESUMEN_8°!F30,RESUMEN_8°!R30),1),""),"")
A76: =IF(RESUMEN_8°!S31="✓ APROBADO",27,"") | B76: =IF(RESUMEN_8°!S31="✓ APROBADO",RESUMEN_8°!B31,"") | C76: =IF(RESUMEN_8°!S31="✓ APROBADO",RESUMEN_8°!F31,"") | D76: =IF(RESUMEN_8°!S31="✓ APROBADO",RESUMEN_8°!R31,"") | E76: =IF(RESUMEN_8°!S31="✓ APROBADO",IFERROR(ROUND(AVERAGE(RESUMEN_8°!F31,RESUMEN_8°!R31),1),""),"")
A77: =IF(RESUMEN_8°!S32="✓ APROBADO",28,"") | B77: =IF(RESUMEN_8°!S32="✓ APROBADO",RESUMEN_8°!B32,"") | C77: =IF(RESUMEN_8°!S32="✓ APROBADO",RESUMEN_8°!F32,"") | D77: =IF(RESUMEN_8°!S32="✓ APROBADO",RESUMEN_8°!R32,"") | E77: =IF(RESUMEN_8°!S32="✓ APROBADO",IFERROR(ROUND(AVERAGE(RESUMEN_8°!F32,RESUMEN_8°!R32),1),""),"")
A78: =IF(RESUMEN_8°!S33="✓ APROBADO",29,"") | B78: =IF(RESUMEN_8°!S33="✓ APROBADO",RESUMEN_8°!B33,"") | C78: =IF(RESUMEN_8°!S33="✓ APROBADO",RESUMEN_8°!F33,"") | D78: =IF(RESUMEN_8°!S33="✓ APROBADO",RESUMEN_8°!R33,"") | E78: =IF(RESUMEN_8°!S33="✓ APROBADO",IFERROR(ROUND(AVERAGE(RESUMEN_8°!F33,RESUMEN_8°!R33),1),""),"")
A79: =IF(RESUMEN_8°!S34="✓ APROBADO",30,"") | B79: =IF(RESUMEN_8°!S34="✓ APROBADO",RESUMEN_8°!B34,"") | C79: =IF(RESUMEN_8°!S34="✓ APROBADO",RESUMEN_8°!F34,"") | D79: =IF(RESUMEN_8°!S34="✓ APROBADO",RESUMEN_8°!R34,"") | E79: =IF(RESUMEN_8°!S34="✓ APROBADO",IFERROR(ROUND(AVERAGE(RESUMEN_8°!F34,RESUMEN_8°!R34),1),""),"")
A80: =IF(RESUMEN_8°!S35="✓ APROBADO",31,"") | B80: =IF(RESUMEN_8°!S35="✓ APROBADO",RESUMEN_8°!B35,"") | C80: =IF(RESUMEN_8°!S35="✓ APROBADO",RESUMEN_8°!F35,"") | D80: =IF(RESUMEN_8°!S35="✓ APROBADO",RESUMEN_8°!R35,"") | E80: =IF(RESUMEN_8°!S35="✓ APROBADO",IFERROR(ROUND(AVERAGE(RESUMEN_8°!F35,RESUMEN_8°!R35),1),""),"")
A81: =IF(RESUMEN_8°!S36="✓ APROBADO",32,"") | B81: =IF(RESUMEN_8°!S36="✓ APROBADO",RESUMEN_8°!B36,"") | C81: =IF(RESUMEN_8°!S36="✓ APROBADO",RESUMEN_8°!F36,"") | D81: =IF(RESUMEN_8°!S36="✓ APROBADO",RESUMEN_8°!R36,"") | E81: =IF(RESUMEN_8°!S36="✓ APROBADO",IFERROR(ROUND(AVERAGE(RESUMEN_8°!F36,RESUMEN_8°!R36),1),""),"")
A82: =IF(RESUMEN_8°!S37="✓ APROBADO",33,"") | B82: =IF(RESUMEN_8°!S37="✓ APROBADO",RESUMEN_8°!B37,"") | C82: =IF(RESUMEN_8°!S37="✓ APROBADO",RESUMEN_8°!F37,"") | D82: =IF(RESUMEN_8°!S37="✓ APROBADO",RESUMEN_8°!R37,"") | E82: =IF(RESUMEN_8°!S37="✓ APROBADO",IFERROR(ROUND(AVERAGE(RESUMEN_8°!F37,RESUMEN_8°!R37),1),""),"")
A83: =IF(RESUMEN_8°!S38="✓ APROBADO",34,"") | B83: =IF(RESUMEN_8°!S38="✓ APROBADO",RESUMEN_8°!B38,"") | C83: =IF(RESUMEN_8°!S38="✓ APROBADO",RESUMEN_8°!F38,"") | D83: =IF(RESUMEN_8°!S38="✓ APROBADO",RESUMEN_8°!R38,"") | E83: =IF(RESUMEN_8°!S38="✓ APROBADO",IFERROR(ROUND(AVERAGE(RESUMEN_8°!F38,RESUMEN_8°!R38),1),""),"")
A84: =IF(RESUMEN_8°!S39="✓ APROBADO",35,"") | B84: =IF(RESUMEN_8°!S39="✓ APROBADO",RESUMEN_8°!B39,"") | C84: =IF(RESUMEN_8°!S39="✓ APROBADO",RESUMEN_8°!F39,"") | D84: =IF(RESUMEN_8°!S39="✓ APROBADO",RESUMEN_8°!R39,"") | E84: =IF(RESUMEN_8°!S39="✓ APROBADO",IFERROR(ROUND(AVERAGE(RESUMEN_8°!F39,RESUMEN_8°!R39),1),""),"")
A85: =IF(RESUMEN_8°!S40="✓ APROBADO",36,"") | B85: =IF(RESUMEN_8°!S40="✓ APROBADO",RESUMEN_8°!B40,"") | C85: =IF(RESUMEN_8°!S40="✓ APROBADO",RESUMEN_8°!F40,"") | D85: =IF(RESUMEN_8°!S40="✓ APROBADO",RESUMEN_8°!R40,"") | E85: =IF(RESUMEN_8°!S40="✓ APROBADO",IFERROR(ROUND(AVERAGE(RESUMEN_8°!F40,RESUMEN_8°!R40),1),""),"")
A86: =IF(RESUMEN_8°!S41="✓ APROBADO",37,"") | B86: =IF(RESUMEN_8°!S41="✓ APROBADO",RESUMEN_8°!B41,"") | C86: =IF(RESUMEN_8°!S41="✓ APROBADO",RESUMEN_8°!F41,"") | D86: =IF(RESUMEN_8°!S41="✓ APROBADO",RESUMEN_8°!R41,"") | E86: =IF(RESUMEN_8°!S41="✓ APROBADO",IFERROR(ROUND(AVERAGE(RESUMEN_8°!F41,RESUMEN_8°!R41),1),""),"")
A87: =IF(RESUMEN_8°!S42="✓ APROBADO",38,"") | B87: =IF(RESUMEN_8°!S42="✓ APROBADO",RESUMEN_8°!B42,"") | C87: =IF(RESUMEN_8°!S42="✓ APROBADO",RESUMEN_8°!F42,"") | D87: =IF(RESUMEN_8°!S42="✓ APROBADO",RESUMEN_8°!R42,"") | E87: =IF(RESUMEN_8°!S42="✓ APROBADO",IFERROR(ROUND(AVERAGE(RESUMEN_8°!F42,RESUMEN_8°!R42),1),""),"")
A88: =IF(RESUMEN_8°!S43="✓ APROBADO",39,"") | B88: =IF(RESUMEN_8°!S43="✓ APROBADO",RESUMEN_8°!B43,"") | C88: =IF(RESUMEN_8°!S43="✓ APROBADO",RESUMEN_8°!F43,"") | D88: =IF(RESUMEN_8°!S43="✓ APROBADO",RESUMEN_8°!R43,"") | E88: =IF(RESUMEN_8°!S43="✓ APROBADO",IFERROR(ROUND(AVERAGE(RESUMEN_8°!F43,RESUMEN_8°!R43),1),""),"")
A89: =IF(RESUMEN_8°!S44="✓ APROBADO",40,"") | B89: =IF(RESUMEN_8°!S44="✓ APROBADO",RESUMEN_8°!B44,"") | C89: =IF(RESUMEN_8°!S44="✓ APROBADO",RESUMEN_8°!F44,"") | D89: =IF(RESUMEN_8°!S44="✓ APROBADO",RESUMEN_8°!R44,"") | E89: =IF(RESUMEN_8°!S44="✓ APROBADO",IFERROR(ROUND(AVERAGE(RESUMEN_8°!F44,RESUMEN_8°!R44),1),""),"")
A90: Total aprobados 8°: | C90: =COUNTIF(RESUMEN_8°!S5:'RESUMEN_8°'!S44,"✓ APROBADO") -> 0
A92: ESTUDIANTES APROBADOS — 9° GRADO
A93: No. | B93: APELLIDO, NOMBRE | C93: INGLÉS FINAL | D93: TECNOLOGÍA FINAL | E93: NOTA PROMEDIO
A94: =IF(RESUMEN_9°!W5="✓ APROBADO",1,"") | B94: =IF(RESUMEN_9°!W5="✓ APROBADO",RESUMEN_9°!B5,"") | C94: =IF(RESUMEN_9°!W5="✓ APROBADO",RESUMEN_9°!F5,"") | D94: =IF(RESUMEN_9°!W5="✓ APROBADO",RESUMEN_9°!V5,"") | E94: =IF(RESUMEN_9°!W5="✓ APROBADO",IFERROR(ROUND(AVERAGE(RESUMEN_9°!F5,RESUMEN_9°!V5),1),""),"")
A95: =IF(RESUMEN_9°!W6="✓ APROBADO",2,"") | B95: =IF(RESUMEN_9°!W6="✓ APROBADO",RESUMEN_9°!B6,"") | C95: =IF(RESUMEN_9°!W6="✓ APROBADO",RESUMEN_9°!F6,"") | D95: =IF(RESUMEN_9°!W6="✓ APROBADO",RESUMEN_9°!V6,"") | E95: =IF(RESUMEN_9°!W6="✓ APROBADO",IFERROR(ROUND(AVERAGE(RESUMEN_9°!F6,RESUMEN_9°!V6),1),""),"")
A96: =IF(RESUMEN_9°!W7="✓ APROBADO",3,"") | B96: =IF(RESUMEN_9°!W7="✓ APROBADO",RESUMEN_9°!B7,"") | C96: =IF(RESUMEN_9°!W7="✓ APROBADO",RESUMEN_9°!F7,"") | D96: =IF(RESUMEN_9°!W7="✓ APROBADO",RESUMEN_9°!V7,"") | E96: =IF(RESUMEN_9°!W7="✓ APROBADO",IFERROR(ROUND(AVERAGE(RESUMEN_9°!F7,RESUMEN_9°!V7),1),""),"")
A97: =IF(RESUMEN_9°!W8="✓ APROBADO",4,"") | B97: =IF(RESUMEN_9°!W8="✓ APROBADO",RESUMEN_9°!B8,"") | C97: =IF(RESUMEN_9°!W8="✓ APROBADO",RESUMEN_9°!F8,"") | D97: =IF(RESUMEN_9°!W8="✓ APROBADO",RESUMEN_9°!V8,"") | E97: =IF(RESUMEN_9°!W8="✓ APROBADO",IFERROR(ROUND(AVERAGE(RESUMEN_9°!F8,RESUMEN_9°!V8),1),""),"")
A98: =IF(RESUMEN_9°!W9="✓ APROBADO",5,"") | B98: =IF(RESUMEN_9°!W9="✓ APROBADO",RESUMEN_9°!B9,"") | C98: =IF(RESUMEN_9°!W9="✓ APROBADO",RESUMEN_9°!F9,"") | D98: =IF(RESUMEN_9°!W9="✓ APROBADO",RESUMEN_9°!V9,"") | E98: =IF(RESUMEN_9°!W9="✓ APROBADO",IFERROR(ROUND(AVERAGE(RESUMEN_9°!F9,RESUMEN_9°!V9),1),""),"")
A99: =IF(RESUMEN_9°!W10="✓ APROBADO",6,"") | B99: =IF(RESUMEN_9°!W10="✓ APROBADO",RESUMEN_9°!B10,"") | C99: =IF(RESUMEN_9°!W10="✓ APROBADO",RESUMEN_9°!F10,"") | D99: =IF(RESUMEN_9°!W10="✓ APROBADO",RESUMEN_9°!V10,"") | E99: =IF(RESUMEN_9°!W10="✓ APROBADO",IFERROR(ROUND(AVERAGE(RESUMEN_9°!F10,RESUMEN_9°!V10),1),""),"")
A100: =IF(RESUMEN_9°!W11="✓ APROBADO",7,"") | B100: =IF(RESUMEN_9°!W11="✓ APROBADO",RESUMEN_9°!B11,"") | C100: =IF(RESUMEN_9°!W11="✓ APROBADO",RESUMEN_9°!F11,"") | D100: =IF(RESUMEN_9°!W11="✓ APROBADO",RESUMEN_9°!V11,"") | E100: =IF(RESUMEN_9°!W11="✓ APROBADO",IFERROR(ROUND(AVERAGE(RESUMEN_9°!F11,RESUMEN_9°!V11),1),""),"")
A101: =IF(RESUMEN_9°!W12="✓ APROBADO",8,"") | B101: =IF(RESUMEN_9°!W12="✓ APROBADO",RESUMEN_9°!B12,"") | C101: =IF(RESUMEN_9°!W12="✓ APROBADO",RESUMEN_9°!F12,"") | D101: =IF(RESUMEN_9°!W12="✓ APROBADO",RESUMEN_9°!V12,"") | E101: =IF(RESUMEN_9°!W12="✓ APROBADO",IFERROR(ROUND(AVERAGE(RESUMEN_9°!F12,RESUMEN_9°!V12),1),""),"")
A102: =IF(RESUMEN_9°!W13="✓ APROBADO",9,"") | B102: =IF(RESUMEN_9°!W13="✓ APROBADO",RESUMEN_9°!B13,"") | C102: =IF(RESUMEN_9°!W13="✓ APROBADO",RESUMEN_9°!F13,"") | D102: =IF(RESUMEN_9°!W13="✓ APROBADO",RESUMEN_9°!V13,"") | E102: =IF(RESUMEN_9°!W13="✓ APROBADO",IFERROR(ROUND(AVERAGE(RESUMEN_9°!F13,RESUMEN_9°!V13),1),""),"")
A103: =IF(RESUMEN_9°!W14="✓ APROBADO",10,"") | B103: =IF(RESUMEN_9°!W14="✓ APROBADO",RESUMEN_9°!B14,"") | C103: =IF(RESUMEN_9°!W14="✓ APROBADO",RESUMEN_9°!F14,"") | D103: =IF(RESUMEN_9°!W14="✓ APROBADO",RESUMEN_9°!V14,"") | E103: =IF(RESUMEN_9°!W14="✓ APROBADO",IFERROR(ROUND(AVERAGE(RESUMEN_9°!F14,RESUMEN_9°!V14),1),""),"")
...

Sheet REPORTE_DOCENTE
A1: MI REPORTE DOCENTE — CONTROL PERSONAL 2026
A2: Prof. Elmer Tugri · Escuela Cerro Cacicón · Actualización automática
A4: RESUMEN RÁPIDO
B5: 7° GRADO | C5: 8° GRADO | D5: 9° GRADO | E5: TOTAL
A6: Matriculados | B6: =COUNTA(MAESTRO!B5:'MAESTRO'!B44) -> 0 | C6: =COUNTA(MAESTRO!D5:'MAESTRO'!D44) -> 0 | D6: =COUNTA(MAESTRO!F5:'MAESTRO'!F44) -> 0 | E6: =IFERROR(B6+C6+D6,"") -> 0
A7: Aprobados | B7: =COUNTIF(RESUMEN_7°!S5:'RESUMEN_7°'!S44,"✓ APROBADO") -> 0 | C7: =COUNTIF(RESUMEN_8°!S5:'RESUMEN_8°'!S44,"✓ APROBADO") -> 0 | D7: =COUNTIF(RESUMEN_9°!W5:'RESUMEN_9°'!W44,"✓ APROBADO") -> 0 | E7: =IFERROR(B7+C7+D7,"") -> 0
A8: Reprobados | B8: =COUNTIF(RESUMEN_7°!S5:'RESUMEN_7°'!S44,"✗ REPROBADO") -> 0 | C8: =COUNTIF(RESUMEN_8°!S5:'RESUMEN_8°'!S44,"✗ REPROBADO") -> 0 | D8: =COUNTIF(RESUMEN_9°!W5:'RESUMEN_9°'!W44,"✗ REPROBADO") -> 0 | E8: =IFERROR(B8+C8+D8,"") -> 0
A9: Con ausencias >5 | B9: =COUNTIF('Asistencia (7°)'!BI3:'Asistencia (7°)'!BI42,">5") -> 0 | C9: =COUNTIF('Asistencia (8°)'!BI3:'Asistencia (8°)'!BI42,">5") -> 0 | D9: =COUNTIF('Asistencia (9°)'!BI3:'Asistencia (9°)'!BI42,">5") -> 0 | E9: =IFERROR(B9+C9+D9,"") -> 0
A10: Prom. Inglés | B10: =IFERROR(ROUND(AVERAGEIF(RESUMEN_7°!F5:'RESUMEN_7°'!F44,"<>"&""),1),"") | C10: =IFERROR(ROUND(AVERAGEIF(RESUMEN_8°!F5:'RESUMEN_8°'!F44,"<>"&""),1),"") | D10: =IFERROR(ROUND(AVERAGEIF(RESUMEN_9°!F5:'RESUMEN_9°'!F44,"<>"&""),1),"") | E10: =IFERROR(B10+C10+D10,"")
A11: Prom. Tecnología | B11: =IFERROR(ROUND(AVERAGEIF(RESUMEN_7°!R5:'RESUMEN_7°'!R44,"<>"&""),1),"") | C11: =IFERROR(ROUND(AVERAGEIF(RESUMEN_8°!R5:'RESUMEN_8°'!R44,"<>"&""),1),"") | D11: =IFERROR(ROUND(AVERAGEIF(RESUMEN_9°!V5:'RESUMEN_9°'!V44,"<>"&""),1),"") | E11: =IFERROR(B11+C11+D11,"")
A14: NOTAS Y SEGUIMIENTO PERSONAL (escribe aquí lo que necesites)

Sheet Asistencia (7°)
B1: NOMBRE ALUMNA-ALUMNO | C1: ASISTENCIA DEL__17__DE___Marzo______AL__13___DE_____Junio_____ | BI1: PRIMER TRIMESTRE | BK1: OBSERVACIONES
BI2: TOTAL AUSENCIAS | BJ2: TOTAL TARDANZAS
A3: 1 | B3: =MAESTRO!B5 -> 0 | BI3: =COUNTIF(C3:BH3,"-") -> 0 | BJ3: =COUNTIF(D3:BI3,"T") -> 0 | BL3: 1
A4: 2 | B4: =MAESTRO!B6 -> 0 | BI4: =COUNTIF(C4:BH4,"-") -> 0 | BJ4: =COUNTIF(D4:BI4,"T") -> 0 | BL4: 2
A5: 3 | B5: =MAESTRO!B7 -> 0 | BI5: =COUNTIF(C5:BH5,"-") -> 0 | BJ5: =COUNTIF(D5:BI5,"T") -> 0 | BL5: 3
A6: 4 | B6: =MAESTRO!B8 -> 0 | BI6: =COUNTIF(C6:BH6,"-") -> 0 | BJ6: =COUNTIF(D6:BI6,"T") -> 0 | BL6: 4
A7: 5 | B7: =MAESTRO!B9 -> 0 | BI7: =COUNTIF(C7:BH7,"-") -> 0 | BJ7: =COUNTIF(D7:BI7,"T") -> 0 | BL7: 5
A8: 6 | B8: =MAESTRO!B10 -> 0 | BI8: =COUNTIF(C8:BH8,"-") -> 0 | BJ8: =COUNTIF(D8:BI8,"T") -> 0 | BL8: 6
A9: 7 | B9: =MAESTRO!B11 -> 0 | BI9: =COUNTIF(C9:BH9,"-") -> 0 | BJ9: =COUNTIF(D9:BI9,"T") -> 0 | BL9: 7
A10: 8 | B10: =MAESTRO!B12 -> 0 | BI10: =COUNTIF(C10:BH10,"-") -> 0 | BJ10: =COUNTIF(D10:BI10,"T") -> 0 | BL10: 8
A11: 9 | B11: =MAESTRO!B13 -> 0 | BI11: =COUNTIF(C11:BH11,"-") -> 0 | BJ11: =COUNTIF(D11:BI11,"T") -> 0 | BL11: 9
A12: 10 | B12: =MAESTRO!B14 -> 0 | BI12: =COUNTIF(C12:BH12,"-") -> 0 | BJ12: =COUNTIF(D12:BI12,"T") -> 0 | BL12: 10
A13: 11 | B13: =MAESTRO!B15 -> 0 | BI13: =COUNTIF(C13:BH13,"-") -> 0 | BJ13: =COUNTIF(D13:BI13,"T") -> 0 | BL13: 11
A14: 12 | B14: =MAESTRO!B16 -> 0 | BI14: =COUNTIF(C14:BH14,"-") -> 0 | BJ14: =COUNTIF(D14:BI14,"T") -> 0 | BL14: 12
... A40: 38 | B40: =MAESTRO!B42 -> 0 | BI40: =COUNTIF(C40:BH40,"-") -> 0 | BJ40: =COUNTIF(D40:BI40,"T") -> 0 | BL40: 38
A41: 39 | B41: =MAESTRO!B43 -> 0 | BI41: =COUNTIF(C41:BH41,"A") -> 0 | BJ41: =COUNTIF(D41:BI41,"T") -> 0 | BL41: 39
A42: 40 | B42: =MAESTRO!B44 -> 0 | BI42: =COUNTIF(C42:BH42,"A") -> 0 | BJ42: =COUNTIF(D42:BI42,"T") -> 0 | BL42: 40
A43: 41 | BI43: =COUNTIF(C43:BH43,"A") -> 0 | BJ43: =COUNTIF(D43:BI43,"T") -> 0 | BL43: 41
B44: NOMBRE ALUMNA-ALUMNO | C44: ASISTENCIA DEL__23__DE____JUNIO____AL__12___DE___SEPTIEMBRE__ | BI44: SEGUNDO TRIMESTRE | BK44: OBSERVACIONES
BI45: TOTAL AUSENCIAS | BJ45: TOTAL TARDANZAS
A46: 1 | B46: =B3 -> 0 | BI46: =COUNTIF(C46:BH46,"-") -> 0 | BJ46: =COUNTIF(D46:BI46,"T") -> 0 | BL46: 1
A47: 2 | B47: =B4 -> 0 | BI47: =COUNTIF(C47:BH47,"-") -> 0 | BJ47: =COUNTIF(D47:BI47,"T") -> 0 | BL47: 2
A48: 3 | B48: =B5 -> 0 | BI48: =COUNTIF(C48:BH48,"-") -> 0 | BJ48: =COUNTIF(D48:BI48,"T") -> 0 | BL48: 3
A49: 4 | B49: =B6 -> 0 | BI49: =COUNTIF(C49:BH49,"-") -> 0 | BJ49: =COUNTIF(D49:BI49,"T") -> 0 | BL49: 4
A50: 5 | B50: =B7 -> 0 | BI50: =COUNTIF(C50:BH50,"-") -> 0 | BJ50: =COUNTIF(D50:BI50,"T") -> 0 | BL50: 5
A51: 6 | B51: =B8 -> 0 | BI51: =COUNTIF(C51:BH51,"-") -> 0 | BJ51: =COUNTIF(D51:BI51,"T") -> 0 | BL51: 6
A52: 7 | B52: =B9 -> 0 | BI52: =COUNTIF(C52:BH52,"-") -> 0 | BJ52: =COUNTIF(D52:BI52,"T") -> 0 | BL52: 7
A53: 8 | B53: =B10 -> 0 | BI53: =COUNTIF(C53:BH53,"-") -> 0 | BJ53: =COUNTIF(D53:BI53,"T") -> 0 | BL53: 8
A54: 9 | B54: =B11 -> 0 | BI54: =COUNTIF(C54:BH54,"-") -> 0 | BJ54: =COUNTIF(D54:BI54,"T") -> 0 | BL54: 9
A55: 10 | B55: =B12 -> 0 | BI55: =COUNTIF(C55:BH55,"-") -> 0 | BJ55: =COUNTIF(D55:BI55,"T") -> 0 | BL55: 10
A56: 11 | B56: =B13 -> 0 | BI56: =COUNTIF(C56:BH56,"-") -> 0 | BJ56: =COUNTIF(D56:BI56,"T") -> 0 | BL56: 11
A57: 12 | B57: =B14 -> 0 | BI57: =COUNTIF(C57:BH57,"-") -> 0 | BJ57: =COUNTIF(D57:BI57,"T") -> 0 | BL57: 12
... A79: 34 | B79: =B36 -> 0 | BI79: =COUNTIF(C79:BH79,"-") -> 0 | BJ79: =COUNTIF(D79:BI79,"T") -> 0 | BL79: 34
A80: 35 | B80: =B37 -> 0 | C80: . | BI80: =COUNTIF(C80:BH80,"-") -> 0 | BJ80: =COUNTIF(D80:BI80,"T") -> 0 | BL80: 35
A81: 36 | B81: =B38 -> 0 | C81: . | BI81: =COUNTIF(C81:BH81,"-") -> 0 | BJ81: =COUNTIF(D81:BI81,"T") -> 0 | BL81: 36
A82: 37 | B82: =B39 -> 0 | C82: . | BI82: =COUNTIF(C82:BH82,"-") -> 0 | BJ82: =COUNTIF(D82:BI82,"T") -> 0 | BL82: 37
A83: 38 | C83: . | BI83: =COUNTIF(C83:BH83,"-") -> 0 | BJ83: =COUNTIF(D83:BI83,"T") -> 0 | BL83: 38
A84: 39 | C84: . | BI84: =COUNTIF(C84:BH84,"-") -> 0 | BJ84: =COUNTIF(D84:BI84,"T") -> 0 | BL84: 39
A85: 40 | BI85: =COUNTIF(C85:BH85,"-") -> 0 | BJ85: =COUNTIF(D85:BI85,"T") -> 0 | BL85: 40
A86: 41 | BI86: =COUNTIF(C86:BH86,"-") -> 0 | BJ86: =COUNTIF(D86:BI86,"T") -> 0 | BL86: 41
A87: 42 | BI87: =COUNTIF(C87:BH87,"-") -> 0 | BJ87: =COUNTIF(D87:BI87,"T") -> 0 | BL87: 42
B89: NOMBRE ALUMNA-ALUMNO | C89: ASISTENCIA DEL___22__DE___SEPTIEMBRE__AL__19__DE___DICIEMBRE___ | BI89: TERCER TRIMESTRE | BK89: OBSERVACIONES
BI90: TOTAL AUSENCIAS | BJ90: TOTAL TARDANZAS
A91: 1 | B91: =B46 -> 0 | BI91: =COUNTIF(C91:BH91,"-") -> 0 | BJ91: =COUNTIF(D91:BI91,"T") -> 0 | BL91: 1
A92: 2 | B92: =B47 -> 0 | BI92: =COUNTIF(C92:BH92,"-") -> 0 | BJ92: =COUNTIF(D92:BI92,"T") -> 0 | BL92: 2
A93: 3 | B93: =B48 -> 0 | BI93: =COUNTIF(C93:BH93,"-") -> 0 | BJ93: =COUNTIF(D93:BI93,"T") -> 0 | BL93: 3
A94: 4 | B94: =B49 -> 0 | BI94: =COUNTIF(C94:BH94,"-") -> 0 | BJ94: =COUNTIF(D94:BI94,"T") -> 0 | BL94: 4
A95: 5 | B95: =B50 -> 0 | BI95: =COUNTIF(C95:BH95,"-") -> 0 | BJ95: =COUNTIF(D95:BI95,"T") -> 0 | BL95: 5
A96: 6 | B96: =B51 -> 0 | BI96: =COUNTIF(C96:BH96,"-") -> 0 | BJ96: =COUNTIF(D96:BI96,"T") -> 0 | BL96: 6
A97: 7 | B97: =B52 -> 0 | BI97: =COUNTIF(C97:BH97,"-") -> 0 | BJ97: =COUNTIF(D97:BI97,"T") -> 0 | BL97: 7
A98: 8 | B98: =B53 -> 0 | BI98: =COUNTIF(C98:BH98,"-") -> 0 | BJ98: =COUNTIF(D98:BI98,"T") -> 0 | BL98: 8
A99: 9 | B99: =B54 -> 0 | BI99: =COUNTIF(C99:BH99,"-") -> 0 | BJ99: =COUNTIF(D99:BI99,"T") -> 0 | BL99: 9
A100: 10 | B100: =B55 -> 0 | BI100: =COUNTIF(C100:BH100,"-") -> 0 | BJ100: =COUNTIF(D100:BI100,"T") -> 0 | BL100: 10
A101: 11 | B101: =B56 -> 0 | BI101: =COUNTIF(C101:BH101,"-") -> 0 | BJ101: =COUNTIF(D101:BI101,"T") -> 0 | BL101: 11
A102: 12 | B102: =B57 -> 0 | BI102: =COUNTIF(C102:BH102,"-") -> 0 | BJ102: =COUNTIF(D102:BI102,"T") -> 0 | BL102: 12
... A127: 37 | B127: =B82 -> 0 | BI127: =COUNTIF(C127:BH127,"-") -> 0 | BJ127: =COUNTIF(D127:BI127,"T") -> 0 | BL127: 37
A128: 38 | BI128: =COUNTIF(C128:BH128,"-") -> 0 | BJ128: =COUNTIF(D128:BI128,"T") -> 0 | BL128: 38

Sheet Asistencia (8°)
B1: NOMBRE ALUMNA-ALUMNO | C1: ASISTENCIA DEL__17__DE___Marzo______AL__13___DE_____Junio_____ | BI1: PRIMER TRIMESTRE | BK1: OBSERVACIONES
BI2: TOTAL AUSENCIAS | BJ2: TOTAL TARDANZAS
A3: 1 | B3: =MAESTRO!D5 -> 0 | BI3: =COUNTIF(C3:BH3,"-") -> 0 | BJ3: =COUNTIF(D3:BI3,"T") -> 0 | BL3: 1
A4: 2 | B4: =MAESTRO!D6 -> 0 | BI4: =COUNTIF(C4:BH4,"-") -> 0 | BJ4: =COUNTIF(D4:BI4,"T") -> 0 | BL4: 2
A5: 3 | B5: =MAESTRO!D7 -> 0 | BI5: =COUNTIF(C5:BH5,"-") -> 0 | BJ5: =COUNTIF(D5:BI5,"T") -> 0 | BL5: 3
A6: 4 | B6: =MAESTRO!D8 -> 0 | BI6: =COUNTIF(C6:BH6,"-") -> 0 | BJ6: =COUNTIF(D6:BI6,"T") -> 0 | BL6: 4
A7: 5 | B7: =MAESTRO!D9 -> 0 | BI7: =COUNTIF(C7:BH7,"-") -> 0 | BJ7: =COUNTIF(D7:BI7,"T") -> 0 | BL7: 5
A8: 6 | B8: =MAESTRO!D10 -> 0 | BI8: =COUNTIF(C8:BH8,"-") -> 0 | BJ8: =COUNTIF(D8:BI8,"T") -> 0 | BL8: 6
A9: 7 | B9: =MAESTRO!D11 -> 0 | BI9: =COUNTIF(C9:BH9,"-") -> 0 | BJ9: =COUNTIF(D9:BI9,"T") -> 0 | BL9: 7
A10: 8 | B10: =MAESTRO!D12 -> 0 | BI10: =COUNTIF(C10:BH10,"-") -> 0 | BJ10: =COUNTIF(D10:BI10,"T") -> 0 | BL10: 8
A11: 9 | B11: =MAESTRO!D13 -> 0 | BI11: =COUNTIF(C11:BH11,"-") -> 0 | BJ11: =COUNTIF(D11:BI11,"T") -> 0 | BL11: 9
A12: 10 | B12: =MAESTRO!D14 -> 0 | BI12: =COUNTIF(C12:BH12,"-") -> 0 | BJ12: =COUNTIF(D12:BI12,"T") -> 0 | BL12: 10
A13: 11 | B13: =MAESTRO!D15 -> 0 | BI13: =COUNTIF(C13:BH13,"-") -> 0 | BJ13: =COUNTIF(D13:BI13,"T") -> 0 | BL13: 11
A14: 12 | B14: =MAESTRO!D16 -> 0 | BI14: =COUNTIF(C14:BH14,"-") -> 0 | BJ14: =COUNTIF(D14:BI14,"T") -> 0 | BL14: 12
... A40: 38 | B40: =MAESTRO!D42 -> 0 | BI40: =COUNTIF(C40:BH40,"-") -> 0 | BJ40: =COUNTIF(D40:BI40,"T") -> 0 | BL40: 38
A41: 39 | B41: =MAESTRO!D43 -> 0 | BI41: =COUNTIF(C41:BH41,"A") -> 0 | BJ41: =COUNTIF(D41:BI41,"T") -> 0 | BL41: 39
A42: 40 | B42: =MAESTRO!D44 -> 0 | BI42: =COUNTIF(C42:BH42,"A") -> 0 | BJ42: =COUNTIF(D42:BI42,"T") -> 0 | BL42: 40
A43: 41 | BI43: =COUNTIF(C43:BH43,"A") -> 0 | BJ43: =COUNTIF(D43:BI43,"T") -> 0 | BL43: 41
B44: NOMBRE ALUMNA-ALUMNO | C44: ASISTENCIA DEL__23__DE____JUNIO____AL__12___DE___SEPTIEMBRE__ | BI44: SEGUNDO TRIMESTRE | BK44: OBSERVACIONES
BI45: TOTAL AUSENCIAS | BJ45: TOTAL TARDANZAS
A46: 1 | B46: =B3 -> 0 | BI46: =COUNTIF(C46:BH46,"-") -> 0 | BJ46: =COUNTIF(D46:BI46,"T") -> 0 | BL46: 1
A47: 2 | B47: =B4 -> 0 | BI47: =COUNTIF(C47:BH47,"-") -> 0 | BJ47: =COUNTIF(D47:BI47,"T") -> 0 | BL47: 2
A48: 3 | B48: =B5 -> 0 | BI48: =COUNTIF(C48:BH48,"-") -> 0 | BJ48: =COUNTIF(D48:BI48,"T") -> 0 | BL48: 3
A49: 4 | B49: =B6 -> 0 | BI49: =COUNTIF(C49:BH49,"-") -> 0 | BJ49: =COUNTIF(D49:BI49,"T") -> 0 | BL49: 4
A50: 5 | B50: =B7 -> 0 | BI50: =COUNTIF(C50:BH50,"-") -> 0 | BJ50: =COUNTIF(D50:BI50,"T") -> 0 | BL50: 5
A51: 6 | B51: =B8 -> 0 | BI51: =COUNTIF(C51:BH51,"-") -> 0 | BJ51: =COUNTIF(D51:BI51,"T") -> 0 | BL51: 6
A52: 7 | B52: =B9 -> 0 | BI52: =COUNTIF(C52:BH52,"-") -> 0 | BJ52: =COUNTIF(D52:BI52,"T") -> 0 | BL52: 7
A53: 8 | B53: =B10 -> 0 | BI53: =COUNTIF(C53:BH53,"-") -> 0 | BJ53: =COUNTIF(D53:BI53,"T") -> 0 | BL53: 8
A54: 9 | B54: =B11 -> 0 | BI54: =COUNTIF(C54:BH54,"-") -> 0 | BJ54: =COUNTIF(D54:BI54,"T") -> 0 | BL54: 9
A55: 10 | B55: =B12 -> 0 | BI55: =COUNTIF(C55:BH55,"-") -> 0 | BJ55: =COUNTIF(D55:BI55,"T") -> 0 | BL55: 10
A56: 11 | B56: =B13 -> 0 | BI56: =COUNTIF(C56:BH56,"-") -> 0 | BJ56: =COUNTIF(D56:BI56,"T") -> 0 | BL56: 11
A57: 12 | B57: =B14 -> 0 | BI57: =COUNTIF(C57:BH57,"-") -> 0 | BJ57: =COUNTIF(D57:BI57,"T") -> 0 | BL57: 12
... A79: 34 | B79: =B36 -> 0 | BI79: =COUNTIF(C79:BH79,"-") -> 0 | BJ79: =COUNTIF(D79:BI79,"T") -> 0 | BL79: 34
A80: 35 | B80: =B37 -> 0 | C80: . | BI80: =COUNTIF(C80:BH80,"-") -> 0 | BJ80: =COUNTIF(D80:BI80,"T") -> 0 | BL80: 35
A81: 36 | B81: =B38 -> 0 | C81: . | BI81: =COUNTIF(C81:BH81,"-") -> 0 | BJ81: =COUNTIF(D81:BI81,"T") -> 0 | BL81: 36
A82: 37 | B82: =B39 -> 0 | C82: . | BI82: =COUNTIF(C82:BH82,"-") -> 0 | BJ82: =COUNTIF(D82:BI82,"T") -> 0 | BL82: 37
A83: 38 | C83: . | BI83: =COUNTIF(C83:BH83,"-") -> 0 | BJ83: =COUNTIF(D83:BI83,"T") -> 0 | BL83: 38
A84: 39 | C84: . | BI84: =COUNTIF(C84:BH84,"-") -> 0 | BJ84: =COUNTIF(D84:BI84,"T") -> 0 | BL84: 39
A85: 40 | BI85: =COUNTIF(C85:BH85,"-") -> 0 | BJ85: =COUNTIF(D85:BI85,"T") -> 0 | BL85: 40
A86: 41 | BI86: =COUNTIF(C86:BH86,"-") -> 0 | BJ86: =COUNTIF(D86:BI86,"T") -> 0 | BL86: 41
A87: 42 | BI87: =COUNTIF(C87:BH87,"-") -> 0 | BJ87: =COUNTIF(D87:BI87,"T") -> 0 | BL87: 42
B89: NOMBRE ALUMNA-ALUMNO | C89: ASISTENCIA DEL___22__DE___SEPTIEMBRE__AL__19__DE___DICIEMBRE___ | BI89: TERCER TRIMESTRE | BK89: OBSERVACIONES
BI90: TOTAL AUSENCIAS | BJ90: TOTAL TARDANZAS
A91: 1 | B91: =B46 -> 0 | BI91: =COUNTIF(C91:BH91,"-") -> 0 | BJ91: =COUNTIF(D91:BI91,"T") -> 0 | BL91: 1
A92: 2 | B92: =B47 -> 0 | BI92: =COUNTIF(C92:BH92,"-") -> 0 | BJ92: =COUNTIF(D92:BI92,"T") -> 0 | BL92: 2
A93: 3 | B93: =B48 -> 0 | BI93: =COUNTIF(C93:BH93,"-") -> 0 | BJ93: =COUNTIF(D93:BI93,"T") -> 0 | BL93: 3
A94: 4 | B94: =B49 -> 0 | BI94: =COUNTIF(C94:BH94,"-") -> 0 | BJ94: =COUNTIF(D94:BI94,"T") -> 0 | BL94: 4
A95: 5 | B95: =B50 -> 0 | BI95: =COUNTIF(C95:BH95,"-") -> 0 | BJ95: =COUNTIF(D95:BI95,"T") -> 0 | BL95: 5
A96: 6 | B96: =B51 -> 0 | BI96: =COUNTIF(C96:BH96,"-") -> 0 | BJ96: =COUNTIF(D96:BI96,"T") -> 0 | BL96: 6
A97: 7 | B97: =B52 -> 0 | BI97: =COUNTIF(C97:BH97,"-") -> 0 | BJ97: =COUNTIF(D97:BI97,"T") -> 0 | BL97: 7
A98: 8 | B98: =B53 -> 0 | BI98: =COUNTIF(C98:BH98,"-") -> 0 | BJ98: =COUNTIF(D98:BI98,"T") -> 0 | BL98: 8
A99: 9 | B99: =B54 -> 0 | BI99: =COUNTIF(C99:BH99,"-") -> 0 | BJ99: =COUNTIF(D99:BI99,"T") -> 0 | BL99: 9
A100: 10 | B100: =B55 -> 0 | BI100: =COUNTIF(C100:BH100,"-") -> 0 | BJ100: =COUNTIF(D100:BI100,"T") -> 0 | BL100: 10
A101: 11 | B101: =B56 -> 0 | BI101: =COUNTIF(C101:BH101,"-") -> 0 | BJ101: =COUNTIF(D101:BI101,"T") -> 0 | BL101: 11
A102: 12 | B102: =B57 -> 0 | BI102: =COUNTIF(C102:BH102,"-") -> 0 | BJ102: =COUNTIF(D102:BI102,"T") -> 0 | BL102: 12
... A127: 37 | B127: =B82 -> 0 | BI127: =COUNTIF(C127:BH127,"-") -> 0 | BJ127: =COUNTIF(D127:BI127,"T") -> 0 | BL127: 37
A128: 38 | BI128: =COUNTIF(C128:BH128,"-") -> 0 | BJ128: =COUNTIF(D128:BI128,"T") -> 0 | BL128: 38

Sheet Asistencia (9°)
B1: NOMBRE ALUMNA-ALUMNO | C1: ASISTENCIA DEL__17__DE___Marzo______AL__13___DE_____Junio_____ | BI1: PRIMER TRIMESTRE | BK1: OBSERVACIONES
BI2: TOTAL AUSENCIAS | BJ2: TOTAL TARDANZAS
A3: 1 | B3: =MAESTRO!F5 -> 0 | BI3: =COUNTIF(C3:BH3,"-") -> 0 | BJ3: =COUNTIF(D3:BI3,"T") -> 0 | BL3: 1
A4: 2 | B4: =MAESTRO!F6 -> 0 | BI4: =COUNTIF(C4:BH4,"-") -> 0 | BJ4: =COUNTIF(D4:BI4,"T") -> 0 | BL4: 2
A5: 3 | B5: =MAESTRO!F7 -> 0 | BI5: =COUNTIF(C5:BH5,"-") -> 0 | BJ5: =COUNTIF(D5:BI5,"T") -> 0 | BL5: 3
A6: 4 | B6: =MAESTRO!F8 -> 0 | BI6: =COUNTIF(C6:BH6,"-") -> 0 | BJ6: =COUNTIF(D6:BI6,"T") -> 0 | BL6: 4
A7: 5 | B7: =MAESTRO!F9 -> 0 | BI7: =COUNTIF(C7:BH7,"-") -> 0 | BJ7: =COUNTIF(D7:BI7,"T") -> 0 | BL7: 5
A8: 6 | B8: =MAESTRO!F10 -> 0 | BI8: =COUNTIF(C8:BH8,"-") -> 0 | BJ8: =COUNTIF(D8:BI8,"T") -> 0 | BL8: 6
A9: 7 | B9: =MAESTRO!F11 -> 0 | BI9: =COUNTIF(C9:BH9,"-") -> 0 | BJ9: =COUNTIF(D9:BI9,"T") -> 0 | BL9: 7
A10: 8 | B10: =MAESTRO!F12 -> 0 | BI10: =COUNTIF(C10:BH10,"-") -> 0 | BJ10: =COUNTIF(D10:BI10,"T") -> 0 | BL10: 8
A11: 9 | B11: =MAESTRO!F13 -> 0 | BI11: =COUNTIF(C11:BH11,"-") -> 0 | BJ11: =COUNTIF(D11:BI11,"T") -> 0 | BL11: 9
A12: 10 | B12: =MAESTRO!F14 -> 0 | BI12: =COUNTIF(C12:BH12,"-") -> 0 | BJ12: =COUNTIF(D12:BI12,"T") -> 0 | BL12: 10
A13: 11 | B13: =MAESTRO!F15 -> 0 | BI13: =COUNTIF(C13:BH13,"-") -> 0 | BJ13: =COUNTIF(D13:BI13,"T") -> 0 | BL13: 11
A14: 12 | B14: =MAESTRO!F16 -> 0 | BI14: =COUNTIF(C14:BH14,"-") -> 0 | BJ14: =COUNTIF(D14:BI14,"T") -> 0 | BL14: 12
... A40: 38 | B40: =MAESTRO!F42 -> 0 | BI40: =COUNTIF(C40:BH40,"-") -> 0 | BJ40: =COUNTIF(D40:BI40,"T") -> 0 | BL40: 38
A41: 39 | B41: =MAESTRO!F43 -> 0 | BI41: =COUNTIF(C41:BH41,"A") -> 0 | BJ41: =COUNTIF(D41:BI41,"T") -> 0 | BL41: 39
A42: 40 | B42: =MAESTRO!F44 -> 0 | BI42: =COUNTIF(C42:BH42,"A") -> 0 | BJ42: =COUNTIF(D42:BI42,"T") -> 0 | BL42: 40
A43: 41 | BI43: =COUNTIF(C43:BH43,"A") -> 0 | BJ43: =COUNTIF(D43:BI43,"T") -> 0 | BL43: 41
B44: NOMBRE ALUMNA-ALUMNO | C44: ASISTENCIA DEL__23__DE____JUNIO____AL__12___DE___SEPTIEMBRE__ | BI44: SEGUNDO TRIMESTRE | BK44: OBSERVACIONES
BI45: TOTAL AUSENCIAS | BJ45: TOTAL TARDANZAS
A46: 1 | B46: =B3 -> 0 | BI46: =COUNTIF(C46:BH46,"-") -> 0 | BJ46: =COUNTIF(D46:BI46,"T") -> 0 | BL46: 1
A47: 2 | B47: =B4 -> 0 | BI47: =COUNTIF(C47:BH47,"-") -> 0 | BJ47: =COUNTIF(D47:BI47,"T") -> 0 | BL47: 2
A48: 3 | B48: =B5 -> 0 | BI48: =COUNTIF(C48:BH48,"-") -> 0 | BJ48: =COUNTIF(D48:BI48,"T") -> 0 | BL48: 3
A49: 4 | B49: =B6 -> 0 | BI49: =COUNTIF(C49:BH49,"-") -> 0 | BJ49: =COUNTIF(D49:BI49,"T") -> 0 | BL49: 4
A50: 5 | B50: =B7 -> 0 | BI50: =COUNTIF(C50:BH50,"-") -> 0 | BJ50: =COUNTIF(D50:BI50,"T") -> 0 | BL50: 5
A51: 6 | B51: =B8 -> 0 | BI51: =COUNTIF(C51:BH51,"-") -> 0 | BJ51: =COUNTIF(D51:BI51,"T") -> 0 | BL51: 6
A52: 7 | B52: =B9 -> 0 | BI52: =COUNTIF(C52:BH52,"-") -> 0 | BJ52: =COUNTIF(D52:BI52,"T") -> 0 | BL52: 7
A53: 8 | B53: =B10 -> 0 | BI53: =COUNTIF(C53:BH53,"-") -> 0 | BJ53: =COUNTIF(D53:BI53,"T") -> 0 | BL53: 8
A54: 9 | B54: =B11 -> 0 | BI54: =COUNTIF(C54:BH54,"-") -> 0 | BJ54: =COUNTIF(D54:BI54,"T") -> 0 | BL54: 9
A55: 10 | B55: =B12 -> 0 | BI55: =COUNTIF(C55:BH55,"-") -> 0 | BJ55: =COUNTIF(D55:BI55,"T") -> 0 | BL55: 10
A56: 11 | B56: =B13 -> 0 | BI56: =COUNTIF(C56:BH56,"-") -> 0 | BJ56: =COUNTIF(D56:BI56,"T") -> 0 | BL56: 11
A57: 12 | B57: =B14 -> 0 | BI57: =COUNTIF(C57:BH57,"-") -> 0 | BJ57: =COUNTIF(D57:BI57,"T") -> 0 | BL57: 12
... A79: 34 | B79: =B36 -> 0 | BI79: =COUNTIF(C79:BH79,"-") -> 0 | BJ79: =COUNTIF(D79:BI79,"T") -> 0 | BL79: 34
A80: 35 | B80: =B37 -> 0 | C80: . | BI80: =COUNTIF(C80:BH80,"-") -> 0 | BJ80: =COUNTIF(D80:BI80,"T") -> 0 | BL80: 35
A81: 36 | B81: =B38 -> 0 | C81: . | BI81: =COUNTIF(C81:BH81,"-") -> 0 | BJ81: =COUNTIF(D81:BI81,"T") -> 0 | BL81: 36
A82: 37 | B82: =B39 -> 0 | C82: . | BI82: =COUNTIF(C82:BH82,"-") -> 0 | BJ82: =COUNTIF(D82:BI82,"T") -> 0 | BL82: 37
A83: 38 | C83: . | BI83: =COUNTIF(C83:BH83,"-") -> 0 | BJ83: =COUNTIF(D83:BI83,"T") -> 0 | BL83: 38
A84: 39 | C84: . | BI84: =COUNTIF(C84:BH84,"-") -> 0 | BJ84: =COUNTIF(D84:BI84,"T") -> 0 | BL84: 39
A85: 40 | BI85: =COUNTIF(C85:BH85,"-") -> 0 | BJ85: =COUNTIF(D85:BI85,"T") -> 0 | BL85: 40
A86: 41 | BI86: =COUNTIF(C86:BH86,"-") -> 0 | BJ86: =COUNTIF(D86:BI86,"T") -> 0 | BL86: 41
A87: 42 | BI87: =COUNTIF(C87:BH87,"-") -> 0 | BJ87: =COUNTIF(D87:BI87,"T") -> 0 | BL87: 42
B89: NOMBRE ALUMNA-ALUMNO | C89: ASISTENCIA DEL___22__DE___SEPTIEMBRE__AL__19__DE___DICIEMBRE___ | BI89: TERCER TRIMESTRE | BK89: OBSERVACIONES
BI90: TOTAL AUSENCIAS | BJ90: TOTAL TARDANZAS
A91: 1 | B91: =B46 -> 0 | BI91: =COUNTIF(C91:BH91,"-") -> 0 | BJ91: =COUNTIF(D91:BI91,"T") -> 0 | BL91: 1
A92: 2 | B92: =B47 -> 0 | BI92: =COUNTIF(C92:BH92,"-") -> 0 | BJ92: =COUNTIF(D92:BI92,"T") -> 0 | BL92: 2
A93: 3 | B93: =B48 -> 0 | BI93: =COUNTIF(C93:BH93,"-") -> 0 | BJ93: =COUNTIF(D93:BI93,"T") -> 0 | BL93: 3
A94: 4 | B94: =B49 -> 0 | BI94: =COUNTIF(C94:BH94,"-") -> 0 | BJ94: =COUNTIF(D94:BI94,"T") -> 0 | BL94: 4
A95: 5 | B95: =B50 -> 0 | BI95: =COUNTIF(C95:BH95,"-") -> 0 | BJ95: =COUNTIF(D95:BI95,"T") -> 0 | BL95: 5
A96: 6 | B96: =B51 -> 0 | BI96: =COUNTIF(C96:BH96,"-") -> 0 | BJ96: =COUNTIF(D96:BI96,"T") -> 0 | BL96: 6
A97: 7 | B97: =B52 -> 0 | BI97: =COUNTIF(C97:BH97,"-") -> 0 | BJ97: =COUNTIF(D97:BI97,"T") -> 0 | BL97: 7
A98: 8 | B98: =B53 -> 0 | BI98: =COUNTIF(C98:BH98,"-") -> 0 | BJ98: =COUNTIF(D98:BI98,"T") -> 0 | BL98: 8
A99: 9 | B99: =B54 -> 0 | BI99: =COUNTIF(C99:BH99,"-") -> 0 | BJ99: =COUNTIF(D99:BI99,"T") -> 0 | BL99: 9
A100: 10 | B100: =B55 -> 0 | BI100: =COUNTIF(C100:BH100,"-") -> 0 | BJ100: =COUNTIF(D100:BI100,"T") -> 0 | BL100: 10
A101: 11 | B101: =B56 -> 0 | BI101: =COUNTIF(C101:BH101,"-") -> 0 | BJ101: =COUNTIF(D101:BI101,"T") -> 0 | BL101: 11
A102: 12 | B102: =B57 -> 0 | BI102: =COUNTIF(C102:BH102,"-") -> 0 | BJ102: =COUNTIF(D102:BI102,"T") -> 0 | BL102: 12
... A127: 37 | B127: =B82 -> 0 | BI127: =COUNTIF(C127:BH127,"-") -> 0 | BJ127: =COUNTIF(D127:BI127,"T") -> 0 | BL127: 37
A128: 38 | BI128: =COUNTIF(C128:BH128,"-") -> 0 | BJ128: =COUNTIF(D128:BI128,"T") -> 0 | BL128: 38

Sheet PROM (Ingles 7°)
A1: CALIFICACIONES-PRIMER TRIMESTRE | R1: CALIFICACIONES-PRIMER TRIMESTRE | AH1: CALIFICACIONES-SEGUNDO TRIMESTRE | AY1: CALIFICACIONES-SEGUNDO TRIMESTRE | BP1: CALIFICACIONES-TERCER TIMESTRE | CG1: CALIFICACIONES-TERCER BIMESTRE
B3: NOMBRE ALUMNA-ALUMNO | C3: NOTAS PARCIALES 1/3 | P3: PROMEDIO | R3: NOTAS DE APRECIACIÓN | AA3: PROMEDIO | AB3: PRUEBAS TRIMESTRALES 1/3 | AD3: PROMEDIO | AE3: CALIFICACIÓN TRIMESTRAL | AF3: OBSERVACIONES | AI3: NOMBRE ALUMNA-ALUMNO | AK3: NOTAS PARCIALES 1/3 | AX3: PROMEDIO | AY3: NOTAS DE APRECIACIÓN | BI3: PROMEDIO | BJ3: PRUEBAS BIMESTRALES 1/3 | BL3: PROMEDIO | BM3: CALIFICACIÓN BIMESTRAL | BN3: OBSERVACIONES | BQ3: NOMBRE ALUMNA-ALUMNO | BS3: NOTAS PARCIALES 1/3 | CF3: PROMEDIO | CG3: NOTAS DE APRECIACIÓN | CQ3: PROMEDIO | CR3: PRUEBAS BIMESTRALES 1/3 | CT3: PROMEDIO | CU3: CALIFICACIÓN BIMESTRAL | CV3: OBSERVACIONES
A5: 1 | B5: =MAESTRO!B5 -> 0 | P5: =TRUNC(AVERAGE(C5:O5),1) -> #DIV/0! | Q5: 1 | AA5: =TRUNC(AVERAGE(R5:Z5),1) -> #DIV/0! | AD5: =AVERAGE(AB5:AC5) -> #DIV/0! | AE5: =TRUNC(AVERAGE(P5,AA5,AD5),1) -> #DIV/0! | AG5: 1 | AH5: 1 | AI5: =B5 -> 0 | AX5: =TRUNC(AVERAGE(AK5:AW5),1) -> #DIV/0! | BI5: =TRUNC(AVERAGE(AY5:BH5),1) -> #DIV/0! | BL5: =AVERAGE(BJ5,BK5) -> #DIV/0! | BM5: =TRUNC(AVERAGE(AX5,BI5,BL5),1) -> #DIV/0! | BO5: 1 | BP5: 1 | BQ5: =AI5 -> 0 | CF5: =TRUNC(AVERAGE(BS5:CE5),1) -> #DIV/0! | CQ5: =TRUNC(AVERAGE(CG5:CP5),1) -> #DIV/0! | CT5: =AVERAGE(CR5:CS5) -> #DIV/0! | CU5: =TRUNC(AVERAGE(CF5,CT5,CQ5),1) -> #DIV/0! | CW5: 1
A6: 2 | B6: =MAESTRO!B6 -> 0 | P6: =TRUNC(AVERAGE(C6:O6),1) -> #DIV/0! | Q6: 2 | AA6: =TRUNC(AVERAGE(R6:Z6),1) -> #DIV/0! | AD6: =AVERAGE(AB6:AC6) -> #DIV/0! | AE6: =TRUNC(AVERAGE(P6,AA6,AD6),1) -> #DIV/0! | AG6: 2 | AH6: 2 | AI6: =B6 -> 0 | AX6: =TRUNC(AVERAGE(AK6:AW6),1) -> #DIV/0! | BI6: =TRUNC(AVERAGE(AY6:BH6),1) -> #DIV/0! | BL6: =AVERAGE(BJ6,BK6) -> #DIV/0! | BM6: =TRUNC(AVERAGE(AX6,BI6,BL6),1) -> #DIV/0! | BO6: 2 | BP6: 2 | BQ6: =AI6 -> 0 | CF6: =TRUNC(AVERAGE(BS6:CE6),1) -> #DIV/0! | CQ6: =TRUNC(AVERAGE(CG6:CP6),1) -> #DIV/0! | CT6: =AVERAGE(CR6:CS6) -> #DIV/0! | CU6: =TRUNC(AVERAGE(CF6,CT6,CQ6),1) -> #DIV/0! | CW6: 2
A7: 3 | B7: =MAESTRO!B7 -> 0 | P7: =TRUNC(AVERAGE(C7:O7),1) -> #DIV/0! | Q7: 3 | AA7: =TRUNC(AVERAGE(R7:Z7),1) -> #DIV/0! | AD7: =AVERAGE(AB7:AC7) -> #DIV/0! | AE7: =TRUNC(AVERAGE(P7,AA7,AD7),1) -> #DIV/0! | AG7: 3 | AH7: 3 | AI7: =B7 -> 0 | AX7: =TRUNC(AVERAGE(AK7:AW7),1) -> #DIV/0! | BI7: =TRUNC(AVERAGE(AY7:BH7),1) -> #DIV/0! | BL7: =AVERAGE(BJ7,BK7) -> #DIV/0! | BM7: =TRUNC(AVERAGE(AX7,BI7,BL7),1) -> #DIV/0! | BO7: 3 | BP7: 3 | BQ7: =AI7 -> 0 | CF7: =TRUNC(AVERAGE(BS7:CE7),1) -> #DIV/0! | CQ7: =TRUNC(AVERAGE(CG7:CP7),1) -> #DIV/0! | CT7: =AVERAGE(CR7:CS7) -> #DIV/0! | CU7: =TRUNC(AVERAGE(CF7,CT7,CQ7),1) -> #DIV/0! | CW7: 3
A8: 4 | B8: =MAESTRO!B8 -> 0 | P8: =TRUNC(AVERAGE(C8:O8),1) -> #DIV/0! | Q8: 4 | AA8: =TRUNC(AVERAGE(R8:Z8),1) -> #DIV/0! | AD8: =AVERAGE(AB8:AC8) -> #DIV/0! | AE8: =TRUNC(AVERAGE(P8,AA8,AD8),1) -> #DIV/0! | AG8: 4 | AH8: 4 | AI8: =B8 -> 0 | AX8: =TRUNC(AVERAGE(AK8:AW8),1) -> #DIV/0! | BI8: =TRUNC(AVERAGE(AY8:BH8),1) -> #DIV/0! | BL8: =AVERAGE(BJ8,BK8) -> #DIV/0! | BM8: =TRUNC(AVERAGE(AX8,BI8,BL8),1) -> #DIV/0! | BO8: 4 | BP8: 4 | BQ8: =AI8 -> 0 | CF8: =TRUNC(AVERAGE(BS8:CE8),1) -> #DIV/0! | CQ8: =TRUNC(AVERAGE(CG8:CP8),1) -> #DIV/0! | CT8: =AVERAGE(CR8:CS8) -> #DIV/0! | CU8: =TRUNC(AVERAGE(CF8,CT8,CQ8),1) -> #DIV/0! | CW8: 4
A9: 5 | B9: =MAESTRO!B9 -> 0 | P9: =TRUNC(AVERAGE(C9:O9),1) -> #DIV/0! | Q9: 5 | AA9: =TRUNC(AVERAGE(R9:Z9),1) -> #DIV/0! | AD9: =AVERAGE(AB9:AC9) -> #DIV/0! | AE9: =TRUNC(AVERAGE(P9,AA9,AD9),1) -> #DIV/0! | AG9: 5 | AH9: 5 | AI9: =B9 -> 0 | AX9: =TRUNC(AVERAGE(AK9:AW9),1) -> #DIV/0! | BI9: =TRUNC(AVERAGE(AY9:BH9),1) -> #DIV/0! | BL9: =AVERAGE(BJ9,BK9) -> #DIV/0! | BM9: =TRUNC(AVERAGE(AX9,BI9,BL9),1) -> #DIV/0! | BO9: 5 | BP9: 5 | BQ9: =AI9 -> 0 | CF9: =TRUNC(AVERAGE(BS9:CE9),1) -> #DIV/0! | CQ9: =TRUNC(AVERAGE(CG9:CP9),1) -> #DIV/0! | CT9: =AVERAGE(CR9:CS9) -> #DIV/0! | CU9: =TRUNC(AVERAGE(CF9,CT9,CQ9),1) -> #DIV/0! | CW9: 5
A10: 6 | B10: =MAESTRO!B10 -> 0 | P10: =TRUNC(AVERAGE(C10:O10),1) -> #DIV/0! | Q10: 6 | AA10: =TRUNC(AVERAGE(R10:Z10),1) -> #DIV/0! | AD10: =AVERAGE(AB10:AC10) -> #DIV/0! | AE10: =TRUNC(AVERAGE(P10,AA10,AD10),1) -> #DIV/0! | AG10: 6 | AH10: 6 | AI10: =B10 -> 0 | AX10: =TRUNC(AVERAGE(AK10:AW10),1) -> #DIV/0! | BI10: =TRUNC(AVERAGE(AY10:BH10),1) -> #DIV/0! | BL10: =AVERAGE(BJ10,BK10) -> #DIV/0! | BM10: =TRUNC(AVERAGE(AX10,BI10,BL10),1) -> #DIV/0! | BO10: 6 | BP10: 6 | BQ10: =AI10 -> 0 | CF10: =TRUNC(AVERAGE(BS10:CE10),1) -> #DIV/0! | CQ10: =TRUNC(AVERAGE(CG10:CP10),1) -> #DIV/0! | CT10: =AVERAGE(CR10:CS10) -> #DIV/0! | CU10: =TRUNC(AVERAGE(CF10,CT10,CQ10),1) -> #DIV/0! | CW10: 6
A11: 7 | B11: =MAESTRO!B11 -> 0 | P11: =TRUNC(AVERAGE(C11:O11),1) -> #DIV/0! | Q11: 7 | AA11: =TRUNC(AVERAGE(R11:Z11),1) -> #DIV/0! | AD11: =AVERAGE(AB11:AC11) -> #DIV/0! | AE11: =TRUNC(AVERAGE(P11,AA11,AD11),1) -> #DIV/0! | AG11: 7 | AH11: 7 | AI11: =B11 -> 0 | AX11: =TRUNC(AVERAGE(AK11:AW11),1) -> #DIV/0! | BI11: =TRUNC(AVERAGE(AY11:BH11),1) -> #DIV/0! | BL11: =AVERAGE(BJ11,BK11) -> #DIV/0! | BM11: =TRUNC(AVERAGE(AX11,BI11,BL11),1) -> #DIV/0! | BO11: 7 | BP11: 7 | BQ11: =AI11 -> 0 | CF11: =TRUNC(AVERAGE(BS11:CE11),1) -> #DIV/0! | CQ11: =TRUNC(AVERAGE(CG11:CP11),1) -> #DIV/0! | CT11: =AVERAGE(CR11:CS11) -> #DIV/0! | CU11: =TRUNC(AVERAGE(CF11,CT11,CQ11),1) -> #DIV/0! | CW11: 7
A12: 8 | B12: =MAESTRO!B12 -> 0 | P12: =TRUNC(AVERAGE(C12:O12),1) -> #DIV/0! | Q12: 8 | AA12: =TRUNC(AVERAGE(R12:Z12),1) -> #DIV/0! | AD12: =AVERAGE(AB12:AC12) -> #DIV/0! | AE12: =TRUNC(AVERAGE(P12,AA12,AD12),1) -> #DIV/0! | AG12: 8 | AH12: 8 | AI12: =B12 -> 0 | AX12: =TRUNC(AVERAGE(AK12:AW12),1) -> #DIV/0! | BI12: =TRUNC(AVERAGE(AY12:BH12),1) -> #DIV/0! | BL12: =AVERAGE(BJ12,BK12) -> #DIV/0! | BM12: =TRUNC(AVERAGE(AX12,BI12,BL12),1) -> #DIV/0! | BO12: 8 | BP12: 8 | BQ12: =AI12 -> 0 | CF12: =TRUNC(AVERAGE(BS12:CE12),1) -> #DIV/0! | CQ12: =TRUNC(AVERAGE(CG12:CP12),1) -> #DIV/0! | CT12: =AVERAGE(CR12:CS12) -> #DIV/0! | CU12: =TRUNC(AVERAGE(CF12,CT12,CQ12),1) -> #DIV/0! | CW12: 8
A13: 9 | B13: =MAESTRO!B13 -> 0 | P13: =TRUNC(AVERAGE(C13:O13),1) -> #DIV/0! | Q13: 9 | AA13: =TRUNC(AVERAGE(R13:Z13),1) -> #DIV/0! | AD13: =AVERAGE(AB13:AC13) -> #DIV/0! | AE13: =TRUNC(AVERAGE(P13,AA13,AD13),1) -> #DIV/0! | AG13: 9 | AH13: 9 | AI13: =B13 -> 0 | AX13: =TRUNC(AVERAGE(AK13:AW13),1) -> #DIV/0! | BI13: =TRUNC(AVERAGE(AY13:BH13),1) -> #DIV/0! | BL13: =AVERAGE(BJ13,BK13) -> #DIV/0! | BM13: =TRUNC(AVERAGE(AX13,BI13,BL13),1) -> #DIV/0! | BO13: 9 | BP13: 9 | BQ13: =AI13 -> 0 | CF13: =TRUNC(AVERAGE(BS13:CE13),1) -> #DIV/0! | CQ13: =TRUNC(AVERAGE(CG13:CP13),1) -> #DIV/0! | CT13: =AVERAGE(CR13:CS13) -> #DIV/0! | CU13: =TRUNC(AVERAGE(CF13,CT13,CQ13),1) -> #DIV/0! | CW13: 9
A14: 10 | B14: =MAESTRO!B14 -> 0 | P14: =TRUNC(AVERAGE(C14:O14),1) -> #DIV/0! | Q14: 10 | AA14: =TRUNC(AVERAGE(R14:Z14),1) -> #DIV/0! | AD14: =AVERAGE(AB14:AC14) -> #DIV/0! | AE14: =TRUNC(AVERAGE(P14,AA14,AD14),1) -> #DIV/0! | AG14: 10 | AH14: 10 | AI14: =B14 -> 0 | AX14: =TRUNC(AVERAGE(AK14:AW14),1) -> #DIV/0! | BI14: =TRUNC(AVERAGE(AY14:BH14),1) -> #DIV/0! | BL14: =AVERAGE(BJ14,BK14) -> #DIV/0! | BM14: =TRUNC(AVERAGE(AX14,BI14,BL14),1) -> #DIV/0! | BO14: 10 | BP14: 10 | BQ14: =AI14 -> 0 | CF14: =TRUNC(AVERAGE(BS14:CE14),1) -> #DIV/0! | CQ14: =TRUNC(AVERAGE(CG14:CP14),1) -> #DIV/0! | CT14: =AVERAGE(CR14:CS14) -> #DIV/0! | CU14: =TRUNC(AVERAGE(CF14,CT14,CQ14),1) -> #DIV/0! | CW14: 10
A15: 11 | B15: =MAESTRO!B15 -> 0 | P15: =TRUNC(AVERAGE(C15:O15),1) -> #DIV/0! | Q15: 11 | AA15: =TRUNC(AVERAGE(R15:Z15),1) -> #DIV/0! | AD15: =AVERAGE(AB15:AC15) -> #DIV/0! | AE15: =TRUNC(AVERAGE(P15,AA15,AD15),1) -> #DIV/0! | AG15: 11 | AH15: 11 | AI15: =B15 -> 0 | AX15: =TRUNC(AVERAGE(AK15:AW15),1) -> #DIV/0! | BI15: =TRUNC(AVERAGE(AY15:BH15),1) -> #DIV/0! | BL15: =AVERAGE(BJ15,BK15) -> #DIV/0! | BM15: =TRUNC(AVERAGE(AX15,BI15,BL15),1) -> #DIV/0! | BO15: 11 | BP15: 11 | BQ15: =AI15 -> 0 | CF15: =TRUNC(AVERAGE(BS15:CE15),1) -> #DIV/0! | CQ15: =TRUNC(AVERAGE(CG15:CP15),1) -> #DIV/0! | CT15: =AVERAGE(CR15:CS15) -> #DIV/0! | CU15: =TRUNC(AVERAGE(CF15,CT15,CQ15),1) -> #DIV/0! | CW15: 11
A16: 12 | B16: =MAESTRO!B16 -> 0 | P16: =TRUNC(AVERAGE(C16:O16),1) -> #DIV/0! | Q16: 12 | AA16: =TRUNC(AVERAGE(R16:Z16),1) -> #DIV/0! | AD16: =AVERAGE(AB16:AC16) -> #DIV/0! | AE16: =TRUNC(AVERAGE(P16,AA16,AD16),1) -> #DIV/0! | AG16: 12 | AH16: 12 | AI16: =B16 -> 0 | AX16: =TRUNC(AVERAGE(AK16:AW16),1) -> #DIV/0! | BI16: =TRUNC(AVERAGE(AY16:BH16),1) -> #DIV/0! | BL16: =AVERAGE(BJ16,BK16) -> #DIV/0! | BM16: =TRUNC(AVERAGE(AX16,BI16,BL16),1) -> #DIV/0! | BO16: 12 | BP16: 12 | BQ16: =AI16 -> 0 | CF16: =TRUNC(AVERAGE(BS16:CE16),1) -> #DIV/0! | CQ16: =TRUNC(AVERAGE(CG16:CP16),1) -> #DIV/0! | CT16: =AVERAGE(CR16:CS16) -> #DIV/0! | CU16: =TRUNC(AVERAGE(CF16,CT16,CQ16),1) -> #DIV/0! | CW16: 12
... A41: 37 | B41: =MAESTRO!B41 -> 0 | P41: =TRUNC(AVERAGE(C41:O41),1) -> #DIV/0! | Q41: 37 | AA41: =TRUNC(AVERAGE(R41:Z41),1) -> #DIV/0! | AD41: =AVERAGE(AB41:AC41) -> #DIV/0! | AE41: =TRUNC(AVERAGE(P41,AA41,AD41),1) -> #DIV/0! | AG41: 37 | AH41: 37 | AI41: =B41 -> 0 | AX41: =TRUNC(AVERAGE(AK41:AW41),1) -> #DIV/0! | BI41: =TRUNC(AVERAGE(AY41:BH41),1) -> #DIV/0! | BL41: =AVERAGE(BJ41,BK41) -> #DIV/0! | BM41: =TRUNC(AVERAGE(AX41,BI41,BL41),1) -> #DIV/0! | BO41: 37 | BP41: 37 | BQ41: =AI41 -> 0 | CF41: =TRUNC(AVERAGE(BS41:CE41),1) -> #DIV/0! | CQ41: =TRUNC(AVERAGE(CG41:CP41),1) -> #DIV/0! | CT41: =AVERAGE(CR41:CS41) -> #DIV/0! | CU41: =TRUNC(AVERAGE(CF41,CT41,CQ41),1) -> #DIV/0! | CW41: 37
A42: 38 | B42: =MAESTRO!B42 -> 0 | Q42: 38 | AG42: 38 | AH42: 38 | BO42: 38 | BP42: 38 | CW42: 38
A43: 39 | B43: =MAESTRO!B43 -> 0 | Q43: 39 | AG43: 39 | AH43: 39 | BO43: 39 | BP43: 39 | CW43: 39
A44: 40 | B44: =MAESTRO!B44 -> 0 | Q44: 40 | AG44: 40 | AH44: 40 | BO44: 40 | BP44: 40 | CW44: 40
A45: 41 | Q45: 41 | AG45: 41 | AH45: 41 | BO45: 41 | BP45: 41 | CW45: 41
A46: 42 | Q46: 42 | AG46: 42 | AH46: 42 | BO46: 42 | BP46: 42 | CW46: 42
A47: 43 | Q47: 43 | AG47: 43 | AH47: 43 | BO47: 43 | BP47: 43 | CW47: 43
A48: 44 | Q48: 44 | AG48: 44 | AH48: 44 | BO48: 44 | BP48: 44 | CW48: 44
A49: 45 | AG49: 45 | AH49: 45 | BO49: 45

Sheet Planilla (Ingles 7°) 
B3: MINISTERIO DE EDUCACION
B5: ESCUELA CERRO CACICON
B6: CACICON, COMARCA NGABE BUGLE
B7: INFORME DE CALIFICACIONES, AUSENCIAS Y TARDANZAS 2024
B9: AÑO LECTIVO: | D9: 2026 | I9: GRUPO: | L9: 7°
B10: PROF. CONSEJERO (A): | D10: DIGNA
B11: ASIGNATURA: | D11: INGLES | I11: PROFESOR: | L11: ELMER TUGRI
F13: TRIMESTRES | J13: AUSENCIAS/TARDANZAS | P13: TOTAL FINAL
B14: No | C14: APELLIDO, NOMBRE | E14: CEDULA | F14: I | G14: II | H14: III | I14: NOTA FINAL | J14: I | L14: II | N14: III
J15: A | K15: T | L15: A | M15: T | N15: A | O15: T | P15: A | Q15: T
B16: 1 | C16: =MAESTRO!B5 -> 0 | F16: ='PROM (Ingles 7°)'!AE5 -> #DIV/0! | G16: ='PROM (Ingles 7°)'!BM5 -> #DIV/0! | H16: ='PROM (Ingles 7°)'!CU5 -> #DIV/0! | I16: =TRUNC(AVERAGE(F16:H16),1) -> #DIV/0! | J16: ='Asistencia (7°)'!BI3 -> 0 | K16: ='Asistencia (9°)'!BJ3 -> 0 | L16: ='Asistencia (7°)'!BJ3 -> 0 | M16: ='Asistencia (9°)'!BJ46 -> 0 | N16: ='Asistencia (9°)'!BI91 -> 0 | O16: ='Asistencia (9°)'!BJ91 -> 0 | P16: =SUM(J16,L16,N16) -> 0 | Q16: =SUM(K16,M16,O16) -> 0
B17: 2 | C17: =MAESTRO!B6 -> 0 | F17: ='PROM (Ingles 7°)'!AE6 -> #DIV/0! | G17: ='PROM (Ingles 7°)'!BM6 -> #DIV/0! | H17: ='PROM (Ingles 7°)'!CU6 -> #DIV/0! | I17: =TRUNC(AVERAGE(F17:H17),1) -> #DIV/0! | J17: ='Asistencia (7°)'!BI4 -> 0 | K17: ='Asistencia (9°)'!BJ4 -> 0 | L17: ='Asistencia (7°)'!BJ4 -> 0 | M17: ='Asistencia (9°)'!BJ47 -> 0 | N17: ='Asistencia (9°)'!BI92 -> 0 | O17: ='Asistencia (9°)'!BJ92 -> 0 | P17: =SUM(J17,L17,N17) -> 0 | Q17: =SUM(K17,M17,O17) -> 0
B18: 3 | C18: =MAESTRO!B7 -> 0 | F18: ='PROM (Ingles 7°)'!AE7 -> #DIV/0! | G18: ='PROM (Ingles 7°)'!BM7 -> #DIV/0! | H18: ='PROM (Ingles 7°)'!CU7 -> #DIV/0! | I18: =TRUNC(AVERAGE(F18:H18),1) -> #DIV/0! | J18: ='Asistencia (7°)'!BI5 -> 0 | K18: ='Asistencia (9°)'!BJ5 -> 0 | L18: ='Asistencia (7°)'!BJ5 -> 0 | M18: ='Asistencia (9°)'!BJ48 -> 0 | N18: ='Asistencia (9°)'!BI93 -> 0 | O18: ='Asistencia (9°)'!BJ93 -> 0 | P18: =SUM(J18,L18,N18) -> 0 | Q18: =SUM(K18,M18,O18) -> 0
B19: 4 | C19: =MAESTRO!B8 -> 0 | F19: ='PROM (Ingles 7°)'!AE8 -> #DIV/0! | G19: ='PROM (Ingles 7°)'!BM8 -> #DIV/0! | H19: ='PROM (Ingles 7°)'!CU8 -> #DIV/0! | I19: =TRUNC(AVERAGE(F19:H19),1) -> #DIV/0! | J19: ='Asistencia (7°)'!BI6 -> 0 | K19: ='Asistencia (9°)'!BJ6 -> 0 | L19: ='Asistencia (7°)'!BJ6 -> 0 | M19: ='Asistencia (9°)'!BJ49 -> 0 | N19: ='Asistencia (9°)'!BI94 -> 0 | O19: ='Asistencia (9°)'!BJ94 -> 0 | P19: =SUM(J19,L19,N19) -> 0 | Q19: =SUM(K19,M19,O19) -> 0
B20: 5 | C20: =MAESTRO!B9 -> 0 | F20: ='PROM (Ingles 7°)'!AE9 -> #DIV/0! | G20: ='PROM (Ingles 7°)'!BM9 -> #DIV/0! | H20: ='PROM (Ingles 7°)'!CU9 -> #DIV/0! | I20: =TRUNC(AVERAGE(F20:H20),1) -> #DIV/0! | J20: ='Asistencia (7°)'!BI7 -> 0 | K20: ='Asistencia (9°)'!BJ7 -> 0 | L20: ='Asistencia (7°)'!BJ7 -> 0 | M20: ='Asistencia (9°)'!BJ50 -> 0 | N20: ='Asistencia (9°)'!BI95 -> 0 | O20: ='Asistencia (9°)'!BJ95 -> 0 | P20: =SUM(J20,L20,N20) -> 0 | Q20: =SUM(K20,M20,O20) -> 0
B21: 6 | C21: =MAESTRO!B10 -> 0 | F21: ='PROM (Ingles 7°)'!AE10 -> #DIV/0! | G21: ='PROM (Ingles 7°)'!BM10 -> #DIV/0! | H21: ='PROM (Ingles 7°)'!CU10 -> #DIV/0! | I21: =TRUNC(AVERAGE(F21:H21),1) -> #DIV/0! | J21: ='Asistencia (7°)'!BI8 -> 0 | K21: ='Asistencia (9°)'!BJ8 -> 0 | L21: ='Asistencia (7°)'!BJ8 -> 0 | M21: ='Asistencia (9°)'!BJ51 -> 0 | N21: ='Asistencia (9°)'!BI96 -> 0 | O21: ='Asistencia (9°)'!BJ96 -> 0 | P21: =SUM(J21,L21,N21) -> 0 | Q21: =SUM(K21,M21,O21) -> 0
B22: 7 | C22: =MAESTRO!B11 -> 0 | F22: ='PROM (Ingles 7°)'!AE11 -> #DIV/0! | G22: ='PROM (Ingles 7°)'!BM11 -> #DIV/0! | H22: ='PROM (Ingles 7°)'!CU11 -> #DIV/0! | I22: =TRUNC(AVERAGE(F22:H22),1) -> #DIV/0! | J22: ='Asistencia (7°)'!BI9 -> 0 | K22: ='Asistencia (9°)'!BJ9 -> 0 | L22: ='Asistencia (7°)'!BJ9 -> 0 | M22: ='Asistencia (9°)'!BJ52 -> 0 | N22: ='Asistencia (9°)'!BI97 -> 0 | O22: ='Asistencia (9°)'!BJ97 -> 0 | P22: =SUM(J22,L22,N22) -> 0 | Q22: =SUM(K22,M22,O22) -> 0
B23: 8 | C23: =MAESTRO!B12 -> 0 | F23: ='PROM (Ingles 7°)'!AE12 -> #DIV/0! | G23: ='PROM (Ingles 7°)'!BM12 -> #DIV/0! | H23: ='PROM (Ingles 7°)'!CU12 -> #DIV/0! | I23: =TRUNC(AVERAGE(F23:H23),1) -> #DIV/0! | J23: ='Asistencia (7°)'!BI10 -> 0 | K23: ='Asistencia (9°)'!BJ10 -> 0 | L23: ='Asistencia (7°)'!BJ10 -> 0 | M23: ='Asistencia (9°)'!BJ53 -> 0 | N23: ='Asistencia (9°)'!BI98 -> 0 | O23: ='Asistencia (9°)'!BJ98 -> 0 | P23: =SUM(J23,L23,N23) -> 0 | Q23: =SUM(K23,M23,O23) -> 0
B24: 9 | C24: =MAESTRO!B13 -> 0 | F24: ='PROM (Ingles 7°)'!AE13 -> #DIV/0! | G24: ='PROM (Ingles 7°)'!BM13 -> #DIV/0! | H24: ='PROM (Ingles 7°)'!CU13 -> #DIV/0! | I24: =TRUNC(AVERAGE(F24:H24),1) -> #DIV/0! | J24: ='Asistencia (7°)'!BI11 -> 0 | K24: ='Asistencia (9°)'!BJ11 -> 0 | L24: ='Asistencia (7°)'!BJ11 -> 0 | M24: ='Asistencia (9°)'!BJ54 -> 0 | N24: ='Asistencia (9°)'!BI99 -> 0 | O24: ='Asistencia (9°)'!BJ99 -> 0 | P24: =SUM(J24,L24,N24) -> 0 | Q24: =SUM(K24,M24,O24) -> 0
B25: 10 | C25: =MAESTRO!B14 -> 0 | F25: ='PROM (Ingles 7°)'!AE14 -> #DIV/0! | G25: ='PROM (Ingles 7°)'!BM14 -> #DIV/0! | H25: ='PROM (Ingles 7°)'!CU14 -> #DIV/0! | I25: =TRUNC(AVERAGE(F25:H25),1) -> #DIV/0! | J25: ='Asistencia (7°)'!BI12 -> 0 | K25: ='Asistencia (9°)'!BJ12 -> 0 | L25: ='Asistencia (7°)'!BJ12 -> 0 | M25: ='Asistencia (9°)'!BJ55 -> 0 | N25: ='Asistencia (9°)'!BI100 -> 0 | O25: ='Asistencia (9°)'!BJ100 -> 0 | P25: =SUM(J25,L25,N25) -> 0 | Q25: =SUM(K25,M25,O25) -> 0
B26: 11 | C26: =MAESTRO!B15 -> 0 | F26: ='PROM (Ingles 7°)'!AE15 -> #DIV/0! | G26: ='PROM (Ingles 7°)'!BM15 -> #DIV/0! | H26: ='PROM (Ingles 7°)'!CU15 -> #DIV/0! | I26: =TRUNC(AVERAGE(F26:H26),1) -> #DIV/0! | J26: ='Asistencia (7°)'!BI13 -> 0 | K26: ='Asistencia (9°)'!BJ13 -> 0 | L26: ='Asistencia (7°)'!BJ13 -> 0 | M26: ='Asistencia (9°)'!BJ56 -> 0 | N26: ='Asistencia (9°)'!BI101 -> 0 | O26: ='Asistencia (9°)'!BJ101 -> 0 | P26: =SUM(J26,L26,N26) -> 0 | Q26: =SUM(K26,M26,O26) -> 0
B27: 12 | C27: =MAESTRO!B16 -> 0 | F27: ='PROM (Ingles 7°)'!AE16 -> #DIV/0! | G27: ='PROM (Ingles 7°)'!BM16 -> #DIV/0! | H27: ='PROM (Ingles 7°)'!CU16 -> #DIV/0! | I27: =TRUNC(AVERAGE(F27:H27),1) -> #DIV/0! | J27: ='Asistencia (7°)'!BI14 -> 0 | K27: ='Asistencia (9°)'!BJ14 -> 0 | L27: ='Asistencia (7°)'!BJ14 -> 0 | M27: ='Asistencia (9°)'!BJ57 -> 0 | N27: ='Asistencia (9°)'!BI102 -> 0 | O27: ='Asistencia (9°)'!BJ102 -> 0 | P27: =SUM(J27,L27,N27) -> 0 | Q27: =SUM(K27,M27,O27) -> 0
... B52: 37 | C52: =MAESTRO!B41 -> 0 | F52: ='PROM (Ingles 7°)'!AE41 -> #DIV/0! | G52: ='PROM (Ingles 7°)'!BM41 -> #DIV/0! | H52: ='PROM (Ingles 7°)'!CU41 -> #DIV/0! | I52: =TRUNC(AVERAGE(F52:H52),1) -> #DIV/0! | J52: ='Asistencia (7°)'!BI39 -> 0 | K52: ='Asistencia (9°)'!BJ39 -> 0 | L52: ='Asistencia (7°)'!BJ39 -> 0 | M52: ='Asistencia (9°)'!BJ82 -> 0 | N52: ='Asistencia (9°)'!BI127 -> 0 | O52: ='Asistencia (9°)'!BJ127 -> 0 | P52: =SUM(J52,L52,N52) -> 0 | Q52: =SUM(K52,M52,O52) -> 0
B53: 38 | C53: =MAESTRO!B42 -> 0 | J53: ='Asistencia (7°)'!BI40 -> 0 | L53: ='Asistencia (7°)'!BJ40 -> 0
B54: 39 | C54: =MAESTRO!B43 -> 0 | J54: ='Asistencia (7°)'!BI41 -> 0 | L54: ='Asistencia (7°)'!BJ41 -> 0
C55: =MAESTRO!B44 -> 0 | J55: ='Asistencia (7°)'!BI42 -> 0 | L55: ='Asistencia (7°)'!BJ42 -> 0

Sheet PROM (Hogar y Desarrollo 7°)
A1: CALIFICACIONES-PRIMER TRIMESTRE | R1: CALIFICACIONES-PRIMER TRIMESTRE | AH1: CALIFICACIONES-SEGUNDO TRIMESTRE | AY1: CALIFICACIONES-SEGUNDO TRIMESTRE | BP1: CALIFICACIONES-TERCER TRIMESTRE | CG1: CALIFICACIONES-TERCER TRIMESTRE
B3: NOMBRE ALUMNA-ALUMNO | C3: NOTAS PARCIALES 1/3 | P3: PROMEDIO | R3: NOTAS DE APRECIACIÓN | AA3: PROMEDIO | AB3: PRUEBAS TRIMESTRALES 1/3 | AD3: PROMEDIO | AE3: CALIFICACIÓN TRIMESTRAL | AF3: OBSERVACIONES | AI3: NOMBRE ALUMNA-ALUMNO | AK3: NOTAS PARCIALES 1/3 | AX3: PROMEDIO | AY3: NOTAS DE APRECIACIÓN | BI3: PROMEDIO | BJ3: PRUEBAS BIMESTRALES 1/3 | BL3: PROMEDIO | BM3: CALIFICACIÓN BIMESTRAL | BN3: OBSERVACIONES | BQ3: NOMBRE ALUMNA-ALUMNO | BS3: NOTAS PARCIALES 1/3 | CF3: PROMEDIO | CG3: NOTAS DE APRECIACIÓN | CQ3: PROMEDIO | CR3: PRUEBAS BIMESTRALES 1/3 | CT3: PROMEDIO | CU3: CALIFICACIÓN BIMESTRAL | CV3: OBSERVACIONES
A5: 1 | B5: =MAESTRO!B5 -> 0 | P5: =TRUNC(AVERAGE(C5:O5),1) -> #DIV/0! | Q5: 1 | AA5: =TRUNC(AVERAGE(R5:Z5),1) -> #DIV/0! | AD5: =AVERAGE(AB5:AC5) -> #DIV/0! | AE5: =TRUNC(AVERAGE(P5,AA5,AD5),1) -> #DIV/0! | AG5: 1 | AH5: 1 | AI5: =B5 -> 0 | AX5: =TRUNC(AVERAGE(AK5:AW5),1) -> #DIV/0! | BI5: =TRUNC(AVERAGE(AY5:BH5),1) -> #DIV/0! | BL5: =AVERAGE(BJ5:BK5) -> #DIV/0! | BM5: =TRUNC(AVERAGE(AX5,BI5),1) -> #DIV/0! | BO5: 1 | BP5: 1 | BQ5: =AI5 -> 0 | CF5: =TRUNC(AVERAGE(BS5:CE5),1) -> #DIV/0! | CQ5: =TRUNC(AVERAGE(CG5:CP5),1) -> #DIV/0! | CU5: =TRUNC(AVERAGE(CF5,CQ5,CT5),1) -> #DIV/0! | CW5: 1
A6: 2 | B6: =MAESTRO!B6 -> 0 | P6: =TRUNC(AVERAGE(C6:O6),1) -> #DIV/0! | Q6: 2 | AA6: =TRUNC(AVERAGE(R6:Z6),1) -> #DIV/0! | AD6: =AVERAGE(AB6:AC6) -> #DIV/0! | AE6: =TRUNC(AVERAGE(P6,AA6,AD6),1) -> #DIV/0! | AG6: 2 | AH6: 2 | AI6: =B6 -> 0 | AX6: =TRUNC(AVERAGE(AK6:AW6),1) -> #DIV/0! | BI6: =TRUNC(AVERAGE(AY6:BH6),1) -> #DIV/0! | BL6: =AVERAGE(BJ6:BK6) -> #DIV/0! | BM6: =TRUNC(AVERAGE(AX6,BI6),1) -> #DIV/0! | BO6: 2 | BP6: 2 | BQ6: =AI6 -> 0 | CF6: =TRUNC(AVERAGE(BS6:CE6),1) -> #DIV/0! | CQ6: =TRUNC(AVERAGE(CG6:CP6),1) -> #DIV/0! | CU6: =TRUNC(AVERAGE(CF6,CQ6,CT6),1) -> #DIV/0! | CW6: 2
A7: 3 | B7: =MAESTRO!B7 -> 0 | P7: =TRUNC(AVERAGE(C7:O7),1) -> #DIV/0! | Q7: 3 | AA7: =TRUNC(AVERAGE(R7:Z7),1) -> #DIV/0! | AD7: =AVERAGE(AB7:AC7) -> #DIV/0! | AE7: =TRUNC(AVERAGE(P7,AA7,AD7),1) -> #DIV/0! | AG7: 3 | AH7: 3 | AI7: =B7 -> 0 | AX7: =TRUNC(AVERAGE(AK7:AW7),1) -> #DIV/0! | BI7: =TRUNC(AVERAGE(AY7:BH7),1) -> #DIV/0! | BL7: =AVERAGE(BJ7:BK7) -> #DIV/0! | BM7: =TRUNC(AVERAGE(AX7,BI7),1) -> #DIV/0! | BO7: 3 | BP7: 3 | BQ7: =AI7 -> 0 | CF7: =TRUNC(AVERAGE(BS7:CE7),1) -> #DIV/0! | CQ7: =TRUNC(AVERAGE(CG7:CP7),1) -> #DIV/0! | CU7: =TRUNC(AVERAGE(CF7,CQ7,CT7),1) -> #DIV/0! | CW7: 3
A8: 4 | B8: =MAESTRO!B8 -> 0 | P8: =TRUNC(AVERAGE(C8:O8),1) -> #DIV/0! | Q8: 4 | AA8: =TRUNC(AVERAGE(R8:Z8),1) -> #DIV/0! | AD8: =AVERAGE(AB8:AC8) -> #DIV/0! | AE8: =TRUNC(AVERAGE(P8,AA8,AD8),1) -> #DIV/0! | AG8: 4 | AH8: 4 | AI8: =B8 -> 0 | AX8: =TRUNC(AVERAGE(AK8:AW8),1) -> #DIV/0! | BI8: =TRUNC(AVERAGE(AY8:BH8),1) -> #DIV/0! | BL8: =AVERAGE(BJ8:BK8) -> #DIV/0! | BM8: =TRUNC(AVERAGE(AX8,BI8),1) -> #DIV/0! | BO8: 4 | BP8: 4 | BQ8: =AI8 -> 0 | CF8: =TRUNC(AVERAGE(BS8:CE8),1) -> #DIV/0! | CQ8: =TRUNC(AVERAGE(CG8:CP8),1) -> #DIV/0! | CU8: =TRUNC(AVERAGE(CF8,CQ8,CT8),1) -> #DIV/0! | CW8: 4
A9: 5 | B9: =MAESTRO!B9 -> 0 | P9: =TRUNC(AVERAGE(C9:O9),1) -> #DIV/0! | Q9: 5 | AA9: =TRUNC(AVERAGE(R9:Z9),1) -> #DIV/0! | AD9: =AVERAGE(AB9:AC9) -> #DIV/0! | AE9: =TRUNC(AVERAGE(P9,AA9,AD9),1) -> #DIV/0! | AG9: 5 | AH9: 5 | AI9: =B9 -> 0 | AX9: =TRUNC(AVERAGE(AK9:AW9),1) -> #DIV/0! | BI9: =TRUNC(AVERAGE(AY9:BH9),1) -> #DIV/0! | BL9: =AVERAGE(BJ9:BK9) -> #DIV/0! | BM9: =TRUNC(AVERAGE(AX9,BI9),1) -> #DIV/0! | BO9: 5 | BP9: 5 | BQ9: =AI9 -> 0 | CF9: =TRUNC(AVERAGE(BS9:CE9),1) -> #DIV/0! | CQ9: =TRUNC(AVERAGE(CG9:CP9),1) -> #DIV/0! | CU9: =TRUNC(AVERAGE(CF9,CQ9,CT9),1) -> #DIV/0! | CW9: 5
A10: 6 | B10: =MAESTRO!B10 -> 0 | P10: =TRUNC(AVERAGE(C10:O10),1) -> #DIV/0! | Q10: 6 | AA10: =TRUNC(AVERAGE(R10:Z10),1) -> #DIV/0! | AD10: =AVERAGE(AB10:AC10) -> #DIV/0! | AE10: =TRUNC(AVERAGE(P10,AA10,AD10),1) -> #DIV/0! | AG10: 6 | AH10: 6 | AI10: =B10 -> 0 | AX10: =TRUNC(AVERAGE(AK10:AW10),1) -> #DIV/0! | BI10: =TRUNC(AVERAGE(AY10:BH10),1) -> #DIV/0! | BL10: =AVERAGE(BJ10:BK10) -> #DIV/0! | BM10: =TRUNC(AVERAGE(AX10,BI10),1) -> #DIV/0! | BO10: 6 | BP10: 6 | BQ10: =AI10 -> 0 | CF10: =TRUNC(AVERAGE(BS10:CE10),1) -> #DIV/0! | CQ10: =TRUNC(AVERAGE(CG10:CP10),1) -> #DIV/0! | CU10: =TRUNC(AVERAGE(CF10,CQ10,CT10),1) -> #DIV/0! | CW10: 6
A11: 7 | B11: =MAESTRO!B11 -> 0 | P11: =TRUNC(AVERAGE(C11:O11),1) -> #DIV/0! | Q11: 7 | AA11: =TRUNC(AVERAGE(R11:Z11),1) -> #DIV/0! | AD11: =AVERAGE(AB11:AC11) -> #DIV/0! | AE11: =TRUNC(AVERAGE(P11,AA11,AD11),1) -> #DIV/0! | AG11: 7 | AH11: 7 | AI11: =B11 -> 0 | AX11: =TRUNC(AVERAGE(AK11:AW11),1) -> #DIV/0! | BI11: =TRUNC(AVERAGE(AY11:BH11),1) -> #DIV/0! | BL11: =AVERAGE(BJ11:BK11) -> #DIV/0! | BM11: =TRUNC(AVERAGE(AX11,BI11),1) -> #DIV/0! | BO11: 7 | BP11: 7 | BQ11: =AI11 -> 0 | CF11: =TRUNC(AVERAGE(BS11:CE11),1) -> #DIV/0! | CQ11: =TRUNC(AVERAGE(CG11:CP11),1) -> #DIV/0! | CU11: =TRUNC(AVERAGE(CF11,CQ11,CT11),1) -> #DIV/0! | CW11: 7
A12: 8 | B12: =MAESTRO!B12 -> 0 | P12: =TRUNC(AVERAGE(C12:O12),1) -> #DIV/0! | Q12: 8 | AA12: =TRUNC(AVERAGE(R12:Z12),1) -> #DIV/0! | AD12: =AVERAGE(AB12:AC12) -> #DIV/0! | AE12: =TRUNC(AVERAGE(P12,AA12,AD12),1) -> #DIV/0! | AG12: 8 | AH12: 8 | AI12: =B12 -> 0 | AX12: =TRUNC(AVERAGE(AK12:AW12),1) -> #DIV/0! | BI12: =TRUNC(AVERAGE(AY12:BH12),1) -> #DIV/0! | BL12: =AVERAGE(BJ12:BK12) -> #DIV/0! | BM12: =TRUNC(AVERAGE(AX12,BI12),1) -> #DIV/0! | BO12: 8 | BP12: 8 | BQ12: =AI12 -> 0 | CF12: =TRUNC(AVERAGE(BS12:CE12),1) -> #DIV/0! | CQ12: =TRUNC(AVERAGE(CG12:CP12),1) -> #DIV/0! | CU12: =TRUNC(AVERAGE(CF12,CQ12,CT12),1) -> #DIV/0! | CW12: 8
A13: 9 | B13: =MAESTRO!B13 -> 0 | P13: =TRUNC(AVERAGE(C13:O13),1) -> #DIV/0! | Q13: 9 | AA13: =TRUNC(AVERAGE(R13:Z13),1) -> #DIV/0! | AD13: =AVERAGE(AB13:AC13) -> #DIV/0! | AE13: =TRUNC(AVERAGE(P13,AA13,AD13),1) -> #DIV/0! | AG13: 9 | AH13: 9 | AI13: =B13 -> 0 | AX13: =TRUNC(AVERAGE(AK13:AW13),1) -> #DIV/0! | BI13: =TRUNC(AVERAGE(AY13:BH13),1) -> #DIV/0! | BL13: =AVERAGE(BJ13:BK13) -> #DIV/0! | BM13: =TRUNC(AVERAGE(AX13,BI13),1) -> #DIV/0! | BO13: 9 | BP13: 9 | BQ13: =AI13 -> 0 | CF13: =TRUNC(AVERAGE(BS13:CE13),1) -> #DIV/0! | CQ13: =TRUNC(AVERAGE(CG13:CP13),1) -> #DIV/0! | CU13: =TRUNC(AVERAGE(CF13,CQ13,CT13),1) -> #DIV/0! | CW13: 9
A14: 10 | B14: =MAESTRO!B14 -> 0 | P14: =TRUNC(AVERAGE(C14:O14),1) -> #DIV/0! | Q14: 10 | AA14: =TRUNC(AVERAGE(R14:Z14),1) -> #DIV/0! | AD14: =AVERAGE(AB14:AC14) -> #DIV/0! | AE14: =TRUNC(AVERAGE(P14,AA14,AD14),1) -> #DIV/0! | AG14: 10 | AH14: 10 | AI14: =B14 -> 0 | AX14: =TRUNC(AVERAGE(AK14:AW14),1) -> #DIV/0! | BI14: =TRUNC(AVERAGE(AY14:BH14),1) -> #DIV/0! | BL14: =AVERAGE(BJ14:BK14) -> #DIV/0! | BM14: =TRUNC(AVERAGE(AX14,BI14),1) -> #DIV/0! | BO14: 10 | BP14: 10 | BQ14: =AI14 -> 0 | CF14: =TRUNC(AVERAGE(BS14:CE14),1) -> #DIV/0! | CQ14: =TRUNC(AVERAGE(CG14:CP14),1) -> #DIV/0! | CU14: =TRUNC(AVERAGE(CF14,CQ14,CT14),1) -> #DIV/0! | CW14: 10
A15: 11 | B15: =MAESTRO!B15 -> 0 | P15: =TRUNC(AVERAGE(C15:O15),1) -> #DIV/0! | Q15: 11 | AA15: =TRUNC(AVERAGE(R15:Z15),1) -> #DIV/0! | AD15: =AVERAGE(AB15:AC15) -> #DIV/0! | AE15: =TRUNC(AVERAGE(P15,AA15,AD15),1) -> #DIV/0! | AG15: 11 | AH15: 11 | AI15: =B15 -> 0 | AX15: =TRUNC(AVERAGE(AK15:AW15),1) -> #DIV/0! | BI15: =TRUNC(AVERAGE(AY15:BH15),1) -> #DIV/0! | BL15: =AVERAGE(BJ15:BK15) -> #DIV/0! | BM15: =TRUNC(AVERAGE(AX15,BI15),1) -> #DIV/0! | BO15: 11 | BP15: 11 | BQ15: =AI15 -> 0 | CF15: =TRUNC(AVERAGE(BS15:CE15),1) -> #DIV/0! | CQ15: =TRUNC(AVERAGE(CG15:CP15),1) -> #DIV/0! | CU15: =TRUNC(AVERAGE(CF15,CQ15,CT15),1) -> #DIV/0! | CW15: 11
A16: 12 | B16: =MAESTRO!B16 -> 0 | P16: =TRUNC(AVERAGE(C16:O16),1) -> #DIV/0! | Q16: 12 | AA16: =TRUNC(AVERAGE(R16:Z16),1) -> #DIV/0! | AD16: =AVERAGE(AB16:AC16) -> #DIV/0! | AE16: =TRUNC(AVERAGE(P16,AA16,AD16),1) -> #DIV/0! | AG16: 12 | AH16: 12 | AI16: =B16 -> 0 | AX16: =TRUNC(AVERAGE(AK16:AW16),1) -> #DIV/0! | BI16: =TRUNC(AVERAGE(AY16:BH16),1) -> #DIV/0! | BL16: =AVERAGE(BJ16:BK16) -> #DIV/0! | BM16: =TRUNC(AVERAGE(AX16,BI16),1) -> #DIV/0! | BO16: 12 | BP16: 12 | BQ16: =AI16 -> 0 | CF16: =TRUNC(AVERAGE(BS16:CE16),1) -> #DIV/0! | CQ16: =TRUNC(AVERAGE(CG16:CP16),1) -> #DIV/0! | CU16: =TRUNC(AVERAGE(CF16,CQ16,CT16),1) -> #DIV/0! | CW16: 12
... A41: 37 | B41: =MAESTRO!B41 -> 0 | P41: =TRUNC(AVERAGE(C41:O41),1) -> #DIV/0! | Q41: 37 | AA41: =TRUNC(AVERAGE(R41:Z41),1) -> #DIV/0! | AD41: =AVERAGE(AB41:AC41) -> #DIV/0! | AE41: =TRUNC(AVERAGE(P41,AA41,AD41),1) -> #DIV/0! | AG41: 37 | AH41: 37 | AI41: =B41 -> 0 | AX41: =TRUNC(AVERAGE(AK41:AW41),1) -> #DIV/0! | BI41: =TRUNC(AVERAGE(AY41:BH41),1) -> #DIV/0! | BL41: =AVERAGE(BJ41:BK41) -> #DIV/0! | BM41: =TRUNC(AVERAGE(AX41,BI41),1) -> #DIV/0! | BO41: 37 | BP41: 37 | BQ41: =AI41 -> 0 | CF41: =TRUNC(AVERAGE(BS41:CE41),1) -> #DIV/0! | CQ41: =TRUNC(AVERAGE(CG41:CP41),1) -> #DIV/0! | CU41: =TRUNC(AVERAGE(CF41,CQ41,CT41),1) -> #DIV/0! | CW41: 37
A42: 38 | B42: =MAESTRO!B42 -> 0 | Q42: 38 | AG42: 38 | AH42: 38 | BO42: 38 | BP42: 38 | CW42: 38
A43: 39 | B43: =MAESTRO!B43 -> 0 | Q43: 39 | AG43: 39 | AH43: 39 | BO43: 39 | BP43: 39 | CW43: 39
A44: 40 | B44: =MAESTRO!B44 -> 0 | Q44: 40 | AG44: 40 | AH44: 40 | BO44: 40 | BP44: 40 | CW44: 40
A45: 41 | Q45: 41 | AG45: 41 | AH45: 41 | BO45: 41 | BP45: 41 | CW45: 41
A46: 42 | Q46: 42 | AG46: 42 | AH46: 42 | BO46: 42 | BP46: 42 | CW46: 42
A47: 43 | Q47: 43 | AG47: 43 | AH47: 43 | BO47: 43 | BP47: 43 | CW47: 43
A48: 44 | Q48: 44 | AG48: 44 | AH48: 44 | BO48: 44 | BP48: 44 | CW48: 44
A49: 45 | AG49: 45 | AH49: 45 | BO49: 45 | BP49: 45 | CF49: =TRUNC(AVERAGE(BS49:CE49),1) -> #DIV/0! | CQ49: =TRUNC(AVERAGE(CG49:CP49),1) -> #DIV/0! | CT49: =TRUNC(AVERAGE(CR49:CS49),1) -> #DIV/0! | CU49: =TRUNC(AVERAGE(CF49,CQ49,CT49),1) -> #DIV/0! | CW49: 45

Sheet Planilla (Hogar y Desarrollo 7)
B3: MINISTERIO DE EDUCACION
B5: ESCUELA CERRO CACICON
B6: CACICON, COMARCA NGABE BUGLE
B7: INFORME DE CALIFICACIONES, AUSENCIAS Y TARDANZAS 2024
B9: AÑO LECTIVO: | D9: 2026 | I9: GRUPO: | L9: 7°
B10: PROF. CONSEJERO (A): | D10: DIGNA
B11: ASIGNATURA: | D11: T. - HOGAR Y DESARROLLO | I11: PROFESOR: | L11: ELMER TUGRI
F13: TRIMESTRES | J13: AUSENCIAS/TARDANZAS | P13: TOTAL FINAL
B14: No | C14: APELLIDO, NOMBRE | E14: CEDULA | F14: I | G14: II | H14: III | I14: NOTA FINAL | J14: I | L14: II | N14: III
J15: A | K15: T | L15: A | M15: T | N15: A | O15: T | P15: A | Q15: T
B16: 1 | C16: =MAESTRO!B5 -> 0 | F16: ='PROM (Hogar y Desarrollo 7°)'!AE5 -> #DIV/0! | G16: ='PROM (Hogar y Desarrollo 7°)'!BM5 -> #DIV/0! | H16: ='PROM (Ingles 7°)'!CU5 -> #DIV/0! | I16: =TRUNC(AVERAGE(F16:H16),1) -> #DIV/0! | J16: ='Asistencia (7°)'!BI3 -> 0 | K16: ='Asistencia (9°)'!BJ3 -> 0 | L16: ='Asistencia (7°)'!BJ3 -> 0 | M16: ='Asistencia (9°)'!BJ46 -> 0 | N16: ='Asistencia (9°)'!BI91 -> 0 | O16: ='Asistencia (9°)'!BJ91 -> 0 | P16: =SUM(J16,L16,N16) -> 0 | Q16: =SUM(K16,M16,O16) -> 0
B17: 2 | C17: =MAESTRO!B6 -> 0 | F17: ='PROM (Hogar y Desarrollo 7°)'!AE6 -> #DIV/0! | G17: ='PROM (Hogar y Desarrollo 7°)'!BM6 -> #DIV/0! | H17: ='PROM (Ingles 7°)'!CU6 -> #DIV/0! | I17: =TRUNC(AVERAGE(F17:H17),1) -> #DIV/0! | J17: ='Asistencia (7°)'!BI4 -> 0 | K17: ='Asistencia (9°)'!BJ4 -> 0 | L17: ='Asistencia (7°)'!BJ4 -> 0 | M17: ='Asistencia (9°)'!BJ47 -> 0 | N17: ='Asistencia (9°)'!BI92 -> 0 | O17: ='Asistencia (9°)'!BJ92 -> 0 | P17: =SUM(J17,L17,N17) -> 0 | Q17: =SUM(K17,M17,O17) -> 0
B18: 3 | C18: =MAESTRO!B7 -> 0 | F18: ='PROM (Hogar y Desarrollo 7°)'!AE7 -> #DIV/0! | G18: ='PROM (Hogar y Desarrollo 7°)'!BM7 -> #DIV/0! | H18: ='PROM (Ingles 7°)'!CU7 -> #DIV/0! | I18: =TRUNC(AVERAGE(F18:H18),1) -> #DIV/0! | J18: ='Asistencia (7°)'!BI5 -> 0 | K18: ='Asistencia (9°)'!BJ5 -> 0 | L18: ='Asistencia (7°)'!BJ5 -> 0 | M18: ='Asistencia (9°)'!BJ48 -> 0 | N18: ='Asistencia (9°)'!BI93 -> 0 | O18: ='Asistencia (9°)'!BJ93 -> 0 | P18: =SUM(J18,L18,N18) -> 0 | Q18: =SUM(K18,M18,O18) -> 0
B19: 4 | C19: =MAESTRO!B8 -> 0 | F19: ='PROM (Hogar y Desarrollo 7°)'!AE8 -> #DIV/0! | G19: ='PROM (Hogar y Desarrollo 7°)'!BM8 -> #DIV/0! | H19: ='PROM (Ingles 7°)'!CU8 -> #DIV/0! | I19: =TRUNC(AVERAGE(F19:H19),1) -> #DIV/0! | J19: ='Asistencia (7°)'!BI6 -> 0 | K19: ='Asistencia (9°)'!BJ6 -> 0 | L19: ='Asistencia (7°)'!BJ6 -> 0 | M19: ='Asistencia (9°)'!BJ49 -> 0 | N19: ='Asistencia (9°)'!BI94 -> 0 | O19: ='Asistencia (9°)'!BJ94 -> 0 | P19: =SUM(J19,L19,N19) -> 0 | Q19: =SUM(K19,M19,O19) -> 0
B20: 5 | C20: =MAESTRO!B9 -> 0 | F20: ='PROM (Hogar y Desarrollo 7°)'!AE9 -> #DIV/0! | G20: ='PROM (Hogar y Desarrollo 7°)'!BM9 -> #DIV/0! | H20: ='PROM (Ingles 7°)'!CU9 -> #DIV/0! | I20: =TRUNC(AVERAGE(F20:H20),1) -> #DIV/0! | J20: ='Asistencia (7°)'!BI7 -> 0 | K20: ='Asistencia (9°)'!BJ7 -> 0 | L20: ='Asistencia (7°)'!BJ7 -> 0 | M20: ='Asistencia (9°)'!BJ50 -> 0 | N20: ='Asistencia (9°)'!BI95 -> 0 | O20: ='Asistencia (9°)'!BJ95 -> 0 | P20: =SUM(J20,L20,N20) -> 0 | Q20: =SUM(K20,M20,O20) -> 0
B21: 6 | C21: =MAESTRO!B10 -> 0 | F21: ='PROM (Hogar y Desarrollo 7°)'!AE10 -> #DIV/0! | G21: ='PROM (Hogar y Desarrollo 7°)'!BM10 -> #DIV/0! | H21: ='PROM (Ingles 7°)'!CU10 -> #DIV/0! | I21: =TRUNC(AVERAGE(F21:H21),1) -> #DIV/0! | J21: ='Asistencia (7°)'!BI8 -> 0 | K21: ='Asistencia (9°)'!BJ8 -> 0 | L21: ='Asistencia (7°)'!BJ8 -> 0 | M21: ='Asistencia (9°)'!BJ51 -> 0 | N21: ='Asistencia (9°)'!BI96 -> 0 | O21: ='Asistencia (9°)'!BJ96 -> 0 | P21: =SUM(J21,L21,N21) -> 0 | Q21: =SUM(K21,M21,O21) -> 0
B22: 7 | C22: =MAESTRO!B11 -> 0 | F22: ='PROM (Hogar y Desarrollo 7°)'!AE11 -> #DIV/0! | G22: ='PROM (Hogar y Desarrollo 7°)'!BM11 -> #DIV/0! | H22: ='PROM (Ingles 7°)'!CU11 -> #DIV/0! | I22: =TRUNC(AVERAGE(F22:H22),1) -> #DIV/0! | J22: ='Asistencia (7°)'!BI9 -> 0 | K22: ='Asistencia (9°)'!BJ9 -> 0 | L22: ='Asistencia (7°)'!BJ9 -> 0 | M22: ='Asistencia (9°)'!BJ52 -> 0 | N22: ='Asistencia (9°)'!BI97 -> 0 | O22: ='Asistencia (9°)'!BJ97 -> 0 | P22: =SUM(J22,L22,N22) -> 0 | Q22: =SUM(K22,M22,O22) -> 0
B23: 8 | C23: =MAESTRO!B12 -> 0 | F23: ='PROM (Hogar y Desarrollo 7°)'!AE12 -> #DIV/0! | G23: ='PROM (Hogar y Desarrollo 7°)'!BM12 -> #DIV/0! | H23: ='PROM (Ingles 7°)'!CU12 -> #DIV/0! | I23: =TRUNC(AVERAGE(F23:H23),1) -> #DIV/0! | J23: ='Asistencia (7°)'!BI10 -> 0 | K23: ='Asistencia (9°)'!BJ10 -> 0 | L23: ='Asistencia (7°)'!BJ10 -> 0 | M23: ='Asistencia (9°)'!BJ53 -> 0 | N23: ='Asistencia (9°)'!BI98 -> 0 | O23: ='Asistencia (9°)'!BJ98 -> 0 | P23: =SUM(J23,L23,N23) -> 0 | Q23: =SUM(K23,M23,O23) -> 0
B24: 9 | C24: =MAESTRO!B13 -> 0 | F24: ='PROM (Hogar y Desarrollo 7°)'!AE13 -> #DIV/0! | G24: ='PROM (Hogar y Desarrollo 7°)'!BM13 -> #DIV/0! | H24: ='PROM (Ingles 7°)'!CU13 -> #DIV/0! | I24: =TRUNC(AVERAGE(F24:H24),1) -> #DIV/0! | J24: ='Asistencia (7°)'!BI11 -> 0 | K24: ='Asistencia (9°)'!BJ11 -> 0 | L24: ='Asistencia (7°)'!BJ11 -> 0 | M24: ='Asistencia (9°)'!BJ54 -> 0 | N24: ='Asistencia (9°)'!BI99 -> 0 | O24: ='Asistencia (9°)'!BJ99 -> 0 | P24: =SUM(J24,L24,N24) -> 0 | Q24: =SUM(K24,M24,O24) -> 0
B25: 10 | C25: =MAESTRO!B14 -> 0 | F25: ='PROM (Hogar y Desarrollo 7°)'!AE14 -> #DIV/0! | G25: ='PROM (Hogar y Desarrollo 7°)'!BM14 -> #DIV/0! | H25: ='PROM (Ingles 7°)'!CU14 -> #DIV/0! | I25: =TRUNC(AVERAGE(F25:H25),1) -> #DIV/0! | J25: ='Asistencia (7°)'!BI12 -> 0 | K25: ='Asistencia (9°)'!BJ12 -> 0 | L25: ='Asistencia (7°)'!BJ12 -> 0 | M25: ='Asistencia (9°)'!BJ55 -> 0 | N25: ='Asistencia (9°)'!BI100 -> 0 | O25: ='Asistencia (9°)'!BJ100 -> 0 | P25: =SUM(J25,L25,N25) -> 0 | Q25: =SUM(K25,M25,O25) -> 0
B26: 11 | C26: =MAESTRO!B15 -> 0 | F26: ='PROM (Hogar y Desarrollo 7°)'!AE15 -> #DIV/0! | G26: ='PROM (Hogar y Desarrollo 7°)'!BM15 -> #DIV/0! | H26: ='PROM (Ingles 7°)'!CU15 -> #DIV/0! | I26: =TRUNC(AVERAGE(F26:H26),1) -> #DIV/0! | J26: ='Asistencia (7°)'!BI13 -> 0 | K26: ='Asistencia (9°)'!BJ13 -> 0 | L26: ='Asistencia (7°)'!BJ13 -> 0 | M26: ='Asistencia (9°)'!BJ56 -> 0 | N26: ='Asistencia (9°)'!BI101 -> 0 | O26: ='Asistencia (9°)'!BJ101 -> 0 | P26: =SUM(J26,L26,N26) -> 0 | Q26: =SUM(K26,M26,O26) -> 0
B27: 12 | C27: =MAESTRO!B16 -> 0 | F27: ='PROM (Hogar y Desarrollo 7°)'!AE16 -> #DIV/0! | G27: ='PROM (Hogar y Desarrollo 7°)'!BM16 -> #DIV/0! | H27: ='PROM (Ingles 7°)'!CU16 -> #DIV/0! | I27: =TRUNC(AVERAGE(F27:H27),1) -> #DIV/0! | J27: ='Asistencia (7°)'!BI14 -> 0 | K27: ='Asistencia (9°)'!BJ14 -> 0 | L27: ='Asistencia (7°)'!BJ14 -> 0 | M27: ='Asistencia (9°)'!BJ57 -> 0 | N27: ='Asistencia (9°)'!BI102 -> 0 | O27: ='Asistencia (9°)'!BJ102 -> 0 | P27: =SUM(J27,L27,N27) -> 0 | Q27: =SUM(K27,M27,O27) -> 0
... B52: 37 | C52: =MAESTRO!B41 -> 0 | F52: ='PROM (Hogar y Desarrollo 7°)'!AE41 -> #DIV/0! | G52: ='PROM (Hogar y Desarrollo 7°)'!BM41 -> #DIV/0! | H52: ='PROM (Ingles 7°)'!CU41 -> #DIV/0! | I52: =TRUNC(AVERAGE(F52:H52),1) -> #DIV/0! | J52: ='Asistencia (7°)'!BI39 -> 0 | K52: ='Asistencia (9°)'!BJ39 -> 0 | L52: ='Asistencia (7°)'!BJ39 -> 0 | M52: ='Asistencia (9°)'!BJ82 -> 0 | N52: ='Asistencia (9°)'!BI127 -> 0 | O52: ='Asistencia (9°)'!BJ127 -> 0 | P52: =SUM(J52,L52,N52) -> 0 | Q52: =SUM(K52,M52,O52) -> 0
B53: 38 | C53: =MAESTRO!B42 -> 0 | J53: ='Asistencia (7°)'!BI40 -> 0 | L53: ='Asistencia (7°)'!BJ40 -> 0
B54: 39 | C54: =MAESTRO!B43 -> 0 | J54: ='Asistencia (7°)'!BI41 -> 0 | L54: ='Asistencia (7°)'!BJ41 -> 0
C55: =MAESTRO!B44 -> 0 | J55: ='Asistencia (7°)'!BI42 -> 0 | L55: ='Asistencia (7°)'!BJ42 -> 0

Sheet PROM (Agropecuaria 7°)
A1: CALIFICACIONES-PRIMER TRIMESTRE | R1: CALIFICACIONES-PRIMER TRIMESTRE | AH1: CALIFICACIONES-SEGUNDO TRIMESTRE | AY1: CALIFICACIONES-SEGUNDO TRIMESTRE | BP1: CALIFICACIONES-TERCER BIMESTRE | CG1: CALIFICACIONES-TERCER BIMESTRE
B3: NOMBRE ALUMNA-ALUMNO | C3: NOTAS PARCIALES 1/3 | P3: PROMEDIO | R3: NOTAS DE APRECIACIÓN | AA3: PROMEDIO | AB3: PRUEBAS TRIMESTRALES 1/3 | AD3: PROMEDIO | AE3: CALIFICACIÓN TRIMESTRAL | AF3: OBSERVACIONES | AI3: NOMBRE ALUMNA-ALUMNO | AK3: NOTAS PARCIALES 1/3 | AX3: PROMEDIO | AY3: NOTAS DE APRECIACIÓN | BI3: PROMEDIO | BJ3: PRUEBAS BIMESTRALES 1/3 | BL3: PROMEDIO | BM3: CALIFICACIÓN BIMESTRAL | BN3: OBSERVACIONES | BQ3: NOMBRE ALUMNA-ALUMNO | BS3: NOTAS PARCIALES 1/3 | CF3: PROMEDIO | CG3: NOTAS DE APRECIACIÓN | CQ3: PROMEDIO | CR3: PRUEBAS BIMESTRALES 1/3 | CT3: PROMEDIO | CU3: CALIFICACIÓN BIMESTRAL | CV3: OBSERVACIONES
A5: 1 | B5: =MAESTRO!B5 -> 0 | P5: =TRUNC(AVERAGE(C5:O5),1) -> #DIV/0! | Q5: 1 | AA5: =TRUNC(AVERAGE(R5:Z5),1) -> #DIV/0! | AD5: =AVERAGE(AB5:AC5) -> #DIV/0! | AE5: =TRUNC(AVERAGE(P5,AA5,AD5),1) -> #DIV/0! | AG5: 1 | AH5: 1 | AI5: =B5 -> 0 | AX5: =TRUNC(AVERAGE(AK5:AW5),1) -> #DIV/0! | BI5: =TRUNC(AVERAGE(AY5:BH5),1) -> #DIV/0! | BL5: =AVERAGE(BJ5,BK5) -> #DIV/0! | BM5: =TRUNC(AVERAGE(AX5,BI5,BL5),1) -> #DIV/0! | BO5: 1 | BP5: 1 | BQ5: =AI5 -> 0 | CF5: =TRUNC(AVERAGE(BS5:CE5),1) -> #DIV/0! | CQ5: =TRUNC(AVERAGE(CG5:CP5),1) -> #DIV/0! | CT5: =AVERAGE(CR5:CS5) -> #DIV/0! | CU5: =TRUNC(AVERAGE(CF5,CQ5,CT5),1) -> #DIV/0! | CW5: 1
A6: 2 | B6: =MAESTRO!B6 -> 0 | P6: =TRUNC(AVERAGE(C6:O6),1) -> #DIV/0! | Q6: 2 | AA6: =TRUNC(AVERAGE(R6:Z6),1) -> #DIV/0! | AD6: =AVERAGE(AB6:AC6) -> #DIV/0! | AE6: =TRUNC(AVERAGE(P6,AA6,AD6),1) -> #DIV/0! | AG6: 2 | AH6: 2 | AI6: =B6 -> 0 | AX6: =TRUNC(AVERAGE(AK6:AW6),1) -> #DIV/0! | BI6: =TRUNC(AVERAGE(AY6:BH6),1) -> #DIV/0! | BL6: =AVERAGE(BJ6,BK6) -> #DIV/0! | BM6: =TRUNC(AVERAGE(AX6,BI6,BL6),1) -> #DIV/0! | BO6: 2 | BP6: 2 | BQ6: =AI6 -> 0 | CF6: =TRUNC(AVERAGE(BS6:CE6),1) -> #DIV/0! | CQ6: =TRUNC(AVERAGE(CG6:CP6),1) -> #DIV/0! | CT6: =AVERAGE(CR6:CS6) -> #DIV/0! | CU6: =TRUNC(AVERAGE(CF6,CQ6,CT6),1) -> #DIV/0! | CW6: 2
A7: 3 | B7: =MAESTRO!B7 -> 0 | P7: =TRUNC(AVERAGE(C7:O7),1) -> #DIV/0! | Q7: 3 | AA7: =TRUNC(AVERAGE(R7:Z7),1) -> #DIV/0! | AD7: =AVERAGE(AB7:AC7) -> #DIV/0! | AE7: =TRUNC(AVERAGE(P7,AA7,AD7),1) -> #DIV/0! | AG7: 3 | AH7: 3 | AI7: =B7 -> 0 | AX7: =TRUNC(AVERAGE(AK7:AW7),1) -> #DIV/0! | BI7: =TRUNC(AVERAGE(AY7:BH7),1) -> #DIV/0! | BL7: =AVERAGE(BJ7,BK7) -> #DIV/0! | BM7: =TRUNC(AVERAGE(AX7,BI7,BL7),1) -> #DIV/0! | BO7: 3 | BP7: 3 | BQ7: =AI7 -> 0 | CF7: =TRUNC(AVERAGE(BS7:CE7),1) -> #DIV/0! | CQ7: =TRUNC(AVERAGE(CG7:CP7),1) -> #DIV/0! | CT7: =AVERAGE(CR7:CS7) -> #DIV/0! | CU7: =TRUNC(AVERAGE(CF7,CQ7,CT7),1) -> #DIV/0! | CW7: 3
A8: 4 | B8: =MAESTRO!B8 -> 0 | P8: =TRUNC(AVERAGE(C8:O8),1) -> #DIV/0! | Q8: 4 | AA8: =TRUNC(AVERAGE(R8:Z8),1) -> #DIV/0! | AD8: =AVERAGE(AB8:AC8) -> #DIV/0! | AE8: =TRUNC(AVERAGE(P8,AA8,AD8),1) -> #DIV/0! | AG8: 4 | AH8: 4 | AI8: =B8 -> 0 | AX8: =TRUNC(AVERAGE(AK8:AW8),1) -> #DIV/0! | BI8: =TRUNC(AVERAGE(AY8:BH8),1) -> #DIV/0! | BL8: =AVERAGE(BJ8,BK8) -> #DIV/0! | BM8: =TRUNC(AVERAGE(AX8,BI8,BL8),1) -> #DIV/0! | BO8: 4 | BP8: 4 | BQ8: =AI8 -> 0 | CF8: =TRUNC(AVERAGE(BS8:CE8),1) -> #DIV/0! | CQ8: =TRUNC(AVERAGE(CG8:CP8),1) -> #DIV/0! | CT8: =AVERAGE(CR8:CS8) -> #DIV/0! | CU8: =TRUNC(AVERAGE(CF8,CQ8,CT8),1) -> #DIV/0! | CW8: 4
A9: 5 | B9: =MAESTRO!B9 -> 0 | P9: =TRUNC(AVERAGE(C9:O9),1) -> #DIV/0! | Q9: 5 | AA9: =TRUNC(AVERAGE(R9:Z9),1) -> #DIV/0! | AD9: =AVERAGE(AB9:AC9) -> #DIV/0! | AE9: =TRUNC(AVERAGE(P9,AA9,AD9),1) -> #DIV/0! | AG9: 5 | AH9: 5 | AI9: =B9 -> 0 | AX9: =TRUNC(AVERAGE(AK9:AW9),1) -> #DIV/0! | BI9: =TRUNC(AVERAGE(AY9:BH9),1) -> #DIV/0! | BL9: =AVERAGE(BJ9,BK9) -> #DIV/0! | BM9: =TRUNC(AVERAGE(AX9,BI9,BL9),1) -> #DIV/0! | BO9: 5 | BP9: 5 | BQ9: =AI9 -> 0 | CF9: =TRUNC(AVERAGE(BS9:CE9),1) -> #DIV/0! | CQ9: =TRUNC(AVERAGE(CG9:CP9),1) -> #DIV/0! | CT9: =AVERAGE(CR9:CS9) -> #DIV/0! | CU9: =TRUNC(AVERAGE(CF9,CQ9,CT9),1) -> #DIV/0! | CW9: 5
A10: 6 | B10: =MAESTRO!B10 -> 0 | P10: =TRUNC(AVERAGE(C10:O10),1) -> #DIV/0! | Q10: 6 | AA10: =TRUNC(AVERAGE(R10:Z10),1) -> #DIV/0! | AD10: =AVERAGE(AB10:AC10) -> #DIV/0! | AE10: =TRUNC(AVERAGE(P10,AA10,AD10),1) -> #DIV/0! | AG10: 6 | AH10: 6 | AI10: =B10 -> 0 | AX10: =TRUNC(AVERAGE(AK10:AW10),1) -> #DIV/0! | BI10: =TRUNC(AVERAGE(AY10:BH10),1) -> #DIV/0! | BL10: =AVERAGE(BJ10,BK10) -> #DIV/0! | BM10: =TRUNC(AVERAGE(AX10,BI10,BL10),1) -> #DIV/0! | BO10: 6 | BP10: 6 | BQ10: =AI10 -> 0 | CF10: =TRUNC(AVERAGE(BS10:CE10),1) -> #DIV/0! | CQ10: =TRUNC(AVERAGE(CG10:CP10),1) -> #DIV/0! | CT10: =AVERAGE(CR10:CS10) -> #DIV/0! | CU10: =TRUNC(AVERAGE(CF10,CQ10,CT10),1) -> #DIV/0! | CW10: 6
A11: 7 | B11: =MAESTRO!B11 -> 0 | P11: =TRUNC(AVERAGE(C11:O11),1) -> #DIV/0! | Q11: 7 | AA11: =TRUNC(AVERAGE(R11:Z11),1) -> #DIV/0! | AD11: =AVERAGE(AB11:AC11) -> #DIV/0! | AE11: =TRUNC(AVERAGE(P11,AA11,AD11),1) -> #DIV/0! | AG11: 7 | AH11: 7 | AI11: =B11 -> 0 | AX11: =TRUNC(AVERAGE(AK11:AW11),1) -> #DIV/0! | BI11: =TRUNC(AVERAGE(AY11:BH11),1) -> #DIV/0! | BL11: =AVERAGE(BJ11,BK11) -> #DIV/0! | BM11: =TRUNC(AVERAGE(AX11,BI11,BL11),1) -> #DIV/0! | BO11: 7 | BP11: 7 | BQ11: =AI11 -> 0 | CF11: =TRUNC(AVERAGE(BS11:CE11),1) -> #DIV/0! | CQ11: =TRUNC(AVERAGE(CG11:CP11),1) -> #DIV/0! | CT11: =AVERAGE(CR11:CS11) -> #DIV/0! | CU11: =TRUNC(AVERAGE(CF11,CQ11,CT11),1) -> #DIV/0! | CW11: 7
A12: 8 | B12: =MAESTRO!B12 -> 0 | P12: =TRUNC(AVERAGE(C12:O12),1) -> #DIV/0! | Q12: 8 | AA12: =TRUNC(AVERAGE(R12:Z12),1) -> #DIV/0! | AD12: =AVERAGE(AB12:AC12) -> #DIV/0! | AE12: =TRUNC(AVERAGE(P12,AA12,AD12),1) -> #DIV/0! | AG12: 8 | AH12: 8 | AI12: =B12 -> 0 | AX12: =TRUNC(AVERAGE(AK12:AW12),1) -> #DIV/0! | BI12: =TRUNC(AVERAGE(AY12:BH12),1) -> #DIV/0! | BL12: =AVERAGE(BJ12,BK12) -> #DIV/0! | BM12: =TRUNC(AVERAGE(AX12,BI12,BL12),1) -> #DIV/0! | BO12: 8 | BP12: 8 | BQ12: =AI12 -> 0 | CF12: =TRUNC(AVERAGE(BS12:CE12),1) -> #DIV/0! | CQ12: =TRUNC(AVERAGE(CG12:CP12),1) -> #DIV/0! | CT12: =AVERAGE(CR12:CS12) -> #DIV/0! | CU12: =TRUNC(AVERAGE(CF12,CQ12,CT12),1) -> #DIV/0! | CW12: 8
A13: 9 | B13: =MAESTRO!B13 -> 0 | P13: =TRUNC(AVERAGE(C13:O13),1) -> #DIV/0! | Q13: 9 | AA13: =TRUNC(AVERAGE(R13:Z13),1) -> #DIV/0! | AD13: =AVERAGE(AB13:AC13) -> #DIV/0! | AE13: =TRUNC(AVERAGE(P13,AA13,AD13),1) -> #DIV/0! | AG13: 9 | AH13: 9 | AI13: =B13 -> 0 | AX13: =TRUNC(AVERAGE(AK13:AW13),1) -> #DIV/0! | BI13: =TRUNC(AVERAGE(AY13:BH13),1) -> #DIV/0! | BL13: =AVERAGE(BJ13,BK13) -> #DIV/0! | BM13: =TRUNC(AVERAGE(AX13,BI13,BL13),1) -> #DIV/0! | BO13: 9 | BP13: 9 | BQ13: =AI13 -> 0 | CF13: =TRUNC(AVERAGE(BS13:CE13),1) -> #DIV/0! | CQ13: =TRUNC(AVERAGE(CG13:CP13),1) -> #DIV/0! | CT13: =AVERAGE(CR13:CS13) -> #DIV/0! | CU13: =TRUNC(AVERAGE(CF13,CQ13,CT13),1) -> #DIV/0! | CW13: 9
A14: 10 | B14: =MAESTRO!B14 -> 0 | P14: =TRUNC(AVERAGE(C14:O14),1) -> #DIV/0! | Q14: 10 | AA14: =TRUNC(AVERAGE(R14:Z14),1) -> #DIV/0! | AD14: =AVERAGE(AB14:AC14) -> #DIV/0! | AE14: =TRUNC(AVERAGE(P14,AA14,AD14),1) -> #DIV/0! | AG14: 10 | AH14: 10 | AI14: =B14 -> 0 | AX14: =TRUNC(AVERAGE(AK14:AW14),1) -> #DIV/0! | BI14: =TRUNC(AVERAGE(AY14:BH14),1) -> #DIV/0! | BL14: =AVERAGE(BJ14,BK14) -> #DIV/0! | BM14: =TRUNC(AVERAGE(AX14,BI14,BL14),1) -> #DIV/0! | BO14: 10 | BP14: 10 | BQ14: =AI14 -> 0 | CF14: =TRUNC(AVERAGE(BS14:CE14),1) -> #DIV/0! | CQ14: =TRUNC(AVERAGE(CG14:CP14),1) -> #DIV/0! | CT14: =AVERAGE(CR14:CS14) -> #DIV/0! | CU14: =TRUNC(AVERAGE(CF14,CQ14,CT14),1) -> #DIV/0! | CW14: 10
A15: 11 | B15: =MAESTRO!B15 -> 0 | P15: =TRUNC(AVERAGE(C15:O15),1) -> #DIV/0! | Q15: 11 | AA15: =TRUNC(AVERAGE(R15:Z15),1) -> #DIV/0! | AD15: =AVERAGE(AB15:AC15) -> #DIV/0! | AE15: =TRUNC(AVERAGE(P15,AA15,AD15),1) -> #DIV/0! | AG15: 11 | AH15: 11 | AI15: =B15 -> 0 | AX15: =TRUNC(AVERAGE(AK15:AW15),1) -> #DIV/0! | BI15: =TRUNC(AVERAGE(AY15:BH15),1) -> #DIV/0! | BL15: =AVERAGE(BJ15,BK15) -> #DIV/0! | BM15: =TRUNC(AVERAGE(AX15,BI15,BL15),1) -> #DIV/0! | BO15: 11 | BP15: 11 | BQ15: =AI15 -> 0 | CF15: =TRUNC(AVERAGE(BS15:CE15),1) -> #DIV/0! | CQ15: =TRUNC(AVERAGE(CG15:CP15),1) -> #DIV/0! | CT15: =AVERAGE(CR15:CS15) -> #DIV/0! | CU15: =TRUNC(AVERAGE(CF15,CQ15,CT15),1) -> #DIV/0! | CW15: 11
A16: 12 | B16: =MAESTRO!B16 -> 0 | P16: =TRUNC(AVERAGE(C16:O16),1) -> #DIV/0! | Q16: 12 | AA16: =TRUNC(AVERAGE(R16:Z16),1) -> #DIV/0! | AD16: =AVERAGE(AB16:AC16) -> #DIV/0! | AE16: =TRUNC(AVERAGE(P16,AA16,AD16),1) -> #DIV/0! | AG16: 12 | AH16: 12 | AI16: =B16 -> 0 | AX16: =TRUNC(AVERAGE(AK16:AW16),1) -> #DIV/0! | BI16: =TRUNC(AVERAGE(AY16:BH16),1) -> #DIV/0! | BL16: =AVERAGE(BJ16,BK16) -> #DIV/0! | BM16: =TRUNC(AVERAGE(AX16,BI16,BL16),1) -> #DIV/0! | BO16: 12 | BP16: 12 | BQ16: =AI16 -> 0 | CF16: =TRUNC(AVERAGE(BS16:CE16),1) -> #DIV/0! | CQ16: =TRUNC(AVERAGE(CG16:CP16),1) -> #DIV/0! | CT16: =AVERAGE(CR16:CS16) -> #DIV/0! | CU16: =TRUNC(AVERAGE(CF16,CQ16,CT16),1) -> #DIV/0! | CW16: 12
... A41: 37 | B41: =MAESTRO!B41 -> 0 | P41: =TRUNC(AVERAGE(C41:O41),1) -> #DIV/0! | Q41: 37 | AA41: =TRUNC(AVERAGE(R41:Z41),1) -> #DIV/0! | AD41: =AVERAGE(AB41:AC41) -> #DIV/0! | AE41: =TRUNC(AVERAGE(P41,AA41,AD41),1) -> #DIV/0! | AG41: 37 | AH41: 37 | AI41: =B41 -> 0 | AX41: =TRUNC(AVERAGE(AK41:AW41),1) -> #DIV/0! | BI41: =TRUNC(AVERAGE(AY41:BH41),1) -> #DIV/0! | BL41: =AVERAGE(BJ41,BK41) -> #DIV/0! | BM41: =TRUNC(AVERAGE(AX41,BI41,BL41),1) -> #DIV/0! | BO41: 37 | BP41: 37 | BQ41: =AI41 -> 0 | CF41: =TRUNC(AVERAGE(BS41:CE41),1) -> #DIV/0! | CQ41: =TRUNC(AVERAGE(CG41:CP41),1) -> #DIV/0! | CT41: =AVERAGE(CR41:CS41) -> #DIV/0! | CU41: =TRUNC(AVERAGE(CF41,CQ41,CT41),1) -> #DIV/0! | CW41: 37
A42: 38 | B42: =MAESTRO!B42 -> 0 | Q42: 38 | AG42: 38 | AH42: 38 | BO42: 38 | BP42: 38 | CW42: 38
A43: 39 | B43: =MAESTRO!B43 -> 0 | Q43: 39 | AG43: 39 | AH43: 39 | BO43: 39 | BP43: 39 | CW43: 39
A44: 40 | B44: =MAESTRO!B44 -> 0 | Q44: 40 | AG44: 40 | AH44: 40 | BO44: 40 | BP44: 40 | CW44: 40
A45: 41 | Q45: 41 | AG45: 41 | AH45: 41 | BO45: 41 | BP45: 41 | CW45: 41
A46: 42 | Q46: 42 | AG46: 42 | AH46: 42 | BO46: 42 | BP46: 42 | CW46: 42
A47: 43 | Q47: 43 | AG47: 43 | AH47: 43 | BO47: 43 | BP47: 43 | CW47: 43
A48: 44 | Q48: 44 | AG48: 44 | AH48: 44 | BO48: 44 | BP48: 44 | CW48: 44
A49: 45 | AG49: 45 | AH49: 45 | BO49: 45 | BP49: 45 | CF49: =TRUNC(AVERAGE(BS49:CE49),1) -> #DIV/0! | CW49: 45

Sheet Planilla (Agropecuaria 7°)
B3: MINISTERIO DE EDUCACION
B5: ESCUELA CERRO CACICON
B6: CACICON, COMARCA NGABE BUGLE
B7: INFORME DE CALIFICACIONES, AUSENCIAS Y TARDANZAS 2024
B9: AÑO LECTIVO: | D9: 2026 | I9: GRUPO: | L9: 7°
B10: PROF. CONSEJERO (A): | D10: DIGNA
B11: ASIGNATURA: | D11: AGROPECUARIA | I11: PROFESOR: | L11: ELMER TUGRI
F13: TRIMESTRES | J13: AUSENCIAS/TARDANZAS | P13: TOTAL FINAL
B14: No | C14: APELLIDO, NOMBRE | E14: CEDULA | F14: I | G14: II | H14: III | I14: NOTA FINAL | J14: I | L14: II | N14: III
J15: A | K15: T | L15: A | M15: T | N15: A | O15: T | P15: A | Q15: T
B16: 1 | C16: =MAESTRO!B5 -> 0 | F16: ='PROM (Agropecuaria 7°)'!AE5 -> #DIV/0! | G16: ='PROM (Agropecuaria 7°)'!BM5 -> #DIV/0! | H16: ='PROM (Agropecuaria 7°)'!CU5 -> #DIV/0! | I16: =TRUNC(AVERAGE(F16:H16),1) -> #DIV/0! | J16: ='Asistencia (7°)'!BI3 -> 0 | K16: ='Asistencia (9°)'!BJ3 -> 0 | L16: ='Asistencia (7°)'!BJ3 -> 0 | M16: ='Asistencia (9°)'!BJ46 -> 0 | N16: ='Asistencia (9°)'!BI91 -> 0 | O16: ='Asistencia (9°)'!BJ91 -> 0 | P16: =SUM(J16,L16,N16) -> 0 | Q16: =SUM(K16,M16,O16) -> 0
B17: 2 | C17: =MAESTRO!B6 -> 0 | F17: ='PROM (Agropecuaria 7°)'!AE6 -> #DIV/0! | G17: ='PROM (Agropecuaria 7°)'!BM6 -> #DIV/0! | H17: ='PROM (Agropecuaria 7°)'!CU6 -> #DIV/0! | I17: =TRUNC(AVERAGE(F17:H17),1) -> #DIV/0! | J17: ='Asistencia (7°)'!BI4 -> 0 | K17: ='Asistencia (9°)'!BJ4 -> 0 | L17: ='Asistencia (7°)'!BJ4 -> 0 | M17: ='Asistencia (9°)'!BJ47 -> 0 | N17: ='Asistencia (9°)'!BI92 -> 0 | O17: ='Asistencia (9°)'!BJ92 -> 0 | P17: =SUM(J17,L17,N17) -> 0 | Q17: =SUM(K17,M17,O17) -> 0
B18: 3 | C18: =MAESTRO!B7 -> 0 | F18: ='PROM (Agropecuaria 7°)'!AE7 -> #DIV/0! | G18: ='PROM (Agropecuaria 7°)'!BM7 -> #DIV/0! | H18: ='PROM (Agropecuaria 7°)'!CU7 -> #DIV/0! | I18: =TRUNC(AVERAGE(F18:H18),1) -> #DIV/0! | J18: ='Asistencia (7°)'!BI5 -> 0 | K18: ='Asistencia (9°)'!BJ5 -> 0 | L18: ='Asistencia (7°)'!BJ5 -> 0 | M18: ='Asistencia (9°)'!BJ48 -> 0 | N18: ='Asistencia (9°)'!BI93 -> 0 | O18: ='Asistencia (9°)'!BJ93 -> 0 | P18: =SUM(J18,L18,N18) -> 0 | Q18: =SUM(K18,M18,O18) -> 0
B19: 4 | C19: =MAESTRO!B8 -> 0 | F19: ='PROM (Agropecuaria 7°)'!AE8 -> #DIV/0! | G19: ='PROM (Agropecuaria 7°)'!BM8 -> #DIV/0! | H19: ='PROM (Agropecuaria 7°)'!CU8 -> #DIV/0! | I19: =TRUNC(AVERAGE(F19:H19),1) -> #DIV/0! | J19: ='Asistencia (7°)'!BI6 -> 0 | K19: ='Asistencia (9°)'!BJ6 -> 0 | L19: ='Asistencia (7°)'!BJ6 -> 0 | M19: ='Asistencia (9°)'!BJ49 -> 0 | N19: ='Asistencia (9°)'!BI94 -> 0 | O19: ='Asistencia (9°)'!BJ94 -> 0 | P19: =SUM(J19,L19,N19) -> 0 | Q19: =SUM(K19,M19,O19) -> 0
B20: 5 | C20: =MAESTRO!B9 -> 0 | F20: ='PROM (Agropecuaria 7°)'!AE9 -> #DIV/0! | G20: ='PROM (Agropecuaria 7°)'!BM9 -> #DIV/0! | H20: ='PROM (Agropecuaria 7°)'!CU9 -> #DIV/0! | I20: =TRUNC(AVERAGE(F20:H20),1) -> #DIV/0! | J20: ='Asistencia (7°)'!BI7 -> 0 | K20: ='Asistencia (9°)'!BJ7 -> 0 | L20: ='Asistencia (7°)'!BJ7 -> 0 | M20: ='Asistencia (9°)'!BJ50 -> 0 | N20: ='Asistencia (9°)'!BI95 -> 0 | O20: ='Asistencia (9°)'!BJ95 -> 0 | P20: =SUM(J20,L20,N20) -> 0 | Q20: =SUM(K20,M20,O20) -> 0
B21: 6 | C21: =MAESTRO!B10 -> 0 | F21: ='PROM (Agropecuaria 7°)'!AE10 -> #DIV/0! | G21: ='PROM (Agropecuaria 7°)'!BM10 -> #DIV/0! | H21: ='PROM (Agropecuaria 7°)'!CU10 -> #DIV/0! | I21: =TRUNC(AVERAGE(F21:H21),1) -> #DIV/0! | J21: ='Asistencia (7°)'!BI8 -> 0 | K21: ='Asistencia (9°)'!BJ8 -> 0 | L21: ='Asistencia (7°)'!BJ8 -> 0 | M21: ='Asistencia (9°)'!BJ51 -> 0 | N21: ='Asistencia (9°)'!BI96 -> 0 | O21: ='Asistencia (9°)'!BJ96 -> 0 | P21: =SUM(J21,L21,N21) -> 0 | Q21: =SUM(K21,M21,O21) -> 0
B22: 7 | C22: =MAESTRO!B11 -> 0 | F22: ='PROM (Agropecuaria 7°)'!AE11 -> #DIV/0! | G22: ='PROM (Agropecuaria 7°)'!BM11 -> #DIV/0! | H22: ='PROM (Agropecuaria 7°)'!CU11 -> #DIV/0! | I22: =TRUNC(AVERAGE(F22:H22),1) -> #DIV/0! | J22: ='Asistencia (7°)'!BI9 -> 0 | K22: ='Asistencia (9°)'!BJ9 -> 0 | L22: ='Asistencia (7°)'!BJ9 -> 0 | M22: ='Asistencia (9°)'!BJ52 -> 0 | N22: ='Asistencia (9°)'!BI97 -> 0 | O22: ='Asistencia (9°)'!BJ97 -> 0 | P22: =SUM(J22,L22,N22) -> 0 | Q22: =SUM(K22,M22,O22) -> 0
B23: 8 | C23: =MAESTRO!B12 -> 0 | F23: ='PROM (Agropecuaria 7°)'!AE12 -> #DIV/0! | G23: ='PROM (Agropecuaria 7°)'!BM12 -> #DIV/0! | H23: ='PROM (Agropecuaria 7°)'!CU12 -> #DIV/0! | I23: =TRUNC(AVERAGE(F23:H23),1) -> #DIV/0! | J23: ='Asistencia (7°)'!BI10 -> 0 | K23: ='Asistencia (9°)'!BJ10 -> 0 | L23: ='Asistencia (7°)'!BJ10 -> 0 | M23: ='Asistencia (9°)'!BJ53 -> 0 | N23: ='Asistencia (9°)'!BI98 -> 0 | O23: ='Asistencia (9°)'!BJ98 -> 0 | P23: =SUM(J23,L23,N23) -> 0 | Q23: =SUM(K23,M23,O23) -> 0
B24: 9 | C24: =MAESTRO!B13 -> 0 | F24: ='PROM (Agropecuaria 7°)'!AE13 -> #DIV/0! | G24: ='PROM (Agropecuaria 7°)'!BM13 -> #DIV/0! | H24: ='PROM (Agropecuaria 7°)'!CU13 -> #DIV/0! | I24: =TRUNC(AVERAGE(F24:H24),1) -> #DIV/0! | J24: ='Asistencia (7°)'!BI11 -> 0 | K24: ='Asistencia (9°)'!BJ11 -> 0 | L24: ='Asistencia (7°)'!BJ11 -> 0 | M24: ='Asistencia (9°)'!BJ54 -> 0 | N24: ='Asistencia (9°)'!BI99 -> 0 | O24: ='Asistencia (9°)'!BJ99 -> 0 | P24: =SUM(J24,L24,N24) -> 0 | Q24: =SUM(K24,M24,O24) -> 0
B25: 10 | C25: =MAESTRO!B14 -> 0 | F25: ='PROM (Agropecuaria 7°)'!AE14 -> #DIV/0! | G25: ='PROM (Agropecuaria 7°)'!BM14 -> #DIV/0! | H25: ='PROM (Agropecuaria 7°)'!CU14 -> #DIV/0! | I25: =TRUNC(AVERAGE(F25:H25),1) -> #DIV/0! | J25: ='Asistencia (7°)'!BI12 -> 0 | K25: ='Asistencia (9°)'!BJ12 -> 0 | L25: ='Asistencia (7°)'!BJ12 -> 0 | M25: ='Asistencia (9°)'!BJ55 -> 0 | N25: ='Asistencia (9°)'!BI100 -> 0 | O25: ='Asistencia (9°)'!BJ100 -> 0 | P25: =SUM(J25,L25,N25) -> 0 | Q25: =SUM(K25,M25,O25) -> 0
B26: 11 | C26: =MAESTRO!B15 -> 0 | F26: ='PROM (Agropecuaria 7°)'!AE15 -> #DIV/0! | G26: ='PROM (Agropecuaria 7°)'!BM15 -> #DIV/0! | H26: ='PROM (Agropecuaria 7°)'!CU15 -> #DIV/0! | I26: =TRUNC(AVERAGE(F26:H26),1) -> #DIV/0! | J26: ='Asistencia (7°)'!BI13 -> 0 | K26: ='Asistencia (9°)'!BJ13 -> 0 | L26: ='Asistencia (7°)'!BJ13 -> 0 | M26: ='Asistencia (9°)'!BJ56 -> 0 | N26: ='Asistencia (9°)'!BI101 -> 0 | O26: ='Asistencia (9°)'!BJ101 -> 0 | P26: =SUM(J26,L26,N26) -> 0 | Q26: =SUM(K26,M26,O26) -> 0
B27: 12 | C27: =MAESTRO!B16 -> 0 | F27: ='PROM (Agropecuaria 7°)'!AE16 -> #DIV/0! | G27: ='PROM (Agropecuaria 7°)'!BM16 -> #DIV/0! | H27: ='PROM (Agropecuaria 7°)'!CU16 -> #DIV/0! | I27: =TRUNC(AVERAGE(F27:H27),1) -> #DIV/0! | J27: ='Asistencia (7°)'!BI14 -> 0 | K27: ='Asistencia (9°)'!BJ14 -> 0 | L27: ='Asistencia (7°)'!BJ14 -> 0 | M27: ='Asistencia (9°)'!BJ57 -> 0 | N27: ='Asistencia (9°)'!BI102 -> 0 | O27: ='Asistencia (9°)'!BJ102 -> 0 | P27: =SUM(J27,L27,N27) -> 0 | Q27: =SUM(K27,M27,O27) -> 0
... B52: 37 | C52: =MAESTRO!B41 -> 0 | F52: ='PROM (Agropecuaria 7°)'!AE41 -> #DIV/0! | G52: ='PROM (Agropecuaria 7°)'!BM41 -> #DIV/0! | H52: ='PROM (Agropecuaria 7°)'!CU41 -> #DIV/0! | I52: =TRUNC(AVERAGE(F52:H52),1) -> #DIV/0! | J52: ='Asistencia (7°)'!BI39 -> 0 | K52: ='Asistencia (9°)'!BJ39 -> 0 | L52: ='Asistencia (7°)'!BJ39 -> 0 | M52: ='Asistencia (9°)'!BJ82 -> 0 | N52: ='Asistencia (9°)'!BI127 -> 0 | O52: ='Asistencia (9°)'!BJ127 -> 0 | P52: =SUM(J52,L52,N52) -> 0 | Q52: =SUM(K52,M52,O52) -> 0
B53: 38 | C53: =MAESTRO!B42 -> 0 | J53: ='Asistencia (7°)'!BI40 -> 0 | L53: ='Asistencia (7°)'!BJ40 -> 0
B54: 39 | C54: =MAESTRO!B43 -> 0 | J54: ='Asistencia (7°)'!BI41 -> 0 | L54: ='Asistencia (7°)'!BJ41 -> 0
C55: =MAESTRO!B44 -> 0 | J55: ='Asistencia (7°)'!BI42 -> 0 | L55: ='Asistencia (7°)'!BJ42 -> 0

Sheet PROM (Ingles 8°)
A1: CALIFICACIONES-PRIMER TRIMESTRE | R1: CALIFICACIONES-PRIMER TRIMESTRE | AH1: CALIFICACIONES-SEGUNDO TRIMESTRE | AY1: CALIFICACIONES-SEGUNDO TRIMESTRE | BP1: CALIFICACIONES-TERCER TIMESTRE | CG1: CALIFICACIONES-TERCER TIMESTRE
B3: NOMBRE ALUMNA-ALUMNO | C3: NOTAS PARCIALES 1/3 | P3: PROMEDIO | R3: NOTAS DE APRECIACIÓN | AA3: PROMEDIO | AB3: PRUEBAS TRIMESTRALES 1/3 | AD3: PROMEDIO | AE3: CALIFICACIÓN TRIMESTRAL | AF3: OBSERVACIONES | AI3: NOMBRE ALUMNA-ALUMNO | AK3: NOTAS PARCIALES 1/3 | AX3: PROMEDIO | AY3: NOTAS DE APRECIACIÓN | BI3: PROMEDIO | BJ3: PRUEBAS BIMESTRALES 1/3 | BL3: PROMEDIO | BM3: CALIFICACIÓN BIMESTRAL | BN3: OBSERVACIONES | BQ3: NOMBRE ALUMNA-ALUMNO | BS3: NOTAS PARCIALES 1/3 | CF3: PROMEDIO | CG3: NOTAS DE APRECIACIÓN | CQ3: PROMEDIO | CR3: PRUEBAS BIMESTRALES 1/3 | CT3: PROMEDIO | CU3: CALIFICACIÓN BIMESTRAL | CV3: OBSERVACIONES
AY4: 171 | AZ4: 45512 | BA4: 45532 | BB4: 45547 | BC4: 45548
A5: 1 | B5: =MAESTRO!D5 -> 0 | P5: =TRUNC(AVERAGE(C5:O5),1) -> #DIV/0! | Q5: 1 | AA5: =TRUNC(AVERAGE(R5:Z5),1) -> #DIV/0! | AD5: =AVERAGE(AB5:AC5) -> #DIV/0! | AE5: =TRUNC(AVERAGE(P5,AA5),1) -> #DIV/0! | AG5: 1 | AH5: 1 | AI5: =B5 -> 0 | AX5: =TRUNC(AVERAGE(AK5:AW5),1) -> #DIV/0! | BI5: =TRUNC(AVERAGE(AY5:BH5),1) -> #DIV/0! | BL5: =AVERAGE(BJ5:BK5) -> #DIV/0! | BM5: =TRUNC(AVERAGE(AX5,BI5),1) -> #DIV/0! | BO5: 1 | BP5: 1 | BQ5: =AI5 -> 0 | CF5: =TRUNC(AVERAGE(BS5:CE5),1) -> #DIV/0! | CQ5: =TRUNC(AVERAGE(CG5:CP5),1) -> #DIV/0! | CT5: =AVERAGE(CR5:CS5) -> #DIV/0! | CU5: =TRUNC(AVERAGE(CF5,CQ5),1) -> #DIV/0! | CW5: 1
